location,date,vaccine,source_url,total_vaccinations,people_vaccinated,people_fully_vaccinated,total_boosters
Bahrain,2020-12-23,"Pfizer/BioNTech, Sinopharm/Beijing",https://twitter.com/MOH_Bahrain/status/1341855276744491009,38965,38965,,
Bahrain,2020-12-24,"Pfizer/BioNTech, Sinopharm/Beijing",https://twitter.com/MOH_Bahrain/status/1342189663688290306,50071,50071,,
Bahrain,2020-12-25,"Pfizer/BioNTech, Sinopharm/Beijing",https://twitter.com/MOH_Bahrain/status/1342560182287667200,50543,50543,,
Bahrain,2020-12-26,"Pfizer/BioNTech, Sinopharm/Beijing",https://twitter.com/MOH_Bahrain/status/1342912135828021248,51556,51556,,
Bahrain,2020-12-27,"Pfizer/BioNTech, Sinopharm/Beijing",https://twitter.com/MOH_Bahrain/status/1343274904259596290,53614,53614,,
Bahrain,2020-12-28,"Pfizer/BioNTech, Sinopharm/Beijing",https://twitter.com/MOH_Bahrain/status/1343640133376077827,55014,55014,,
Bahrain,2020-12-29,"Pfizer/BioNTech, Sinopharm/Beijing",https://twitter.com/MOH_Bahrain/status/1343999609442627588,56041,56041,,
Bahrain,2020-12-30,"Pfizer/BioNTech, Sinopharm/Beijing",https://twitter.com/MOH_Bahrain/status/1344362014995607559,57317,57317,,
Bahrain,2020-12-31,"Pfizer/BioNTech, Sinopharm/Beijing",https://twitter.com/MOH_Bahrain/status/1344726256521261064,58643,58643,,
Bahrain,2021-01-01,"Pfizer/BioNTech, Sinopharm/Beijing",https://twitter.com/MOH_Bahrain/status/1345086925414277123,59351,59351,,
Bahrain,2021-01-02,"Pfizer/BioNTech, Sinopharm/Beijing",https://twitter.com/MOH_Bahrain/status/1345450650495307778,60097,60097,,
Bahrain,2021-01-03,"Pfizer/BioNTech, Sinopharm/Beijing",https://twitter.com/MOH_Bahrain/status/1345812985516859395,60689,60689,,
Bahrain,2021-01-04,"Pfizer/BioNTech, Sinopharm/Beijing",https://twitter.com/MOH_Bahrain/status/1346173998024040451,61612,61612,,
Bahrain,2021-01-05,"Pfizer/BioNTech, Sinopharm/Beijing",https://twitter.com/MOH_Bahrain/status/1346544909399044096,63893,63893,,
Bahrain,2021-01-06,"Pfizer/BioNTech, Sinopharm/Beijing",https://twitter.com/MOH_Bahrain/status/1346919458615554056,68472,68472,,
Bahrain,2021-01-07,"Pfizer/BioNTech, Sinopharm/Beijing",https://twitter.com/MOH_Bahrain/status/1347269708467339264,72239,72239,,
Bahrain,2021-01-08,"Pfizer/BioNTech, Sinopharm/Beijing",https://twitter.com/MOH_Bahrain/status/1347636465635905538,78291,78291,,
Bahrain,2021-01-09,"Pfizer/BioNTech, Sinopharm/Beijing",https://twitter.com/MOH_Bahrain/status/1347998432615608325,84157,84157,,
Bahrain,2021-01-10,"Pfizer/BioNTech, Sinopharm/Beijing",https://twitter.com/MOH_Bahrain/status/1348359483832086536,89250,89250,,
Bahrain,2021-01-11,"Pfizer/BioNTech, Sinopharm/Beijing",https://twitter.com/MOH_Bahrain/status/1348718836925792262,92598,92598,,
Bahrain,2021-01-12,"Pfizer/BioNTech, Sinopharm/Beijing",https://twitter.com/MOH_Bahrain/status/1349090704123949062,97776,97776,,
Bahrain,2021-01-13,"Pfizer/BioNTech, Sinopharm/Beijing",https://twitter.com/MOH_Bahrain/status/1349446081852166146,,101363,,
Bahrain,2021-01-14,"Pfizer/BioNTech, Sinopharm/Beijing",https://twitter.com/MOH_Bahrain/status/1349809013605748747,,109566,,
Bahrain,2021-01-15,"Pfizer/BioNTech, Sinopharm/Beijing",https://twitter.com/MOH_Bahrain/status/1350171911695847427,,122819,,
Bahrain,2021-01-16,"Pfizer/BioNTech, Sinopharm/Beijing",https://twitter.com/MOH_Bahrain/status/1350548905268801538,,137159,,
Bahrain,2021-01-17,"Pfizer/BioNTech, Sinopharm/Beijing",https://twitter.com/MOH_Bahrain/status/1350896163348738050,,141563,,
Bahrain,2021-01-18,"Pfizer/BioNTech, Sinopharm/Beijing",https://twitter.com/MOH_Bahrain/status/1351261870158700550,,142831,,
Bahrain,2021-01-19,"Pfizer/BioNTech, Sinopharm/Beijing",https://twitter.com/MOH_Bahrain/status/1351630070599839745,,143596,,
Bahrain,2021-01-20,"Pfizer/BioNTech, Sinopharm/Beijing",https://twitter.com/MOH_Bahrain/status/1352360527457091592,,144130,,
Bahrain,2021-01-26,"Pfizer/BioNTech, Sinopharm/Beijing",https://twitter.com/MOH_Bahrain/status/1354172421448884226,,165953,,
Bahrain,2021-01-27,"Pfizer/BioNTech, Sinopharm/Beijing",https://twitter.com/MOH_Bahrain/status/1354534759129440261,,167731,,
Bahrain,2021-01-28,"Pfizer/BioNTech, Sinopharm/Beijing",https://twitter.com/MOH_Bahrain/status/1354897121137319936,,169440,,
Bahrain,2021-01-29,"Pfizer/BioNTech, Sinopharm/Beijing",https://twitter.com/MOH_Bahrain/status/1355259668025782275,,169810,,
Bahrain,2021-01-30,"Pfizer/BioNTech, Sinopharm/Beijing",https://twitter.com/MOH_Bahrain/status/1355621933505802245,,170433,,
Bahrain,2021-01-31,"Pfizer/BioNTech, Sinopharm/Beijing",https://twitter.com/MOH_Bahrain/status/1355984300009795584,,171568,,
Bahrain,2021-02-01,"Pfizer/BioNTech, Sinopharm/Beijing",https://twitter.com/MOH_Bahrain/status/1356346713984954368,,172912,,
Bahrain,2021-02-02,"Pfizer/BioNTech, Sinopharm/Beijing",https://twitter.com/MOH_Bahrain/status/1356709170318372864,,174075,,
Bahrain,2021-02-03,"Pfizer/BioNTech, Sinopharm/Beijing",https://twitter.com/MOH_Bahrain/status/1357071460129517568,,175094,,
Bahrain,2021-02-04,"Pfizer/BioNTech, Sinopharm/Beijing",https://twitter.com/MOH_Bahrain/status/1357433853447729159,,177233,,
Bahrain,2021-02-05,"Pfizer/BioNTech, Sinopharm/Beijing",https://twitter.com/MOH_Bahrain/status/1357796230684942341,,179550,,
Bahrain,2021-02-06,"Pfizer/BioNTech, Sinopharm/Beijing",https://twitter.com/MOH_Bahrain/status/1358158619880079360,,182543,,
Bahrain,2021-02-07,"Pfizer/BioNTech, Sinopharm/Beijing",https://twitter.com/MOH_Bahrain/status/1358521021045878800,,191406,,
Bahrain,2021-02-08,"Pfizer/BioNTech, Sinopharm/Beijing",https://twitter.com/MOH_Bahrain/status/1358883639925354496,,201116,,
Bahrain,2021-02-09,"Pfizer/BioNTech, Sinopharm/Beijing",https://twitter.com/MOH_Bahrain/status/1359245782092767236,,212940,,
Bahrain,2021-02-10,"Pfizer/BioNTech, Sinopharm/Beijing",https://twitter.com/MOH_Bahrain/status/1359608515564871683,,219595,,
Bahrain,2021-02-11,"Pfizer/BioNTech, Sinopharm/Beijing",https://twitter.com/MOH_Bahrain/status/1359970657468116996,,224919,,
Bahrain,2021-02-12,"Pfizer/BioNTech, Sinopharm/Beijing",https://twitter.com/MOH_Bahrain/status/1360333937541799942,,232540,,
Bahrain,2021-02-13,"Pfizer/BioNTech, Sinopharm/Beijing",https://twitter.com/MOH_Bahrain/status/1360697328559140875,,242260,,
Bahrain,2021-02-14,"Pfizer/BioNTech, Sinopharm/Beijing",https://twitter.com/MOH_Bahrain/status/1361057740689461248,,248775,,
Bahrain,2021-02-15,"Pfizer/BioNTech, Sinopharm/Beijing",https://twitter.com/MOH_Bahrain/status/1361420363603734533,,250946,,
Bahrain,2021-02-16,"Pfizer/BioNTech, Sinopharm/Beijing",https://twitter.com/MOH_Bahrain/status/1361785294136180736,,252990,,
Bahrain,2021-02-17,"Pfizer/BioNTech, Sinopharm/Beijing",https://twitter.com/MOH_Bahrain/status/1362144927535267841,,257580,,
Bahrain,2021-02-18,"Pfizer/BioNTech, Sinopharm/Beijing",https://twitter.com/MOH_Bahrain/status/1362507467976970242,,263422,,
Bahrain,2021-02-19,"Pfizer/BioNTech, Sinopharm/Beijing",https://twitter.com/MOH_Bahrain/status/1362869649663266817,,268273,,
Bahrain,2021-02-20,"Pfizer/BioNTech, Sinopharm/Beijing",https://twitter.com/MOH_Bahrain/status/1363232040737533961,,271749,,
Bahrain,2021-02-21,"Pfizer/BioNTech, Sinopharm/Beijing",https://twitter.com/MOH_Bahrain/status/1363594441639030787,,274960,,
Bahrain,2021-02-22,"Pfizer/BioNTech, Sinopharm/Beijing",https://twitter.com/MOH_Bahrain/status/1363959177241124871,,278222,,
Bahrain,2021-02-23,"Pfizer/BioNTech, Sinopharm/Beijing",https://twitter.com/MOH_Bahrain/status/1364319305555468288,,281425,,
Bahrain,2021-02-24,"Pfizer/BioNTech, Sinopharm/Beijing",https://twitter.com/MOH_Bahrain/status/1364681672755736580,,284948,,
Bahrain,2021-02-25,"Pfizer/BioNTech, Sinopharm/Beijing, Sputnik V",https://twitter.com/MOH_Bahrain/status/1365044024827129860,,290103,,
Bahrain,2021-02-26,"Pfizer/BioNTech, Sinopharm/Beijing, Sputnik V",https://twitter.com/MOH_Bahrain/status/1365406359714414597,,292917,,
Bahrain,2021-02-27,"Oxford/AstraZeneca, Pfizer/BioNTech, Sinopharm/Beijing, Sputnik V",https://twitter.com/MOH_Bahrain/status/1365770009713197056,,295296,,
Bahrain,2021-02-28,"Oxford/AstraZeneca, Pfizer/BioNTech, Sinopharm/Beijing, Sputnik V",https://twitter.com/MOH_Bahrain/status/1366131147823075332,,298171,,
Bahrain,2021-03-01,"Oxford/AstraZeneca, Pfizer/BioNTech, Sinopharm/Beijing, Sputnik V",https://twitter.com/MOH_Bahrain/status/1366495113195773955,,301103,,
Bahrain,2021-03-02,"Oxford/AstraZeneca, Pfizer/BioNTech, Sinopharm/Beijing, Sputnik V",https://twitter.com/MOH_Bahrain/status/1366856063992160265,,302671,,
Bahrain,2021-03-03,"Oxford/AstraZeneca, Pfizer/BioNTech, Sinopharm/Beijing, Sputnik V",https://twitter.com/MOH_Bahrain/status/1367218322799030277,,303962,,
Bahrain,2021-03-04,"Oxford/AstraZeneca, Pfizer/BioNTech, Sinopharm/Beijing, Sputnik V",https://twitter.com/MOH_Bahrain/status/1367580708538097667,,305619,,
Bahrain,2021-03-05,"Oxford/AstraZeneca, Pfizer/BioNTech, Sinopharm/Beijing, Sputnik V",https://twitter.com/MOH_Bahrain/status/1367943100207882248,,307142,,
Bahrain,2021-03-06,"Oxford/AstraZeneca, Pfizer/BioNTech, Sinopharm/Beijing, Sputnik V",https://twitter.com/MOH_Bahrain/status/1368305486689402880,506519,307145,199374,
Bahrain,2021-03-07,"Oxford/AstraZeneca, Pfizer/BioNTech, Sinopharm/Beijing, Sputnik V",https://twitter.com/MOH_Bahrain/status/1368667925461229568,509907,308465,201442,
Bahrain,2021-03-08,"Oxford/AstraZeneca, Pfizer/BioNTech, Sinopharm/Beijing, Sputnik V",https://twitter.com/MOH_Bahrain/status/1369030241944023043,512420,309741,202679,
Bahrain,2021-03-09,"Oxford/AstraZeneca, Pfizer/BioNTech, Sinopharm/Beijing, Sputnik V",https://twitter.com/MOH_Bahrain/status/1369392653306130433,514559,310644,203915,
Bahrain,2021-03-10,"Oxford/AstraZeneca, Pfizer/BioNTech, Sinopharm/Beijing, Sputnik V",https://twitter.com/MOH_Bahrain/status/1369755048167759876,517901,311829,206072,
Bahrain,2021-03-11,"Oxford/AstraZeneca, Pfizer/BioNTech, Sinopharm/Beijing, Sputnik V",https://healthalert.gov.bh/en/,520429,312104,208325,
Bahrain,2021-03-12,"Oxford/AstraZeneca, Pfizer/BioNTech, Sinopharm/Beijing, Sputnik V",https://healthalert.gov.bh/en/,522344,312119,210225,
Bahrain,2021-03-13,"Oxford/AstraZeneca, Pfizer/BioNTech, Sinopharm/Beijing, Sputnik V",https://healthalert.gov.bh/en/,534625,322508,212117,
Bahrain,2021-03-14,"Oxford/AstraZeneca, Pfizer/BioNTech, Sinopharm/Beijing, Sputnik V",https://healthalert.gov.bh/en/,551197,337016,214181,
Bahrain,2021-03-15,"Oxford/AstraZeneca, Pfizer/BioNTech, Sinopharm/Beijing, Sputnik V",https://healthalert.gov.bh/en/,566796,349970,216826,
Bahrain,2021-03-16,"Oxford/AstraZeneca, Pfizer/BioNTech, Sinopharm/Beijing, Sputnik V",https://healthalert.gov.bh/en/,580539,361241,219298,
Bahrain,2021-03-17,"Oxford/AstraZeneca, Pfizer/BioNTech, Sinopharm/Beijing, Sputnik V",https://healthalert.gov.bh/en/,597446,374873,222573,
Bahrain,2021-03-18,"Oxford/AstraZeneca, Pfizer/BioNTech, Sinopharm/Beijing, Sputnik V",https://healthalert.gov.bh/en/,613946,386426,227520,
Bahrain,2021-03-19,"Oxford/AstraZeneca, Pfizer/BioNTech, Sinopharm/Beijing, Sputnik V",https://healthalert.gov.bh/en/,626751,396356,230395,
Bahrain,2021-03-20,"Oxford/AstraZeneca, Pfizer/BioNTech, Sinopharm/Beijing, Sputnik V",https://healthalert.gov.bh/en/,640104,407322,232782,
Bahrain,2021-03-21,"Oxford/AstraZeneca, Pfizer/BioNTech, Sinopharm/Beijing, Sputnik V",https://healthalert.gov.bh/en/,653236,417364,235872,
Bahrain,2021-03-22,"Oxford/AstraZeneca, Pfizer/BioNTech, Sinopharm/Beijing, Sputnik V",https://healthalert.gov.bh/en/,667155,428240,238915,
Bahrain,2021-03-23,"Oxford/AstraZeneca, Pfizer/BioNTech, Sinopharm/Beijing, Sputnik V",https://healthalert.gov.bh/en/,680081,439433,240648,
Bahrain,2021-03-24,"Oxford/AstraZeneca, Pfizer/BioNTech, Sinopharm/Beijing, Sputnik V",https://healthalert.gov.bh/en/,694679,452551,242128,
Bahrain,2021-03-25,"Oxford/AstraZeneca, Pfizer/BioNTech, Sinopharm/Beijing, Sputnik V",https://healthalert.gov.bh/en/,707980,464040,243940,
Bahrain,2021-03-26,"Oxford/AstraZeneca, Pfizer/BioNTech, Sinopharm/Beijing, Sputnik V",https://healthalert.gov.bh/en/,717408,471927,245481,
Bahrain,2021-03-27,"Oxford/AstraZeneca, Pfizer/BioNTech, Sinopharm/Beijing, Sputnik V",https://healthalert.gov.bh/en/,724001,478094,245907,
Bahrain,2021-03-28,"Oxford/AstraZeneca, Pfizer/BioNTech, Sinopharm/Beijing, Sputnik V",https://healthalert.gov.bh/en/,735717,487640,248077,
Bahrain,2021-03-29,"Oxford/AstraZeneca, Pfizer/BioNTech, Sinopharm/Beijing, Sputnik V",https://healthalert.gov.bh/en/,747008,496492,250516,
Bahrain,2021-03-30,"Oxford/AstraZeneca, Pfizer/BioNTech, Sinopharm/Beijing, Sputnik V",https://healthalert.gov.bh/en/,755549,502541,253008,
Bahrain,2021-03-31,"Oxford/AstraZeneca, Pfizer/BioNTech, Sinopharm/Beijing, Sputnik V",https://healthalert.gov.bh/en/,766317,510877,255440,
Bahrain,2021-04-01,"Oxford/AstraZeneca, Pfizer/BioNTech, Sinopharm/Beijing, Sputnik V",https://healthalert.gov.bh/en/,775196,517603,257593,
Bahrain,2021-04-02,"Oxford/AstraZeneca, Pfizer/BioNTech, Sinopharm/Beijing, Sputnik V",https://healthalert.gov.bh/en/,782530,522955,259575,
Bahrain,2021-04-03,"Oxford/AstraZeneca, Pfizer/BioNTech, Sinopharm/Beijing, Sputnik V",https://healthalert.gov.bh/en/,797924,527339,270585,
Bahrain,2021-04-04,"Oxford/AstraZeneca, Pfizer/BioNTech, Sinopharm/Beijing, Sputnik V",https://healthalert.gov.bh/en/,817379,530415,286964,
Bahrain,2021-04-05,"Oxford/AstraZeneca, Pfizer/BioNTech, Sinopharm/Beijing, Sputnik V",https://healthalert.gov.bh/en/,836788,534356,302432,
Bahrain,2021-04-06,"Oxford/AstraZeneca, Pfizer/BioNTech, Sinopharm/Beijing, Sputnik V",https://healthalert.gov.bh/en/,856326,539956,316370,
Bahrain,2021-04-07,"Oxford/AstraZeneca, Pfizer/BioNTech, Sinopharm/Beijing, Sputnik V",https://healthalert.gov.bh/en/,879825,546540,333285,
Bahrain,2021-04-08,"Oxford/AstraZeneca, Pfizer/BioNTech, Sinopharm/Beijing, Sputnik V",https://healthalert.gov.bh/en/,900875,552084,348791,
Bahrain,2021-04-09,"Oxford/AstraZeneca, Pfizer/BioNTech, Sinopharm/Beijing, Sputnik V",https://healthalert.gov.bh/en/,919222,557298,361924,
Bahrain,2021-04-10,"Oxford/AstraZeneca, Pfizer/BioNTech, Sinopharm/Beijing, Sputnik V",https://healthalert.gov.bh/en/,939068,562253,376815,
Bahrain,2021-04-11,"Oxford/AstraZeneca, Pfizer/BioNTech, Sinopharm/Beijing, Sputnik V",https://healthalert.gov.bh/en/,956471,565171,391300,
Bahrain,2021-04-12,"Oxford/AstraZeneca, Pfizer/BioNTech, Sinopharm/Beijing, Sputnik V",https://healthalert.gov.bh/en/,973982,568892,405090,
Bahrain,2021-04-13,"Oxford/AstraZeneca, Pfizer/BioNTech, Sinopharm/Beijing, Sputnik V",https://healthalert.gov.bh/en/,989363,573564,415799,
Bahrain,2021-04-14,"Oxford/AstraZeneca, Pfizer/BioNTech, Sinopharm/Beijing, Sputnik V",https://healthalert.gov.bh/en/,1008746,578085,430661,
Bahrain,2021-04-15,"Oxford/AstraZeneca, Pfizer/BioNTech, Sinopharm/Beijing, Sputnik V",https://healthalert.gov.bh/en/,1028323,582461,445862,
Bahrain,2021-04-16,"Oxford/AstraZeneca, Pfizer/BioNTech, Sinopharm/Beijing, Sputnik V",https://healthalert.gov.bh/en/,1042463,586279,456184,
Bahrain,2021-04-17,"Oxford/AstraZeneca, Pfizer/BioNTech, Sinopharm/Beijing, Sputnik V",https://healthalert.gov.bh/en/,1055050,591761,463289,
Bahrain,2021-04-18,"Oxford/AstraZeneca, Pfizer/BioNTech, Sinopharm/Beijing, Sputnik V",https://healthalert.gov.bh/en/,1077488,602644,474844,
Bahrain,2021-04-19,"Oxford/AstraZeneca, Pfizer/BioNTech, Sinopharm/Beijing, Sputnik V",https://healthalert.gov.bh/en/,1097352,612834,484518,
Bahrain,2021-04-20,"Oxford/AstraZeneca, Pfizer/BioNTech, Sinopharm/Beijing, Sputnik V",https://healthalert.gov.bh/en/,1118519,627047,491472,
Bahrain,2021-04-21,"Oxford/AstraZeneca, Pfizer/BioNTech, Sinopharm/Beijing, Sputnik V",https://healthalert.gov.bh/en/,1137478,637548,499930,
Bahrain,2021-04-22,"Oxford/AstraZeneca, Pfizer/BioNTech, Sinopharm/Beijing, Sputnik V",https://healthalert.gov.bh/en/,1149633,642572,507061,
Bahrain,2021-04-23,"Oxford/AstraZeneca, Pfizer/BioNTech, Sinopharm/Beijing, Sputnik V",https://healthalert.gov.bh/en/,1156806,646919,509887,
Bahrain,2021-04-24,"Oxford/AstraZeneca, Pfizer/BioNTech, Sinopharm/Beijing, Sputnik V",https://healthalert.gov.bh/en/,1168650,652170,516480,
Bahrain,2021-04-25,"Oxford/AstraZeneca, Pfizer/BioNTech, Sinopharm/Beijing, Sputnik V",https://healthalert.gov.bh/en/,1180735,659990,520745,
Bahrain,2021-04-26,"Oxford/AstraZeneca, Pfizer/BioNTech, Sinopharm/Beijing, Sputnik V",https://healthalert.gov.bh/en/,1193039,667979,525060,
Bahrain,2021-04-27,"Oxford/AstraZeneca, Pfizer/BioNTech, Sinopharm/Beijing, Sputnik V",https://healthalert.gov.bh/en/,1206763,676945,529818,
Bahrain,2021-04-28,"Oxford/AstraZeneca, Pfizer/BioNTech, Sinopharm/Beijing, Sputnik V",https://healthalert.gov.bh/en/,1216359,681686,534673,
Bahrain,2021-04-29,"Oxford/AstraZeneca, Pfizer/BioNTech, Sinopharm/Beijing, Sputnik V",https://healthalert.gov.bh/en/,1224175,685353,538822,
Bahrain,2021-04-30,"Oxford/AstraZeneca, Pfizer/BioNTech, Sinopharm/Beijing, Sputnik V",https://healthalert.gov.bh/en/,1235170,693423,541747,
Bahrain,2021-05-01,"Oxford/AstraZeneca, Pfizer/BioNTech, Sinopharm/Beijing, Sputnik V",https://healthalert.gov.bh/en/,1246239,701922,544317,
Bahrain,2021-05-02,"Oxford/AstraZeneca, Pfizer/BioNTech, Sinopharm/Beijing, Sputnik V",https://healthalert.gov.bh/en/,1264087,717024,547063,
Bahrain,2021-05-03,"Oxford/AstraZeneca, Pfizer/BioNTech, Sinopharm/Beijing, Sputnik V",https://healthalert.gov.bh/en/,1283303,732644,550659,
Bahrain,2021-05-04,"Oxford/AstraZeneca, Pfizer/BioNTech, Sinopharm/Beijing, Sputnik V",https://healthalert.gov.bh/en/,1301773,747409,554364,
Bahrain,2021-05-05,"Oxford/AstraZeneca, Pfizer/BioNTech, Sinopharm/Beijing, Sputnik V",https://healthalert.gov.bh/en/,1318506,759975,558531,
Bahrain,2021-05-06,"Oxford/AstraZeneca, Pfizer/BioNTech, Sinopharm/Beijing, Sputnik V",https://healthalert.gov.bh/en/,1334658,772205,562453,
Bahrain,2021-05-07,"Oxford/AstraZeneca, Pfizer/BioNTech, Sinopharm/Beijing, Sputnik V",https://healthalert.gov.bh/en/,1347062,780894,566168,
Bahrain,2021-05-08,"Oxford/AstraZeneca, Pfizer/BioNTech, Sinopharm/Beijing, Sputnik V",https://healthalert.gov.bh/en/,1357817,787455,570362,
Bahrain,2021-05-09,"Oxford/AstraZeneca, Pfizer/BioNTech, Sinopharm/Beijing, Sputnik V",https://healthalert.gov.bh/en/,1375967,797181,578786,
Bahrain,2021-05-10,"Oxford/AstraZeneca, Pfizer/BioNTech, Sinopharm/Beijing, Sputnik V",https://healthalert.gov.bh/en/,1394873,806143,588730,
Bahrain,2021-05-11,"Oxford/AstraZeneca, Pfizer/BioNTech, Sinopharm/Beijing, Sputnik V",https://healthalert.gov.bh/en/,1416118,813728,602390,
Bahrain,2021-05-12,"Oxford/AstraZeneca, Pfizer/BioNTech, Sinopharm/Beijing, Sputnik V",https://healthalert.gov.bh/en/,1434023,821210,612813,
Bahrain,2021-05-13,"Oxford/AstraZeneca, Pfizer/BioNTech, Sinopharm/Beijing, Sputnik V",https://healthalert.gov.bh/en/,1440591,823452,617139,
Bahrain,2021-05-14,"Oxford/AstraZeneca, Pfizer/BioNTech, Sinopharm/Beijing, Sputnik V",https://healthalert.gov.bh/en/,1447963,826748,621215,
Bahrain,2021-05-15,"Oxford/AstraZeneca, Pfizer/BioNTech, Sinopharm/Beijing, Sputnik V",https://healthalert.gov.bh/en/,1456417,830033,626384,
Bahrain,2021-05-16,"Oxford/AstraZeneca, Pfizer/BioNTech, Sinopharm/Beijing, Sputnik V",https://healthalert.gov.bh/en/,1472955,838719,634236,
Bahrain,2021-05-17,"Oxford/AstraZeneca, Pfizer/BioNTech, Sinopharm/Beijing, Sputnik V",https://healthalert.gov.bh/en/,1489951,847764,642187,
Bahrain,2021-05-18,"Oxford/AstraZeneca, Pfizer/BioNTech, Sinopharm/Beijing, Sputnik V",https://healthalert.gov.bh/en/,1506875,855529,651346,
Bahrain,2021-05-19,"Oxford/AstraZeneca, Pfizer/BioNTech, Sinopharm/Beijing, Sputnik V",https://healthalert.gov.bh/en/,1519373,861398,657975,
Bahrain,2021-05-20,"Oxford/AstraZeneca, Pfizer/BioNTech, Sinopharm/Beijing, Sputnik V",https://healthalert.gov.bh/en/,1531600,868121,663479,
Bahrain,2021-05-21,"Oxford/AstraZeneca, Pfizer/BioNTech, Sinopharm/Beijing, Sputnik V",https://healthalert.gov.bh/en/,1545157,872025,673132,
Bahrain,2021-05-22,"Oxford/AstraZeneca, Pfizer/BioNTech, Sinopharm/Beijing, Sputnik V",https://healthalert.gov.bh/en/,1559663,876440,683223,
Bahrain,2021-05-23,"Oxford/AstraZeneca, Pfizer/BioNTech, Sinopharm/Beijing, Sputnik V",https://healthalert.gov.bh/en/,1580103,880795,699308,
Bahrain,2021-05-24,"Oxford/AstraZeneca, Pfizer/BioNTech, Sinopharm/Beijing, Sputnik V",https://healthalert.gov.bh/en/,1601682,884922,716760,
Bahrain,2021-05-25,"Oxford/AstraZeneca, Pfizer/BioNTech, Sinopharm/Beijing, Sputnik V",https://healthalert.gov.bh/en/,1621198,888488,732710,
Bahrain,2021-05-26,"Oxford/AstraZeneca, Pfizer/BioNTech, Sinopharm/Beijing, Sputnik V",https://healthalert.gov.bh/en/,1638092,892030,746062,
Bahrain,2021-05-27,"Oxford/AstraZeneca, Pfizer/BioNTech, Sinopharm/Beijing, Sputnik V",https://healthalert.gov.bh/en/,1655790,897414,758376,
Bahrain,2021-05-28,"Oxford/AstraZeneca, Pfizer/BioNTech, Sinopharm/Beijing, Sputnik V",https://healthalert.gov.bh/en/,1671687,905133,766554,
Bahrain,2021-05-29,"Oxford/AstraZeneca, Pfizer/BioNTech, Sinopharm/Beijing, Sputnik V",https://healthalert.gov.bh/en/,1684849,911847,773002,
Bahrain,2021-05-30,"Oxford/AstraZeneca, Pfizer/BioNTech, Sinopharm/Beijing, Sputnik V",https://healthalert.gov.bh/en/,1706904,924530,782374,
Bahrain,2021-05-31,"Oxford/AstraZeneca, Pfizer/BioNTech, Sinopharm/Beijing, Sputnik V",https://healthalert.gov.bh/en/,1732728,941674,791054,
Bahrain,2021-06-01,"Oxford/AstraZeneca, Pfizer/BioNTech, Sinopharm/Beijing, Sputnik V",https://healthalert.gov.bh/en/,1755570,957173,798397,
Bahrain,2021-06-02,"Oxford/AstraZeneca, Pfizer/BioNTech, Sinopharm/Beijing, Sputnik V",https://healthalert.gov.bh/en/,1775070,969225,805845,
Bahrain,2021-06-03,"Oxford/AstraZeneca, Pfizer/BioNTech, Sinopharm/Beijing, Sputnik V",https://healthalert.gov.bh/en/,1788987,980436,808551,
Bahrain,2021-06-04,"Oxford/AstraZeneca, Pfizer/BioNTech, Sinopharm/Beijing, Sputnik V",https://healthalert.gov.bh/en/,1804659,992747,811912,
Bahrain,2021-06-05,"Oxford/AstraZeneca, Pfizer/BioNTech, Sinopharm/Beijing, Sputnik V",https://healthalert.gov.bh/en/,1813734,998504,815230,
Bahrain,2021-06-06,"Oxford/AstraZeneca, Pfizer/BioNTech, Sinopharm/Beijing, Sputnik V",https://healthalert.gov.bh/en/,1826466,1002977,823489,
Bahrain,2021-06-07,"Oxford/AstraZeneca, Pfizer/BioNTech, Sinopharm/Beijing, Sputnik V",https://healthalert.gov.bh/en/,1838561,1006617,831944,
Bahrain,2021-06-08,"Oxford/AstraZeneca, Pfizer/BioNTech, Sinopharm/Beijing, Sputnik V",https://healthalert.gov.bh/en/,1849847,1010162,839685,
Bahrain,2021-06-09,"Oxford/AstraZeneca, Pfizer/BioNTech, Sinopharm/Beijing, Sputnik V",https://healthalert.gov.bh/en/,1859585,1014105,845480,
Bahrain,2021-06-10,"Oxford/AstraZeneca, Pfizer/BioNTech, Sinopharm/Beijing, Sputnik V",https://healthalert.gov.bh/en/,1869888,1017757,852131,
Bahrain,2021-06-11,"Oxford/AstraZeneca, Pfizer/BioNTech, Sinopharm/Beijing, Sputnik V",https://healthalert.gov.bh/en/,1876554,1020656,855898,
Bahrain,2021-06-12,"Oxford/AstraZeneca, Pfizer/BioNTech, Sinopharm/Beijing, Sputnik V",https://healthalert.gov.bh/en/,1883641,1023463,860178,
Bahrain,2021-06-13,"Oxford/AstraZeneca, Pfizer/BioNTech, Sinopharm/Beijing, Sputnik V",https://healthalert.gov.bh/en/,1891596,1026666,864930,
Bahrain,2021-06-14,"Oxford/AstraZeneca, Pfizer/BioNTech, Sinopharm/Beijing, Sputnik V",https://healthalert.gov.bh/en/,1899552,1030627,868925,
Bahrain,2021-06-15,"Oxford/AstraZeneca, Pfizer/BioNTech, Sinopharm/Beijing, Sputnik V",https://healthalert.gov.bh/en/,1905340,1032832,872508,
Bahrain,2021-06-16,"Oxford/AstraZeneca, Pfizer/BioNTech, Sinopharm/Beijing, Sputnik V",https://healthalert.gov.bh/en/,1911076,1034974,876102,
Bahrain,2021-06-17,"Oxford/AstraZeneca, Pfizer/BioNTech, Sinopharm/Beijing, Sputnik V",https://healthalert.gov.bh/en/,1917308,1037162,880146,
Bahrain,2021-06-18,"Oxford/AstraZeneca, Pfizer/BioNTech, Sinopharm/Beijing, Sputnik V",https://healthalert.gov.bh/en/,1925432,1039962,885470,
Bahrain,2021-06-19,"Oxford/AstraZeneca, Pfizer/BioNTech, Sinopharm/Beijing, Sputnik V",https://healthalert.gov.bh/en/,1932506,1041584,890922,
Bahrain,2021-06-20,"Oxford/AstraZeneca, Pfizer/BioNTech, Sinopharm/Beijing, Sputnik V",https://healthalert.gov.bh/en/,1943301,1043787,899514,
Bahrain,2021-06-21,"Oxford/AstraZeneca, Pfizer/BioNTech, Sinopharm/Beijing, Sputnik V",https://healthalert.gov.bh/en/,1955753,1045317,910436,
Bahrain,2021-06-22,"Oxford/AstraZeneca, Pfizer/BioNTech, Sinopharm/Beijing, Sputnik V",https://healthalert.gov.bh/en/,1968183,1046710,921473,
Bahrain,2021-06-23,"Oxford/AstraZeneca, Pfizer/BioNTech, Sinopharm/Beijing, Sputnik V",https://healthalert.gov.bh/en/,1978826,1048212,930614,
Bahrain,2021-06-24,"Oxford/AstraZeneca, Pfizer/BioNTech, Sinopharm/Beijing, Sputnik V",https://healthalert.gov.bh/en/,1993321,1049228,944093,
Bahrain,2021-06-25,"Oxford/AstraZeneca, Pfizer/BioNTech, Sinopharm/Beijing, Sputnik V",https://healthalert.gov.bh/en/,2009717,1050190,959527,
Bahrain,2021-06-26,"Oxford/AstraZeneca, Pfizer/BioNTech, Sinopharm/Beijing, Sputnik V",https://healthalert.gov.bh/en/,2019313,1050788,968525,
Bahrain,2021-06-27,"Oxford/AstraZeneca, Pfizer/BioNTech, Sinopharm/Beijing, Sputnik V",https://healthalert.gov.bh/en/,2027964,1052795,975169,
Bahrain,2021-06-28,"Oxford/AstraZeneca, Pfizer/BioNTech, Sinopharm/Beijing, Sputnik V",https://healthalert.gov.bh/en/,2109775,1054837,979113,
Bahrain,2021-06-29,"Oxford/AstraZeneca, Pfizer/BioNTech, Sinopharm/Beijing, Sputnik V",https://healthalert.gov.bh/en/,2116497,1056575,983247,
Bahrain,2021-06-30,"Oxford/AstraZeneca, Pfizer/BioNTech, Sinopharm/Beijing, Sputnik V",https://healthalert.gov.bh/en/,2122296,1057888,987140,
Bahrain,2021-07-01,"Oxford/AstraZeneca, Pfizer/BioNTech, Sinopharm/Beijing, Sputnik V",https://healthalert.gov.bh/en/,2128340,1059186,991125,
Bahrain,2021-07-02,"Oxford/AstraZeneca, Pfizer/BioNTech, Sinopharm/Beijing, Sputnik V",https://healthalert.gov.bh/en/,2133703,1061023,993896,
Bahrain,2021-07-03,"Oxford/AstraZeneca, Pfizer/BioNTech, Sinopharm/Beijing, Sputnik V",https://healthalert.gov.bh/en/,2139789,1071685,996404,
Bahrain,2021-07-04,"Oxford/AstraZeneca, Pfizer/BioNTech, Sinopharm/Beijing, Sputnik V",https://healthalert.gov.bh/en/,2147153,1074175,1000567,
Bahrain,2021-07-05,"Oxford/AstraZeneca, Pfizer/BioNTech, Sinopharm/Beijing, Sputnik V",https://healthalert.gov.bh/en/,2154001,1075940,1005161,
Bahrain,2021-07-06,"Oxford/AstraZeneca, Pfizer/BioNTech, Sinopharm/Beijing, Sputnik V",https://healthalert.gov.bh/en/,2159252,1077727,1008024,
Bahrain,2021-07-07,"Oxford/AstraZeneca, Pfizer/BioNTech, Sinopharm/Beijing, Sputnik V",https://healthalert.gov.bh/en/,2166288,1079873,1010882,
Bahrain,2021-07-08,"Oxford/AstraZeneca, Pfizer/BioNTech, Sinopharm/Beijing, Sputnik V",https://healthalert.gov.bh/en/,2173357,1081364,1013728,
Bahrain,2021-07-09,"Oxford/AstraZeneca, Pfizer/BioNTech, Sinopharm/Beijing, Sputnik V",https://healthalert.gov.bh/en/,2180164,1082604,1017365,
Bahrain,2021-07-10,"Oxford/AstraZeneca, Pfizer/BioNTech, Sinopharm/Beijing, Sputnik V",https://healthalert.gov.bh/en/,2186552,1085083,1018988,
Bahrain,2021-07-11,"Oxford/AstraZeneca, Pfizer/BioNTech, Sinopharm/Beijing, Sputnik V",https://healthalert.gov.bh/en/,2193232,1086557,1021658,
Bahrain,2021-07-12,"Oxford/AstraZeneca, Pfizer/BioNTech, Sinopharm/Beijing, Sputnik V",https://healthalert.gov.bh/en/,2201080,1088415,1023415,
Bahrain,2021-07-13,"Oxford/AstraZeneca, Pfizer/BioNTech, Sinopharm/Beijing, Sputnik V",https://healthalert.gov.bh/en/,2208740,1090109,1025112,
Bahrain,2021-07-14,"Oxford/AstraZeneca, Pfizer/BioNTech, Sinopharm/Beijing, Sputnik V",https://healthalert.gov.bh/en/,2215966,1091685,1026749,
Bahrain,2021-07-15,"Oxford/AstraZeneca, Pfizer/BioNTech, Sinopharm/Beijing, Sputnik V",https://healthalert.gov.bh/en/,2224916,1093021,1028011,
Bahrain,2021-07-16,"Oxford/AstraZeneca, Pfizer/BioNTech, Sinopharm/Beijing, Sputnik V",https://healthalert.gov.bh/en/,2230234,1093905,1029835,
Bahrain,2021-07-17,"Oxford/AstraZeneca, Pfizer/BioNTech, Sinopharm/Beijing, Sputnik V",https://healthalert.gov.bh/en/,2235176,1095036,1030588,
Bahrain,2021-07-18,"Oxford/AstraZeneca, Pfizer/BioNTech, Sinopharm/Beijing, Sputnik V",https://healthalert.gov.bh/en/,2241494,1096309,1032792,
Bahrain,2021-07-19,"Oxford/AstraZeneca, Pfizer/BioNTech, Sinopharm/Beijing, Sputnik V",https://healthalert.gov.bh/en/,2245278,1096716,1034354,
Bahrain,2021-07-20,"Oxford/AstraZeneca, Pfizer/BioNTech, Sinopharm/Beijing, Sputnik V",https://healthalert.gov.bh/en/,2248554,1097355,1035604,
Bahrain,2021-07-21,"Oxford/AstraZeneca, Pfizer/BioNTech, Sinopharm/Beijing, Sputnik V",https://healthalert.gov.bh/en/,2252463,1098334,1036747,
Bahrain,2021-07-22,"Oxford/AstraZeneca, Pfizer/BioNTech, Sinopharm/Beijing, Sputnik V",https://healthalert.gov.bh/en/,2257391,1099361,1038168,
Bahrain,2021-07-23,"Oxford/AstraZeneca, Pfizer/BioNTech, Sinopharm/Beijing, Sputnik V",https://healthalert.gov.bh/en/,2262698,1100267,1039944,
Bahrain,2021-07-24,"Oxford/AstraZeneca, Pfizer/BioNTech, Sinopharm/Beijing, Sputnik V",https://healthalert.gov.bh/en/,2266289,1101005,1041059,
Bahrain,2021-07-25,"Oxford/AstraZeneca, Pfizer/BioNTech, Sinopharm/Beijing, Sputnik V",https://healthalert.gov.bh/en/,2274536,1102454,1044087,
Bahrain,2021-07-26,"Oxford/AstraZeneca, Pfizer/BioNTech, Sinopharm/Beijing, Sputnik V",https://healthalert.gov.bh/en/,2278934,1103611,1045871,
Bahrain,2021-07-27,"Oxford/AstraZeneca, Pfizer/BioNTech, Sinopharm/Beijing, Sputnik V",https://healthalert.gov.bh/en/,2283715,1104678,1047845,
Bahrain,2021-07-28,"Oxford/AstraZeneca, Pfizer/BioNTech, Sinopharm/Beijing, Sputnik V",https://healthalert.gov.bh/en/,2287637,1105717,1049663,
Bahrain,2021-07-29,"Oxford/AstraZeneca, Pfizer/BioNTech, Sinopharm/Beijing, Sputnik V",https://healthalert.gov.bh/en/,2291441,1106716,1051287,
Bahrain,2021-07-30,"Oxford/AstraZeneca, Pfizer/BioNTech, Sinopharm/Beijing, Sputnik V",https://healthalert.gov.bh/en/,2297602,1107217,1052384,
Bahrain,2021-07-31,"Oxford/AstraZeneca, Pfizer/BioNTech, Sinopharm/Beijing, Sputnik V",https://healthalert.gov.bh/en/,2305354,1108252,1055185,
Bahrain,2021-08-01,"Oxford/AstraZeneca, Pfizer/BioNTech, Sinopharm/Beijing, Sputnik V",https://healthalert.gov.bh/en/,2314773,1109612,1057053,
Bahrain,2021-08-02,"Oxford/AstraZeneca, Pfizer/BioNTech, Sinopharm/Beijing, Sputnik V",https://healthalert.gov.bh/en/,2323034,1110867,1058710,
Bahrain,2021-08-03,"Oxford/AstraZeneca, Pfizer/BioNTech, Sinopharm/Beijing, Sputnik V",https://healthalert.gov.bh/en/,2334559,1111826,1059925,
Bahrain,2021-08-04,"Oxford/AstraZeneca, Pfizer/BioNTech, Sinopharm/Beijing, Sputnik V",https://healthalert.gov.bh/en/,2341693,1113645,1061122,
Bahrain,2021-08-05,"Oxford/AstraZeneca, Pfizer/BioNTech, Sinopharm/Beijing, Sputnik V",https://healthalert.gov.bh/en/,2351581,1114908,1062237,
Bahrain,2021-08-06,"Oxford/AstraZeneca, Pfizer/BioNTech, Sinopharm/Beijing, Sputnik V",https://healthalert.gov.bh/en/,2357620,1115550,1062841,
Bahrain,2021-08-07,"Oxford/AstraZeneca, Pfizer/BioNTech, Sinopharm/Beijing, Sputnik V",https://healthalert.gov.bh/en/,2363305,1117818,1063519,
Bahrain,2021-08-08,"Oxford/AstraZeneca, Pfizer/BioNTech, Sinopharm/Beijing, Sputnik V",https://healthalert.gov.bh/en/,2372765,1118900,1064697,
Bahrain,2021-08-09,"Oxford/AstraZeneca, Pfizer/BioNTech, Sinopharm/Beijing, Sputnik V",https://healthalert.gov.bh/en/,2379542,1119784,1065187,
Bahrain,2021-08-10,"Oxford/AstraZeneca, Pfizer/BioNTech, Sinopharm/Beijing, Sputnik V",https://healthalert.gov.bh/en/,2388089,1120943,1066070,
Bahrain,2021-08-11,"Oxford/AstraZeneca, Pfizer/BioNTech, Sinopharm/Beijing, Sputnik V",https://healthalert.gov.bh/en/,2398427,1122139,1067589,
Bahrain,2021-08-12,"Oxford/AstraZeneca, Pfizer/BioNTech, Sinopharm/Beijing, Sputnik V",https://healthalert.gov.bh/en/,2407597,1123384,1068514,
Bahrain,2021-08-13,"Oxford/AstraZeneca, Pfizer/BioNTech, Sinopharm/Beijing, Sputnik V",https://healthalert.gov.bh/en/,2412624,1124366,1069185,
Bahrain,2021-08-14,"Oxford/AstraZeneca, Pfizer/BioNTech, Sinopharm/Beijing, Sputnik V",https://healthalert.gov.bh/en/,2418313,1125422,1069945,
Bahrain,2021-08-15,"Oxford/AstraZeneca, Pfizer/BioNTech, Sinopharm/Beijing, Sputnik V",https://healthalert.gov.bh/en/,2424960,1126331,1071350,
Bahrain,2021-08-16,"Oxford/AstraZeneca, Pfizer/BioNTech, Sinopharm/Beijing, Sputnik V",https://healthalert.gov.bh/en/,2429982,1127298,1072508,
Bahrain,2021-08-17,"Oxford/AstraZeneca, Pfizer/BioNTech, Sinopharm/Beijing, Sputnik V",https://healthalert.gov.bh/en/,2434005,1128205,1073383,
Bahrain,2021-08-18,"Oxford/AstraZeneca, Pfizer/BioNTech, Sinopharm/Beijing, Sputnik V",https://healthalert.gov.bh/en/,2436360,1129009,1074086,
Bahrain,2021-08-19,"Oxford/AstraZeneca, Pfizer/BioNTech, Sinopharm/Beijing, Sputnik V",https://healthalert.gov.bh/en/,2438316,1129629,1074838,
Bahrain,2021-08-20,"Oxford/AstraZeneca, Pfizer/BioNTech, Sinopharm/Beijing, Sputnik V",https://healthalert.gov.bh/en/,2441022,1130698,1075461,
Bahrain,2021-08-21,"Oxford/AstraZeneca, Pfizer/BioNTech, Sinopharm/Beijing, Sputnik V",https://healthalert.gov.bh/en/,2443855,1131465,1076282,
Bahrain,2021-08-22,"Oxford/AstraZeneca, Pfizer/BioNTech, Sinopharm/Beijing, Sputnik V",https://healthalert.gov.bh/en/,2449543,1133403,1077833,
Bahrain,2021-08-23,"Oxford/AstraZeneca, Pfizer/BioNTech, Sinopharm/Beijing, Sputnik V",https://healthalert.gov.bh/en/,2456927,1135011,1078986,
Bahrain,2021-08-24,"Oxford/AstraZeneca, Pfizer/BioNTech, Sinopharm/Beijing, Sputnik V",https://healthalert.gov.bh/en/,2461918,1136983,1079950,
Bahrain,2021-08-25,"Oxford/AstraZeneca, Pfizer/BioNTech, Sinopharm/Beijing, Sputnik V",https://healthalert.gov.bh/en/,2466040,1138225,1081480,
Bahrain,2021-08-26,"Oxford/AstraZeneca, Pfizer/BioNTech, Sinopharm/Beijing, Sputnik V",https://healthalert.gov.bh/en/,2470771,1139666,1082616,
Bahrain,2021-08-27,"Oxford/AstraZeneca, Pfizer/BioNTech, Sinopharm/Beijing, Sputnik V",https://healthalert.gov.bh/en/,2473468,1140968,1083108,
Bahrain,2021-08-28,"Oxford/AstraZeneca, Pfizer/BioNTech, Sinopharm/Beijing, Sputnik V",https://healthalert.gov.bh/en/,2477016,1142176,1085079,
Bahrain,2021-08-29,"Oxford/AstraZeneca, Pfizer/BioNTech, Sinopharm/Beijing, Sputnik V",https://healthalert.gov.bh/en/,2481843,1143653,1086651,
Bahrain,2021-08-30,"Oxford/AstraZeneca, Pfizer/BioNTech, Sinopharm/Beijing, Sputnik V",https://healthalert.gov.bh/en/,2485464,1145386,1087473,
Bahrain,2021-08-31,"Oxford/AstraZeneca, Pfizer/BioNTech, Sinopharm/Beijing, Sputnik V",https://healthalert.gov.bh/en/,2489109,1146939,1088446,
Bahrain,2021-09-01,"Oxford/AstraZeneca, Pfizer/BioNTech, Sinopharm/Beijing, Sputnik V",https://healthalert.gov.bh/en/,2492774,1147647,1089404,
Bahrain,2021-09-02,"Oxford/AstraZeneca, Pfizer/BioNTech, Sinopharm/Beijing, Sputnik V",https://healthalert.gov.bh/en/,2497458,1149200,1090455,
Bahrain,2021-09-03,"Oxford/AstraZeneca, Pfizer/BioNTech, Sinopharm/Beijing, Sputnik V",https://healthalert.gov.bh/en/,2499774,1149512,1091132,
Bahrain,2021-09-04,"Oxford/AstraZeneca, Pfizer/BioNTech, Sinopharm/Beijing, Sputnik V",https://healthalert.gov.bh/en/,2502017,1150055,1091839,
Bahrain,2021-09-05,"Oxford/AstraZeneca, Pfizer/BioNTech, Sinopharm/Beijing, Sputnik V",https://healthalert.gov.bh/en/,2505447,1151100,1092728,
Bahrain,2021-09-06,"Oxford/AstraZeneca, Pfizer/BioNTech, Sinopharm/Beijing, Sputnik V",https://healthalert.gov.bh/en/,2508943,1152040,1093547,
Bahrain,2021-09-07,"Oxford/AstraZeneca, Pfizer/BioNTech, Sinopharm/Beijing, Sputnik V",https://healthalert.gov.bh/en/,2511551,1152893,1094297,
Bahrain,2021-09-08,"Oxford/AstraZeneca, Pfizer/BioNTech, Sinopharm/Beijing, Sputnik V",https://healthalert.gov.bh/en/,2514027,1153858,1094977,
Bahrain,2021-09-09,"Oxford/AstraZeneca, Pfizer/BioNTech, Sinopharm/Beijing, Sputnik V",https://healthalert.gov.bh/en/,2515690,1154586,1095573,
Bahrain,2021-09-10,"Oxford/AstraZeneca, Pfizer/BioNTech, Sinopharm/Beijing, Sputnik V",https://healthalert.gov.bh/en/,2517671,1155065,1096079,
Bahrain,2021-09-11,"Oxford/AstraZeneca, Pfizer/BioNTech, Sinopharm/Beijing, Sputnik V",https://healthalert.gov.bh/en/,2519137,1155692,1096582,
Bahrain,2021-09-12,"Oxford/AstraZeneca, Pfizer/BioNTech, Sinopharm/Beijing, Sputnik V",https://healthalert.gov.bh/en/,2522055,1156523,1097982,
Bahrain,2021-09-13,"Oxford/AstraZeneca, Pfizer/BioNTech, Sinopharm/Beijing, Sputnik V",https://healthalert.gov.bh/en/,2525212,1157435,1099143,
Bahrain,2021-09-14,"Oxford/AstraZeneca, Pfizer/BioNTech, Sinopharm/Beijing, Sputnik V",https://healthalert.gov.bh/en/,2527943,1158123,1100565,
Bahrain,2021-09-15,"Oxford/AstraZeneca, Pfizer/BioNTech, Sinopharm/Beijing, Sputnik V",https://healthalert.gov.bh/en/,2530475,1159039,1101552,
Bahrain,2021-09-16,"Oxford/AstraZeneca, Pfizer/BioNTech, Sinopharm/Beijing, Sputnik V",https://healthalert.gov.bh/en/,2532879,1159722,1102610,
Bahrain,2021-09-17,"Oxford/AstraZeneca, Pfizer/BioNTech, Sinopharm/Beijing, Sputnik V",https://healthalert.gov.bh/en/,2534296,1159989,1103361,
Bahrain,2021-09-18,"Oxford/AstraZeneca, Pfizer/BioNTech, Sinopharm/Beijing, Sputnik V",https://healthalert.gov.bh/en/,2535900,1160375,1104103,
Bahrain,2021-09-19,"Oxford/AstraZeneca, Pfizer/BioNTech, Sinopharm/Beijing, Sputnik V",https://healthalert.gov.bh/en/,2538291,1160955,1105321,
Bahrain,2021-09-20,"Oxford/AstraZeneca, Pfizer/BioNTech, Sinopharm/Beijing, Sputnik V",https://healthalert.gov.bh/en/,2540329,1161519,1106254,
Bahrain,2021-09-21,"Oxford/AstraZeneca, Pfizer/BioNTech, Sinopharm/Beijing, Sputnik V",https://healthalert.gov.bh/en/,2540605,1161576,1106426,
Bahrain,2021-09-22,"Oxford/AstraZeneca, Pfizer/BioNTech, Sinopharm/Beijing, Sputnik V",https://healthalert.gov.bh/en/,2543817,1162457,1107911,
Bahrain,2021-09-23,"Oxford/AstraZeneca, Pfizer/BioNTech, Sinopharm/Beijing, Sputnik V",https://healthalert.gov.bh/en/,2545834,1162821,1108896,
Bahrain,2021-09-24,"Oxford/AstraZeneca, Pfizer/BioNTech, Sinopharm/Beijing, Sputnik V",https://healthalert.gov.bh/en/,2549298,1162976,1109327,
Bahrain,2021-09-25,"Oxford/AstraZeneca, Pfizer/BioNTech, Sinopharm/Beijing, Sputnik V",https://healthalert.gov.bh/en/,2553691,1163222,1109912,
Bahrain,2021-09-26,"Oxford/AstraZeneca, Pfizer/BioNTech, Sinopharm/Beijing, Sputnik V",https://healthalert.gov.bh/en/,2561756,1163701,1111146,
Bahrain,2021-09-27,"Oxford/AstraZeneca, Pfizer/BioNTech, Sinopharm/Beijing, Sputnik V",https://healthalert.gov.bh/en/,2568320,1164122,1112687,
Bahrain,2021-09-28,"Oxford/AstraZeneca, Pfizer/BioNTech, Sinopharm/Beijing, Sputnik V",https://healthalert.gov.bh/en/,2574524,1164311,1114621,
Bahrain,2021-09-29,"Oxford/AstraZeneca, Pfizer/BioNTech, Sinopharm/Beijing, Sputnik V",https://healthalert.gov.bh/en/,2582168,1164760,1117524,
Bahrain,2021-09-30,"Oxford/AstraZeneca, Pfizer/BioNTech, Sinopharm/Beijing, Sputnik V",https://healthalert.gov.bh/en/,2590143,1165178,1119298,
Bahrain,2021-10-01,"Oxford/AstraZeneca, Pfizer/BioNTech, Sinopharm/Beijing, Sputnik V",https://healthalert.gov.bh/en/,2594634,1165374,1119996,
Bahrain,2021-10-02,"Oxford/AstraZeneca, Pfizer/BioNTech, Sinopharm/Beijing, Sputnik V",https://healthalert.gov.bh/en/,2600931,1165652,1120796,
Bahrain,2021-10-03,"Oxford/AstraZeneca, Pfizer/BioNTech, Sinopharm/Beijing, Sputnik V",https://healthalert.gov.bh/en/,2607646,1166068,1122149,
Bahrain,2021-10-04,"Oxford/AstraZeneca, Pfizer/BioNTech, Sinopharm/Beijing, Sputnik V",https://healthalert.gov.bh/en/,2616019,1166419,1123426,
Bahrain,2021-10-05,"Oxford/AstraZeneca, Pfizer/BioNTech, Sinopharm/Beijing, Sputnik V",https://healthalert.gov.bh/en/,2623682,1166715,1124459,
Bahrain,2021-10-06,"Oxford/AstraZeneca, Pfizer/BioNTech, Sinopharm/Beijing, Sputnik V",https://healthalert.gov.bh/en/,2630725,1166815,1125718,
Bahrain,2021-10-07,"Oxford/AstraZeneca, Pfizer/BioNTech, Sinopharm/Beijing, Sputnik V",https://healthalert.gov.bh/en/,2639743,1167546,1126932,
Bahrain,2021-10-08,"Oxford/AstraZeneca, Pfizer/BioNTech, Sinopharm/Beijing, Sputnik V",https://healthalert.gov.bh/en/,2645484,1167797,1127282,
Bahrain,2021-10-09,"Oxford/AstraZeneca, Pfizer/BioNTech, Sinopharm/Beijing, Sputnik V",https://healthalert.gov.bh/en/,2651709,1167980,1127864,
Bahrain,2021-10-10,"Oxford/AstraZeneca, Pfizer/BioNTech, Sinopharm/Beijing, Sputnik V",https://healthalert.gov.bh/en/,2660632,1168404,1128869,
Bahrain,2021-10-11,"Oxford/AstraZeneca, Pfizer/BioNTech, Sinopharm/Beijing, Sputnik V",https://healthalert.gov.bh/en/,2669575,1168806,1129802,
Bahrain,2021-10-12,"Oxford/AstraZeneca, Pfizer/BioNTech, Sinopharm/Beijing, Sputnik V",https://healthalert.gov.bh/en/,2677073,1169414,1130624,
Bahrain,2021-10-13,"Oxford/AstraZeneca, Pfizer/BioNTech, Sinopharm/Beijing, Sputnik V",https://healthalert.gov.bh/en/,2684265,1169744,1131303,
Bahrain,2021-10-14,"Oxford/AstraZeneca, Pfizer/BioNTech, Sinopharm/Beijing, Sputnik V",https://healthalert.gov.bh/en/,2691511,1170200,1132032,
Bahrain,2021-10-15,"Oxford/AstraZeneca, Pfizer/BioNTech, Sinopharm/Beijing, Sputnik V",https://healthalert.gov.bh/en/,2695771,1170371,1132352,
Bahrain,2021-10-16,"Oxford/AstraZeneca, Pfizer/BioNTech, Sinopharm/Beijing, Sputnik V",https://healthalert.gov.bh/en/,2700105,1170546,1132855,
Bahrain,2021-10-17,"Oxford/AstraZeneca, Pfizer/BioNTech, Sinopharm/Beijing, Sputnik V",https://healthalert.gov.bh/en/,2708159,1171032,1133745,
Bahrain,2021-10-18,"Oxford/AstraZeneca, Pfizer/BioNTech, Sinopharm/Beijing, Sputnik V",https://healthalert.gov.bh/en/,2711191,1171211,1134060,
Bahrain,2021-10-19,"Oxford/AstraZeneca, Pfizer/BioNTech, Sinopharm/Beijing, Sputnik V",https://healthalert.gov.bh/en/,2717213,1171634,1134813,
Bahrain,2021-10-20,"Oxford/AstraZeneca, Pfizer/BioNTech, Sinopharm/Beijing, Sputnik V",https://healthalert.gov.bh/en/,2723459,1172051,1135484,
Bahrain,2021-10-21,"Oxford/AstraZeneca, Pfizer/BioNTech, Sinopharm/Beijing, Sputnik V",https://healthalert.gov.bh/en/,2729703,1172465,1136247,
Bahrain,2021-10-22,"Oxford/AstraZeneca, Pfizer/BioNTech, Sinopharm/Beijing, Sputnik V",https://healthalert.gov.bh/en/,2733001,1172664,1136552,
Bahrain,2021-10-23,"Oxford/AstraZeneca, Pfizer/BioNTech, Sinopharm/Beijing, Sputnik V",https://healthalert.gov.bh/en/,2735992,1172869,1137010,
Bahrain,2021-10-24,"Oxford/AstraZeneca, Pfizer/BioNTech, Sinopharm/Beijing, Sputnik V",https://healthalert.gov.bh/en/,2741537,1173266,1137725,
Bahrain,2021-10-25,"Oxford/AstraZeneca, Pfizer/BioNTech, Sinopharm/Beijing, Sputnik V",https://healthalert.gov.bh/en/,2746461,1173571,1138329,
Bahrain,2021-10-26,"Oxford/AstraZeneca, Pfizer/BioNTech, Sinopharm/Beijing, Sputnik V",https://healthalert.gov.bh/en/,2750639,1173883,1138835,
Bahrain,2021-10-27,"Oxford/AstraZeneca, Pfizer/BioNTech, Sinopharm/Beijing, Sputnik V",https://healthalert.gov.bh/en/,2754752,1174447,1139199,
Bahrain,2021-10-28,"Oxford/AstraZeneca, Pfizer/BioNTech, Sinopharm/Beijing, Sputnik V",https://healthalert.gov.bh/en/,2760368,1175246,1140103,
Bahrain,2021-10-29,"Oxford/AstraZeneca, Pfizer/BioNTech, Sinopharm/Beijing, Sputnik V",https://healthalert.gov.bh/en/,2763633,1176019,1140418,
Bahrain,2021-10-30,"Oxford/AstraZeneca, Pfizer/BioNTech, Sinopharm/Beijing, Sputnik V",https://healthalert.gov.bh/en/,2766392,1176773,1140760,
Bahrain,2021-10-31,"Oxford/AstraZeneca, Pfizer/BioNTech, Sinopharm/Beijing, Sputnik V",https://healthalert.gov.bh/en/,2771330,1177521,1141443,
Bahrain,2021-11-01,"Oxford/AstraZeneca, Pfizer/BioNTech, Sinopharm/Beijing, Sputnik V",https://healthalert.gov.bh/en/,2774965,1177889,1142016,
Bahrain,2021-11-02,"Oxford/AstraZeneca, Pfizer/BioNTech, Sinopharm/Beijing, Sputnik V",https://healthalert.gov.bh/en/,2780756,1178664,1142746,
Bahrain,2021-11-03,"Oxford/AstraZeneca, Pfizer/BioNTech, Sinopharm/Beijing, Sputnik V",https://healthalert.gov.bh/en/,2785040,1179040,1143330,
Bahrain,2021-11-04,"Oxford/AstraZeneca, Pfizer/BioNTech, Sinopharm/Beijing, Sputnik V",https://healthalert.gov.bh/en/,2789813,1179908,1144005,
Bahrain,2021-11-05,"Oxford/AstraZeneca, Pfizer/BioNTech, Sinopharm/Beijing, Sputnik V",https://healthalert.gov.bh/en/,2793284,1180702,1144261,
Bahrain,2021-11-06,"Oxford/AstraZeneca, Pfizer/BioNTech, Sinopharm/Beijing, Sputnik V",https://healthalert.gov.bh/en/,2795851,1181179,1144534,
Bahrain,2021-11-07,"Oxford/AstraZeneca, Pfizer/BioNTech, Sinopharm/Beijing, Sputnik V",https://healthalert.gov.bh/en/,2800525,1181548,1145266,
Bahrain,2021-11-08,"Oxford/AstraZeneca, Pfizer/BioNTech, Sinopharm/Beijing, Sputnik V",https://healthalert.gov.bh/en/,2804342,1181886,1145696,
Bahrain,2021-11-09,"Oxford/AstraZeneca, Pfizer/BioNTech, Sinopharm/Beijing, Sputnik V",https://healthalert.gov.bh/en/,2808112,1182176,1146272,
Bahrain,2021-11-10,"Oxford/AstraZeneca, Pfizer/BioNTech, Sinopharm/Beijing, Sputnik V",https://healthalert.gov.bh/en/,2811711,1182470,1146822,
Bahrain,2021-11-11,"Oxford/AstraZeneca, Pfizer/BioNTech, Sinopharm/Beijing, Sputnik V",https://healthalert.gov.bh/en/,2817356,1182852,1147441,
Bahrain,2021-11-12,"Oxford/AstraZeneca, Pfizer/BioNTech, Sinopharm/Beijing, Sputnik V",https://healthalert.gov.bh/en/,2820266,1183119,1147695,
Bahrain,2021-11-13,"Oxford/AstraZeneca, Pfizer/BioNTech, Sinopharm/Beijing, Sputnik V",https://healthalert.gov.bh/en/,2822857,1183392,1147983,
Bahrain,2021-11-14,"Oxford/AstraZeneca, Pfizer/BioNTech, Sinopharm/Beijing, Sputnik V",https://healthalert.gov.bh/en/,2827533,1183775,1148496,
Bahrain,2021-11-15,"Oxford/AstraZeneca, Pfizer/BioNTech, Sinopharm/Beijing, Sputnik V",https://healthalert.gov.bh/en/,2831475,1184081,1148965,
Bahrain,2021-11-16,"Oxford/AstraZeneca, Pfizer/BioNTech, Sinopharm/Beijing, Sputnik V",https://healthalert.gov.bh/en/,2835443,1184366,1149475,
Bahrain,2021-11-17,"Oxford/AstraZeneca, Pfizer/BioNTech, Sinopharm/Beijing, Sputnik V",https://healthalert.gov.bh/en/,2839674,1184670,1150159,
Bahrain,2021-11-18,"Oxford/AstraZeneca, Pfizer/BioNTech, Sinopharm/Beijing, Sputnik V",https://healthalert.gov.bh/en/,2844921,1185037,1151132,
Bahrain,2021-11-19,"Oxford/AstraZeneca, Pfizer/BioNTech, Sinopharm/Beijing, Sputnik V",https://healthalert.gov.bh/en/,2848049,1185249,1151780,
Bahrain,2021-11-20,"Oxford/AstraZeneca, Pfizer/BioNTech, Sinopharm/Beijing, Sputnik V",https://healthalert.gov.bh/en/,2851438,1185455,1152538,
Bahrain,2021-11-21,"Oxford/AstraZeneca, Pfizer/BioNTech, Sinopharm/Beijing, Sputnik V",https://healthalert.gov.bh/en/,2858015,1185754,1153488,
Bahrain,2021-11-22,"Oxford/AstraZeneca, Pfizer/BioNTech, Sinopharm/Beijing, Sputnik V",https://healthalert.gov.bh/en/,2864598,1186049,1154054,
Bahrain,2021-11-23,"Oxford/AstraZeneca, Pfizer/BioNTech, Sinopharm/Beijing, Sputnik V",https://healthalert.gov.bh/en/,2871643,1186294,1154943,
Bahrain,2021-11-24,"Oxford/AstraZeneca, Pfizer/BioNTech, Sinopharm/Beijing, Sputnik V",https://healthalert.gov.bh/en/,2878762,1186647,1155518,
Bahrain,2021-11-25,"Oxford/AstraZeneca, Pfizer/BioNTech, Sinopharm/Beijing, Sputnik V",https://healthalert.gov.bh/en/,2887715,1186967,1156449,
Bahrain,2021-11-26,"Oxford/AstraZeneca, Pfizer/BioNTech, Sinopharm/Beijing, Sputnik V",https://healthalert.gov.bh/en/,2894455,1187171,1157193,
Bahrain,2021-11-27,"Oxford/AstraZeneca, Pfizer/BioNTech, Sinopharm/Beijing, Sputnik V",https://healthalert.gov.bh/en/,2899607,1187429,1157799,
Bahrain,2021-11-28,"Oxford/AstraZeneca, Pfizer/BioNTech, Sinopharm/Beijing, Sputnik V",https://healthalert.gov.bh/en/,2908925,1187780,1158438,
Bahrain,2021-11-29,"Oxford/AstraZeneca, Pfizer/BioNTech, Sinopharm/Beijing, Sputnik V",https://healthalert.gov.bh/en/,2919095,1188152,1159016,
Bahrain,2021-11-30,"Oxford/AstraZeneca, Pfizer/BioNTech, Sinopharm/Beijing, Sputnik V",https://healthalert.gov.bh/en/,2928259,1188539,1159574,
Bahrain,2021-12-01,"Oxford/AstraZeneca, Pfizer/BioNTech, Sinopharm/Beijing, Sputnik V",https://healthalert.gov.bh/en/,2936188,1188870,1160067,
Bahrain,2021-12-02,"Oxford/AstraZeneca, Pfizer/BioNTech, Sinopharm/Beijing, Sputnik V",https://healthalert.gov.bh/en/,2948897,1189274,1160681,
Bahrain,2021-12-03,"Oxford/AstraZeneca, Pfizer/BioNTech, Sinopharm/Beijing, Sputnik V",https://healthalert.gov.bh/en/,2960243,1189605,1161049,
Bahrain,2021-12-04,"Oxford/AstraZeneca, Pfizer/BioNTech, Sinopharm/Beijing, Sputnik V",https://healthalert.gov.bh/en/,2970073,1189949,1161594,
Bahrain,2021-12-05,"Oxford/AstraZeneca, Pfizer/BioNTech, Sinopharm/Beijing, Sputnik V",https://healthalert.gov.bh/en/,2982080,1190410,1162095,
Bahrain,2021-12-06,"Oxford/AstraZeneca, Pfizer/BioNTech, Sinopharm/Beijing, Sputnik V",https://healthalert.gov.bh/en/,2993471,1190802,1162716,
Bahrain,2021-12-07,"Oxford/AstraZeneca, Pfizer/BioNTech, Sinopharm/Beijing, Sputnik V",https://healthalert.gov.bh/en/,3003420,1191152,1163310,
Bahrain,2021-12-08,"Oxford/AstraZeneca, Pfizer/BioNTech, Sinopharm/Beijing, Sputnik V",https://healthalert.gov.bh/en/,3013291,1191497,1163885,
Bahrain,2021-12-09,"Oxford/AstraZeneca, Pfizer/BioNTech, Sinopharm/Beijing, Sputnik V",https://healthalert.gov.bh/en/,3024358,1191857,1164525,
Bahrain,2021-12-10,"Oxford/AstraZeneca, Pfizer/BioNTech, Sinopharm/Beijing, Sputnik V",https://healthalert.gov.bh/en/,3031046,1192110,1164880,
Bahrain,2021-12-11,"Oxford/AstraZeneca, Pfizer/BioNTech, Sinopharm/Beijing, Sputnik V",https://healthalert.gov.bh/en/,3037016,1192600,1165232,
Bahrain,2021-12-12,"Oxford/AstraZeneca, Pfizer/BioNTech, Sinopharm/Beijing, Sputnik V",https://healthalert.gov.bh/en/,3047351,1192979,1165797,
Bahrain,2021-12-13,"Oxford/AstraZeneca, Pfizer/BioNTech, Sinopharm/Beijing, Sputnik V",https://healthalert.gov.bh/en/,3055893,1193306,1166321,
Bahrain,2021-12-14,"Oxford/AstraZeneca, Pfizer/BioNTech, Sinopharm/Beijing, Sputnik V",https://healthalert.gov.bh/en/,3065753,1193660,1166844,
Bahrain,2021-12-15,"Oxford/AstraZeneca, Pfizer/BioNTech, Sinopharm/Beijing, Sputnik V",https://healthalert.gov.bh/en/,3078535,1194132,1167558,
Bahrain,2021-12-16,"Oxford/AstraZeneca, Pfizer/BioNTech, Sinopharm/Beijing, Sputnik V",https://healthalert.gov.bh/en/,3086119,1194469,1167982,
Bahrain,2021-12-17,"Oxford/AstraZeneca, Pfizer/BioNTech, Sinopharm/Beijing, Sputnik V",https://healthalert.gov.bh/en/,3091503,1194664,1168298,
Bahrain,2021-12-18,"Oxford/AstraZeneca, Pfizer/BioNTech, Sinopharm/Beijing, Sputnik V",https://healthalert.gov.bh/en/,3097455,1194968,1168676,
Bahrain,2021-12-19,"Oxford/AstraZeneca, Pfizer/BioNTech, Sinopharm/Beijing, Sputnik V",https://healthalert.gov.bh/en/,3106701,1195481,1169267,
Bahrain,2021-12-20,"Oxford/AstraZeneca, Pfizer/BioNTech, Sinopharm/Beijing, Sputnik V",https://healthalert.gov.bh/en/,3122142,1196261,1170160,
Bahrain,2021-12-21,"Oxford/AstraZeneca, Pfizer/BioNTech, Sinopharm/Beijing, Sputnik V",https://healthalert.gov.bh/en/,3136603,1197082,1171095,768426
Bahrain,2021-12-22,"Oxford/AstraZeneca, Pfizer/BioNTech, Sinopharm/Beijing, Sputnik V",https://healthalert.gov.bh/en/,3148529,1197788,1171969,778772
Bahrain,2021-12-23,"Oxford/AstraZeneca, Pfizer/BioNTech, Sinopharm/Beijing, Sputnik V",https://healthalert.gov.bh/en/,3160177,1198502,1172783,788892
Bahrain,2021-12-24,"Oxford/AstraZeneca, Pfizer/BioNTech, Sinopharm/Beijing, Sputnik V",https://healthalert.gov.bh/en/,3166491,1198777,1172954,794760
Bahrain,2021-12-25,"Oxford/AstraZeneca, Pfizer/BioNTech, Sinopharm/Beijing, Sputnik V",https://healthalert.gov.bh/en/,3173498,1199648,1173836,800014
Bahrain,2021-12-26,"Oxford/AstraZeneca, Pfizer/BioNTech, Sinopharm/Beijing, Sputnik V",https://healthalert.gov.bh/en/,3184626,1200396,1174698,809532
Bahrain,2021-12-27,"Oxford/AstraZeneca, Pfizer/BioNTech, Sinopharm/Beijing, Sputnik V",https://healthalert.gov.bh/en/,3195080,1201092,1175465,818523
Bahrain,2021-12-28,"Oxford/AstraZeneca, Pfizer/BioNTech, Sinopharm/Beijing, Sputnik V",https://healthalert.gov.bh/en/,3204347,1201721,1176171,826455
Bahrain,2021-12-29,"Oxford/AstraZeneca, Pfizer/BioNTech, Sinopharm/Beijing, Sputnik V",https://healthalert.gov.bh/en/,3212489,1202281,1176890,833318
Bahrain,2021-12-30,"Oxford/AstraZeneca, Pfizer/BioNTech, Sinopharm/Beijing, Sputnik V",https://healthalert.gov.bh/en/,3221556,1202849,1177631,841076
Bahrain,2021-12-31,"Oxford/AstraZeneca, Pfizer/BioNTech, Sinopharm/Beijing, Sputnik V",https://healthalert.gov.bh/en/,3226201,1203146,1177993,845062
Bahrain,2022-01-01,"Oxford/AstraZeneca, Pfizer/BioNTech, Sinopharm/Beijing, Sputnik V",https://healthalert.gov.bh/en/,3229937,1203427,1178471,848039
Bahrain,2022-01-02,"Oxford/AstraZeneca, Pfizer/BioNTech, Sinopharm/Beijing, Sputnik V",https://healthalert.gov.bh/en/,3234433,1203782,1178914,851737
Bahrain,2022-01-03,"Oxford/AstraZeneca, Pfizer/BioNTech, Sinopharm/Beijing, Sputnik V",https://healthalert.gov.bh/en/,3242189,1204389,1179608,858192
Bahrain,2022-01-04,"Oxford/AstraZeneca, Pfizer/BioNTech, Sinopharm/Beijing, Sputnik V",https://healthalert.gov.bh/en/,3248421,1204852,1180260,863309
Bahrain,2022-01-05,"Oxford/AstraZeneca, Pfizer/BioNTech, Sinopharm/Beijing, Sputnik V",https://healthalert.gov.bh/en/,3254676,1205353,1180996,868327
Bahrain,2022-01-06,"Oxford/AstraZeneca, Pfizer/BioNTech, Sinopharm/Beijing, Sputnik V",https://healthalert.gov.bh/en/,3261544,1205953,1181661,873930
Bahrain,2022-01-07,"Oxford/AstraZeneca, Pfizer/BioNTech, Sinopharm/Beijing, Sputnik V",https://healthalert.gov.bh/en/,3264743,1206256,1181778,876709
Bahrain,2022-01-08,"Oxford/AstraZeneca, Pfizer/BioNTech, Sinopharm/Beijing, Sputnik V",https://healthalert.gov.bh/en/,3268403,1206577,1182340,879486
Bahrain,2022-01-09,"Oxford/AstraZeneca, Pfizer/BioNTech, Sinopharm/Beijing, Sputnik V",https://healthalert.gov.bh/en/,3274860,1207231,1183058,884571
Bahrain,2022-01-10,"Oxford/AstraZeneca, Pfizer/BioNTech, Sinopharm/Beijing, Sputnik V",https://healthalert.gov.bh/en/,3280276,1207776,1183947,888553
Bahrain,2022-01-11,"Oxford/AstraZeneca, Pfizer/BioNTech, Sinopharm/Beijing, Sputnik V",https://healthalert.gov.bh/en/,3285403,1208214,1184839,892350
Bahrain,2022-01-12,"Oxford/AstraZeneca, Pfizer/BioNTech, Sinopharm/Beijing, Sputnik V",https://healthalert.gov.bh/en/,3290761,1208688,1185685,896388
Bahrain,2022-01-13,"Oxford/AstraZeneca, Pfizer/BioNTech, Sinopharm/Beijing, Sputnik V",https://healthalert.gov.bh/en/,3296707,1209173,1186507,901027
Bahrain,2022-01-14,"Oxford/AstraZeneca, Pfizer/BioNTech, Sinopharm/Beijing, Sputnik V",https://healthalert.gov.bh/en/,3299722,1209456,1186954,903312
Bahrain,2022-01-15,"Oxford/AstraZeneca, Pfizer/BioNTech, Sinopharm/Beijing, Sputnik V",https://healthalert.gov.bh/en/,3302634,1209714,1187632,905288
Bahrain,2022-01-16,"Oxford/AstraZeneca, Pfizer/BioNTech, Sinopharm/Beijing, Sputnik V",https://healthalert.gov.bh/en/,3306303,1210108,1188253,907942
Bahrain,2022-01-17,"Oxford/AstraZeneca, Pfizer/BioNTech, Sinopharm/Beijing, Sputnik V",https://healthalert.gov.bh/en/,3311811,1210730,1189210,911871
Bahrain,2022-01-18,"Oxford/AstraZeneca, Pfizer/BioNTech, Sinopharm/Beijing, Sputnik V",https://healthalert.gov.bh/en/,3315785,1211163,1189959,914663
Bahrain,2022-01-19,"Oxford/AstraZeneca, Pfizer/BioNTech, Sinopharm/Beijing, Sputnik V",https://healthalert.gov.bh/en/,3318855,1211478,1190556,916821
Bahrain,2022-01-20,"Oxford/AstraZeneca, Pfizer/BioNTech, Sinopharm/Beijing, Sputnik V",https://healthalert.gov.bh/en/,3322349,1211835,1190757,919757
Bahrain,2022-01-21,"Oxford/AstraZeneca, Pfizer/BioNTech, Sinopharm/Beijing, Sputnik V",https://healthalert.gov.bh/en/,3323673,1211964,1190856,920853
Bahrain,2022-01-22,"Oxford/AstraZeneca, Pfizer/BioNTech, Sinopharm/Beijing, Sputnik V",https://healthalert.gov.bh/en/,3324636,1212058,1190909,921669
Bahrain,2022-01-23,"Oxford/AstraZeneca, Pfizer/BioNTech, Sinopharm/Beijing, Sputnik V",https://healthalert.gov.bh/en/,3329649,1212541,1191589,925519
Bahrain,2022-01-24,"Oxford/AstraZeneca, Pfizer/BioNTech, Sinopharm/Beijing, Sputnik V",https://healthalert.gov.bh/en/,3332640,1212867,1192108,927665
Bahrain,2022-01-25,"Oxford/AstraZeneca, Pfizer/BioNTech, Sinopharm/Beijing, Sputnik V",https://healthalert.gov.bh/en/,3341262,1219265,1192261,929736
Bahrain,2022-01-26,"Oxford/AstraZeneca, Pfizer/BioNTech, Sinopharm/Beijing, Sputnik V",https://healthalert.gov.bh/en/,3343978,1219977,1192408,931593
Bahrain,2022-01-27,"Oxford/AstraZeneca, Pfizer/BioNTech, Sinopharm/Beijing, Sputnik V",https://healthalert.gov.bh/en/,3346805,1220718,1192572,933515
Bahrain,2022-01-28,"Oxford/AstraZeneca, Pfizer/BioNTech, Sinopharm/Beijing, Sputnik V",https://healthalert.gov.bh/en/,3348895,1221632,1192627,934636
Bahrain,2022-01-29,"Oxford/AstraZeneca, Pfizer/BioNTech, Sinopharm/Beijing, Sputnik V",https://healthalert.gov.bh/en/,3350645,1222439,1192679,935527
Bahrain,2022-01-30,"Oxford/AstraZeneca, Pfizer/BioNTech, Sinopharm/Beijing, Sputnik V",https://healthalert.gov.bh/en/,3354745,1223635,1193541,937569
Bahrain,2022-01-31,"Oxford/AstraZeneca, Pfizer/BioNTech, Sinopharm/Beijing, Sputnik V",https://healthalert.gov.bh/en/,3357017,1223859,1193959,939199
Bahrain,2022-02-01,"Oxford/AstraZeneca, Pfizer/BioNTech, Sinopharm/Beijing, Sputnik V",https://healthalert.gov.bh/en/,3359327,1224287,1194409,940631
Bahrain,2022-02-02,"Oxford/AstraZeneca, Pfizer/BioNTech, Sinopharm/Beijing, Sputnik V",https://healthalert.gov.bh/en/,3361689,1224705,1194909,942075
Bahrain,2022-02-03,"Oxford/AstraZeneca, Pfizer/BioNTech, Sinopharm/Beijing, Sputnik V",https://healthalert.gov.bh/en/,3364593,1225330,1195382,943881
Bahrain,2022-02-04,"Oxford/AstraZeneca, Pfizer/BioNTech, Sinopharm/Beijing, Sputnik V",https://healthalert.gov.bh/en/,3365901,1225770,1195535,944596
Bahrain,2022-02-05,"Oxford/AstraZeneca, Pfizer/BioNTech, Sinopharm/Beijing, Sputnik V",https://healthalert.gov.bh/en/,3367147,1226114,1195735,945298
Bahrain,2022-02-06,"Oxford/AstraZeneca, Pfizer/BioNTech, Sinopharm/Beijing, Sputnik V",https://healthalert.gov.bh/en/,3369863,1226496,1196371,946996
Bahrain,2022-02-07,"Oxford/AstraZeneca, Pfizer/BioNTech, Sinopharm/Beijing, Sputnik V",https://healthalert.gov.bh/en/,3371825,1226797,1196788,948240
Bahrain,2022-02-08,"Oxford/AstraZeneca, Pfizer/BioNTech, Sinopharm/Beijing, Sputnik V",https://healthalert.gov.bh/en/,3373657,1227083,1197203,949371
Bahrain,2022-02-09,"Oxford/AstraZeneca, Pfizer/BioNTech, Sinopharm/Beijing, Sputnik V",https://healthalert.gov.bh/en/,3375361,1227305,1197343,950713
Bahrain,2022-03-06,"Johnson&Johnson, Moderna, Oxford/AstraZeneca, Pfizer/BioNTech, Sinopharm/Beijing, Sputnik Light, Sputnik V",https://covid19.who.int/,3410306,1231321,1212914,
Bahrain,2022-03-16,"Johnson&Johnson, Moderna, Oxford/AstraZeneca, Pfizer/BioNTech, Sinopharm/Beijing, Sputnik Light, Sputnik V",https://covid19.who.int/,3417600,1232237,1215156,
Bahrain,2022-03-23,"Johnson&Johnson, Moderna, Oxford/AstraZeneca, Pfizer/BioNTech, Sinopharm/Beijing, Sputnik Light, Sputnik V",https://covid19.who.int/,3421273,1232740,1216033,972500
Bahrain,2022-04-03,"Johnson&Johnson, Moderna, Oxford/AstraZeneca, Pfizer/BioNTech, Sinopharm/Beijing, Sputnik Light, Sputnik V",https://covid19.who.int/,3426136,1233412,1217102,975622
Bahrain,2022-04-14,"Johnson&Johnson, Moderna, Oxford/AstraZeneca, Pfizer/BioNTech, Sinopharm/Beijing, Sputnik Light, Sputnik V",https://covid19.who.int/,3429038,1233801,1217811,977426
Bahrain,2022-04-18,"Johnson&Johnson, Moderna, Oxford/AstraZeneca, Pfizer/BioNTech, Sinopharm/Beijing, Sputnik Light, Sputnik V",https://covid19.who.int/,3430347,1233991,1218140,978216
Bahrain,2022-04-26,"Johnson&Johnson, Moderna, Oxford/AstraZeneca, Pfizer/BioNTech, Sinopharm/Beijing, Sputnik Light, Sputnik V",https://covid19.who.int/,3433142,1234333,1218565,980244
Bahrain,2022-04-27,"Johnson&Johnson, Moderna, Oxford/AstraZeneca, Pfizer/BioNTech, Sinopharm/Beijing, Sputnik Light, Sputnik V",https://covid19.who.int/,3433683,1234388,1218620,980675
Bahrain,2022-05-05,"CanSino, Covaxin, Johnson&Johnson, Moderna, Oxford/AstraZeneca, Pfizer/BioNTech, Sinopharm/Beijing, Sinovac, Sputnik Light, Sputnik V",https://covid19.who.int/,3435857,1234699,1218923,982235
Bahrain,2022-05-08,"CanSino, Covaxin, Johnson&Johnson, Moderna, Oxford/AstraZeneca, Pfizer/BioNTech, Sinopharm/Beijing, Sinovac, Sputnik Light, Sputnik V",https://covid19.who.int/,3436743,1234889,1219122,982732
Bahrain,2022-05-10,"CanSino, Covaxin, Johnson&Johnson, Moderna, Oxford/AstraZeneca, Pfizer/BioNTech, Sinopharm/Beijing, Sinovac, Sputnik Light, Sputnik V",https://covid19.who.int/,3437604,1235076,1219273,983255
Bahrain,2022-05-15,"CanSino, Covaxin, Johnson&Johnson, Moderna, Oxford/AstraZeneca, Pfizer/BioNTech, Sinopharm/Beijing, Sinovac, Sputnik Light, Sputnik V",https://covid19.who.int/,3439499,1235552,1219598,984349
Bahrain,2022-05-23,"CanSino, Covaxin, Johnson&Johnson, Moderna, Oxford/AstraZeneca, Pfizer/BioNTech, Sinopharm/Beijing, Sinovac, Sputnik Light, Sputnik V",https://covid19.who.int/,3442141,1236306,1220056,985779
Bahrain,2022-05-27,"Oxford/AstraZeneca, Pfizer/BioNTech, Sinopharm/Beijing, Sputnik V",https://healthalert.gov.bh/en/,3443663,1236676,1220319,986668
Bahrain,2022-05-28,"Oxford/AstraZeneca, Pfizer/BioNTech, Sinopharm/Beijing, Sputnik V",https://healthalert.gov.bh/en/,3443878,1236731,1220392,986755
Bahrain,2022-05-29,"Oxford/AstraZeneca, Pfizer/BioNTech, Sinopharm/Beijing, Sputnik V",https://healthalert.gov.bh/en/,3444236,1236792,1220508,986936
Bahrain,2022-05-30,"Oxford/AstraZeneca, Pfizer/BioNTech, Sinopharm/Beijing, Sputnik V",https://healthalert.gov.bh/en/,3444526,1236844,1220575,987107
Bahrain,2022-05-31,"Oxford/AstraZeneca, Pfizer/BioNTech, Sinopharm/Beijing, Sputnik V",https://healthalert.gov.bh/en/,3444799,1236895,1220655,987249
Bahrain,2022-06-02,"Oxford/AstraZeneca, Pfizer/BioNTech, Sinopharm/Beijing, Sputnik V",https://healthalert.gov.bh/en/,3445516,1237003,1220832,987681
Bahrain,2022-06-03,"Oxford/AstraZeneca, Pfizer/BioNTech, Sinopharm/Beijing, Sputnik V",https://healthalert.gov.bh/en/,3445782,1237061,1220944,987777
Bahrain,2022-06-04,"Oxford/AstraZeneca, Pfizer/BioNTech, Sinopharm/Beijing, Sputnik V",https://healthalert.gov.bh/en/,3446037,1237106,1221042,987889
Bahrain,2022-06-05,"Oxford/AstraZeneca, Pfizer/BioNTech, Sinopharm/Beijing, Sputnik V",https://healthalert.gov.bh/en/,3446398,1237175,1221140,988083
Bahrain,2022-06-06,"Oxford/AstraZeneca, Pfizer/BioNTech, Sinopharm/Beijing, Sputnik V",https://healthalert.gov.bh/en/,3446693,1237225,1221225,988243
Bahrain,2022-06-07,"Oxford/AstraZeneca, Pfizer/BioNTech, Sinopharm/Beijing, Sputnik V",https://healthalert.gov.bh/en/,3446945,1237264,1221306,988375
Bahrain,2022-06-08,"Oxford/AstraZeneca, Pfizer/BioNTech, Sinopharm/Beijing, Sputnik V",https://healthalert.gov.bh/en/,3447199,1237304,1221372,988523
Bahrain,2022-06-09,"Oxford/AstraZeneca, Pfizer/BioNTech, Sinopharm/Beijing, Sputnik V",https://healthalert.gov.bh/en/,3447581,1237359,1221455,988767
Bahrain,2022-06-10,"Oxford/AstraZeneca, Pfizer/BioNTech, Sinopharm/Beijing, Sputnik V",https://healthalert.gov.bh/en/,3447875,1237395,1221586,988894
Bahrain,2022-06-11,"Oxford/AstraZeneca, Pfizer/BioNTech, Sinopharm/Beijing, Sputnik V",https://healthalert.gov.bh/en/,3448088,1237441,1221666,988981
Bahrain,2022-06-12,"Oxford/AstraZeneca, Pfizer/BioNTech, Sinopharm/Beijing, Sputnik V",https://healthalert.gov.bh/en/,3448436,1237504,1221776,989156
Bahrain,2022-06-13,"Oxford/AstraZeneca, Pfizer/BioNTech, Sinopharm/Beijing, Sputnik V",https://healthalert.gov.bh/en/,3448767,1237554,1221883,989330
Bahrain,2022-06-14,"Oxford/AstraZeneca, Pfizer/BioNTech, Sinopharm/Beijing, Sputnik V",https://healthalert.gov.bh/en/,3449026,1237587,1221950,989489
Bahrain,2022-06-16,"Oxford/AstraZeneca, Pfizer/BioNTech, Sinopharm/Beijing, Sputnik V",https://healthalert.gov.bh/en/,3449762,1237702,1222125,989935
Bahrain,2022-06-17,"Oxford/AstraZeneca, Pfizer/BioNTech, Sinopharm/Beijing, Sputnik V",https://healthalert.gov.bh/en/,3450025,1237735,1222205,990085
Bahrain,2022-06-18,"Oxford/AstraZeneca, Pfizer/BioNTech, Sinopharm/Beijing, Sputnik V",https://healthalert.gov.bh/en/,3450284,1237778,1222296,990210
Bahrain,2022-06-19,"Oxford/AstraZeneca, Pfizer/BioNTech, Sinopharm/Beijing, Sputnik V",https://healthalert.gov.bh/en/,3450654,1237838,1222378,990438
Bahrain,2022-06-20,"Oxford/AstraZeneca, Pfizer/BioNTech, Sinopharm/Beijing, Sputnik V",https://healthalert.gov.bh/en/,3451015,1237898,1222438,990679
Bahrain,2022-06-22,"Oxford/AstraZeneca, Pfizer/BioNTech, Sinopharm/Beijing, Sputnik V",https://healthalert.gov.bh/en/,3451589,1237986,1222554,991049
Bahrain,2022-06-23,"Oxford/AstraZeneca, Pfizer/BioNTech, Sinopharm/Beijing, Sputnik V",https://healthalert.gov.bh/en/,3452045,1238034,1222637,991374
Bahrain,2022-06-24,"Oxford/AstraZeneca, Pfizer/BioNTech, Sinopharm/Beijing, Sputnik V",https://healthalert.gov.bh/en/,3452238,1238074,1222688,991476
Bahrain,2022-06-25,"Oxford/AstraZeneca, Pfizer/BioNTech, Sinopharm/Beijing, Sputnik V",https://healthalert.gov.bh/en/,3452508,1238119,1222745,991644
Bahrain,2022-06-26,"Oxford/AstraZeneca, Pfizer/BioNTech, Sinopharm/Beijing, Sputnik V",https://healthalert.gov.bh/en/,3452870,1238189,1222834,991847
Bahrain,2022-06-28,"Oxford/AstraZeneca, Pfizer/BioNTech, Sinopharm/Beijing, Sputnik V",https://healthalert.gov.bh/en/,3453414,1238289,1222944,992181
Bahrain,2022-06-29,"Oxford/AstraZeneca, Pfizer/BioNTech, Sinopharm/Beijing, Sputnik V",https://healthalert.gov.bh/en/,3453636,1238324,1222999,992313
Bahrain,2022-07-01,"Oxford/AstraZeneca, Pfizer/BioNTech, Sinopharm/Beijing, Sputnik V",https://healthalert.gov.bh/en/,3454217,1238413,1223091,992713
Bahrain,2022-07-02,"Oxford/AstraZeneca, Pfizer/BioNTech, Sinopharm/Beijing, Sputnik V",https://healthalert.gov.bh/en/,3454391,1238442,1223147,992802
Bahrain,2022-07-03,"Oxford/AstraZeneca, Pfizer/BioNTech, Sinopharm/Beijing, Sputnik V",https://healthalert.gov.bh/en/,3454831,1238496,1223225,993110
Bahrain,2022-07-04,"Oxford/AstraZeneca, Pfizer/BioNTech, Sinopharm/Beijing, Sputnik V",https://healthalert.gov.bh/en/,3455214,1238564,1223277,993373
Bahrain,2022-07-05,"Oxford/AstraZeneca, Pfizer/BioNTech, Sinopharm/Beijing, Sputnik V",https://healthalert.gov.bh/en/,3455455,1238600,1223324,993531
Bahrain,2022-07-06,"Oxford/AstraZeneca, Pfizer/BioNTech, Sinopharm/Beijing, Sputnik V",https://healthalert.gov.bh/en/,3455703,1238630,1223363,993710
Bahrain,2022-07-07,"Oxford/AstraZeneca, Pfizer/BioNTech, Sinopharm/Beijing, Sputnik V",https://healthalert.gov.bh/en/,3456041,1238670,1223421,993950
Bahrain,2022-07-08,"Oxford/AstraZeneca, Pfizer/BioNTech, Sinopharm/Beijing, Sputnik V",https://healthalert.gov.bh/en/,3456237,1238688,1223475,994074
Bahrain,2022-07-09,"Oxford/AstraZeneca, Pfizer/BioNTech, Sinopharm/Beijing, Sputnik V",https://healthalert.gov.bh/en/,3456344,1238703,1223497,994144
Bahrain,2022-07-10,"CanSino, Covaxin, Johnson&Johnson, Moderna, Oxford/AstraZeneca, Pfizer/BioNTech, Sinopharm/Beijing, Sinovac, Sputnik Light, Sputnik V",https://covid19.who.int/,3456455,1238724,1223530,994201
Bahrain,2022-07-12,"Oxford/AstraZeneca, Pfizer/BioNTech, Sinopharm/Beijing, Sputnik V",https://healthalert.gov.bh/en/,3456619,1238738,1223557,994324
Bahrain,2022-07-13,"Oxford/AstraZeneca, Pfizer/BioNTech, Sinopharm/Beijing, Sputnik V",https://healthalert.gov.bh/en/,3456934,1238776,1223634,994524
Bahrain,2022-07-14,"Oxford/AstraZeneca, Pfizer/BioNTech, Sinopharm/Beijing, Sputnik V",https://healthalert.gov.bh/en/,3457284,1238825,1223689,994770
Bahrain,2022-07-15,"Oxford/AstraZeneca, Pfizer/BioNTech, Sinopharm/Beijing, Sputnik V",https://healthalert.gov.bh/en/,3457506,1238853,1223733,994920
Bahrain,2022-07-16,"Oxford/AstraZeneca, Pfizer/BioNTech, Sinopharm/Beijing, Sputnik V",https://healthalert.gov.bh/en/,3457644,1238878,1223775,994991
Bahrain,2022-07-17,"Oxford/AstraZeneca, Pfizer/BioNTech, Sinopharm/Beijing, Sputnik V",https://healthalert.gov.bh/en/,3457672,1238878,1223780,995014
Bahrain,2022-07-20,"Oxford/AstraZeneca, Pfizer/BioNTech, Sinopharm/Beijing, Sputnik V",https://healthalert.gov.bh/en/,3458595,1239019,1223892,995684
Bahrain,2022-07-21,"Oxford/AstraZeneca, Pfizer/BioNTech, Sinopharm/Beijing, Sputnik V",https://healthalert.gov.bh/en/,3458937,1239063,1223943,995931
Bahrain,2022-07-22,"Oxford/AstraZeneca, Pfizer/BioNTech, Sinopharm/Beijing, Sputnik V",https://healthalert.gov.bh/en/,3459128,1239087,1223981,996060
Bahrain,2022-07-23,"Oxford/AstraZeneca, Pfizer/BioNTech, Sinopharm/Beijing, Sputnik V",https://healthalert.gov.bh/en/,3459302,1239118,1224014,996170
Bahrain,2022-07-24,"Oxford/AstraZeneca, Pfizer/BioNTech, Sinopharm/Beijing, Sputnik V",https://healthalert.gov.bh/en/,3459641,1239164,1224069,996408
Bahrain,2022-07-26,"Oxford/AstraZeneca, Pfizer/BioNTech, Sinopharm/Beijing, Sputnik V",https://healthalert.gov.bh/en/,3460149,1239237,1224180,996732
Bahrain,2022-07-28,"Oxford/AstraZeneca, Pfizer/BioNTech, Sinopharm/Beijing, Sputnik V",https://healthalert.gov.bh/en/,3460604,1239293,1224264,997047
Bahrain,2022-07-29,"Oxford/AstraZeneca, Pfizer/BioNTech, Sinopharm/Beijing, Sputnik V",https://healthalert.gov.bh/en/,3460784,1239303,1224278,997203
Bahrain,2022-07-31,"Oxford/AstraZeneca, Pfizer/BioNTech, Sinopharm/Beijing, Sputnik V",https://healthalert.gov.bh/en/,3461096,1239333,1224301,997462
Bahrain,2022-08-01,"Oxford/AstraZeneca, Pfizer/BioNTech, Sinopharm/Beijing, Sputnik V",https://healthalert.gov.bh/en/,3461412,1239354,1224333,997725
Bahrain,2022-08-02,"Oxford/AstraZeneca, Pfizer/BioNTech, Sinopharm/Beijing, Sputnik V",https://healthalert.gov.bh/en/,3461650,1239384,1224353,997913
Bahrain,2022-08-03,"Oxford/AstraZeneca, Pfizer/BioNTech, Sinopharm/Beijing, Sputnik V",https://healthalert.gov.bh/en/,3461910,1239422,1224396,998092
Bahrain,2022-08-04,"Oxford/AstraZeneca, Pfizer/BioNTech, Sinopharm/Beijing, Sputnik V",https://healthalert.gov.bh/en/,3462411,1239480,1224451,998480
Bahrain,2022-08-05,"Oxford/AstraZeneca, Pfizer/BioNTech, Sinopharm/Beijing, Sputnik V",https://healthalert.gov.bh/en/,3462515,1239504,1224473,998538
Bahrain,2022-08-06,"Oxford/AstraZeneca, Pfizer/BioNTech, Sinopharm/Beijing, Sputnik V",https://healthalert.gov.bh/en/,3462651,1239519,1224505,998627
Bahrain,2022-08-07,"Oxford/AstraZeneca, Pfizer/BioNTech, Sinopharm/Beijing, Sputnik V",https://healthalert.gov.bh/en/,3462975,1239565,1224548,998862
Bahrain,2022-08-08,"Oxford/AstraZeneca, Pfizer/BioNTech, Sinopharm/Beijing, Sputnik V",https://healthalert.gov.bh/en/,3463085,1239583,1224567,998935
Bahrain,2022-08-09,"Oxford/AstraZeneca, Pfizer/BioNTech, Sinopharm/Beijing, Sputnik V",https://healthalert.gov.bh/en/,3463158,1239597,1224575,998986
Bahrain,2022-08-10,"Oxford/AstraZeneca, Pfizer/BioNTech, Sinopharm/Beijing, Sputnik V",https://healthalert.gov.bh/en/,3463393,1239636,1224632,999125
Bahrain,2022-08-11,"Oxford/AstraZeneca, Pfizer/BioNTech, Sinopharm/Beijing, Sputnik V",https://healthalert.gov.bh/en/,3463732,1239680,1224679,999373
Bahrain,2022-08-12,"Oxford/AstraZeneca, Pfizer/BioNTech, Sinopharm/Beijing, Sputnik V",https://healthalert.gov.bh/en/,3463822,1239697,1224705,999420
Bahrain,2022-08-13,"Oxford/AstraZeneca, Pfizer/BioNTech, Sinopharm/Beijing, Sputnik V",https://healthalert.gov.bh/en/,3463921,1239709,1224725,999487
Bahrain,2022-08-14,"Oxford/AstraZeneca, Pfizer/BioNTech, Sinopharm/Beijing, Sputnik V",https://healthalert.gov.bh/en/,3464152,1239740,1224776,999636
Bahrain,2022-08-15,"Oxford/AstraZeneca, Pfizer/BioNTech, Sinopharm/Beijing, Sputnik V",https://healthalert.gov.bh/en/,3464355,1239768,1224822,999765
Bahrain,2022-08-16,"Oxford/AstraZeneca, Pfizer/BioNTech, Sinopharm/Beijing, Sputnik V",https://healthalert.gov.bh/en/,3464530,1239804,1224850,999876
Bahrain,2022-08-17,"Oxford/AstraZeneca, Pfizer/BioNTech, Sinopharm/Beijing, Sputnik V",https://healthalert.gov.bh/en/,3464725,1239847,1224883,999995
Bahrain,2022-08-18,"Oxford/AstraZeneca, Pfizer/BioNTech, Sinopharm/Beijing, Sputnik V",https://healthalert.gov.bh/en/,3465080,1239882,1224919,1000279
Bahrain,2022-08-19,"Oxford/AstraZeneca, Pfizer/BioNTech, Sinopharm/Beijing, Sputnik V",https://healthalert.gov.bh/en/,3465183,1239893,1224933,1000357
Bahrain,2022-08-20,"Oxford/AstraZeneca, Pfizer/BioNTech, Sinopharm/Beijing, Sputnik V",https://healthalert.gov.bh/en/,3465358,1239924,1224960,1000474
Bahrain,2022-08-21,"Oxford/AstraZeneca, Pfizer/BioNTech, Sinopharm/Beijing, Sputnik V",https://healthalert.gov.bh/en/,3465615,1239972,1224984,1000659
Bahrain,2022-08-22,"Oxford/AstraZeneca, Pfizer/BioNTech, Sinopharm/Beijing, Sputnik V",https://healthalert.gov.bh/en/,3465836,1239993,1225023,1000820
Bahrain,2022-08-23,"Oxford/AstraZeneca, Pfizer/BioNTech, Sinopharm/Beijing, Sputnik V",https://healthalert.gov.bh/en/,3466040,1240017,1225059,1000964
Bahrain,2022-08-24,"Oxford/AstraZeneca, Pfizer/BioNTech, Sinopharm/Beijing, Sputnik V",https://healthalert.gov.bh/en/,3466227,1240048,1225100,1001079
Bahrain,2022-08-25,"Oxford/AstraZeneca, Pfizer/BioNTech, Sinopharm/Beijing, Sputnik V",https://healthalert.gov.bh/en/,3466537,1240075,1225161,1001301
Bahrain,2022-08-26,"Oxford/AstraZeneca, Pfizer/BioNTech, Sinopharm/Beijing, Sputnik V",https://healthalert.gov.bh/en/,3466610,1240085,1225182,1001343
Bahrain,2022-08-27,"Oxford/AstraZeneca, Pfizer/BioNTech, Sinopharm/Beijing, Sputnik V",https://healthalert.gov.bh/en/,3466698,1240103,1225201,1001394
Bahrain,2022-08-28,"Oxford/AstraZeneca, Pfizer/BioNTech, Sinopharm/Beijing, Sputnik V",https://healthalert.gov.bh/en/,3466865,1240127,1225251,1001487
Bahrain,2022-08-29,"Oxford/AstraZeneca, Pfizer/BioNTech, Sinopharm/Beijing, Sputnik V",https://healthalert.gov.bh/en/,3467037,1240151,1225289,1001597
Bahrain,2022-08-30,"Oxford/AstraZeneca, Pfizer/BioNTech, Sinopharm/Beijing, Sputnik V",https://healthalert.gov.bh/en/,3467188,1240181,1225309,1001698
Bahrain,2022-08-31,"Oxford/AstraZeneca, Pfizer/BioNTech, Sinopharm/Beijing, Sputnik V",https://healthalert.gov.bh/en/,3467355,1240204,1225349,1001802
Bahrain,2022-09-01,"Oxford/AstraZeneca, Pfizer/BioNTech, Sinopharm/Beijing, Sputnik V",https://healthalert.gov.bh/en/,3467632,1240227,1225397,1002008
Bahrain,2022-09-02,"Oxford/AstraZeneca, Pfizer/BioNTech, Sinopharm/Beijing, Sputnik V",https://healthalert.gov.bh/en/,3467713,1240243,1225416,1002054
Bahrain,2022-09-03,"Oxford/AstraZeneca, Pfizer/BioNTech, Sinopharm/Beijing, Sputnik V",https://healthalert.gov.bh/en/,3467811,1240262,1225428,1002121
Bahrain,2022-09-04,"Oxford/AstraZeneca, Pfizer/BioNTech, Sinopharm/Beijing, Sputnik V",https://healthalert.gov.bh/en/,3467957,1240287,1225452,1002218
Bahrain,2022-09-05,"Oxford/AstraZeneca, Pfizer/BioNTech, Sinopharm/Beijing, Sputnik V",https://healthalert.gov.bh/en/,3468131,1240302,1225478,1002351
Bahrain,2022-09-06,"Oxford/AstraZeneca, Pfizer/BioNTech, Sinopharm/Beijing, Sputnik V",https://healthalert.gov.bh/en/,3468246,1240318,1225502,1002426
Bahrain,2022-09-07,"Oxford/AstraZeneca, Pfizer/BioNTech, Sinopharm/Beijing, Sputnik V",https://healthalert.gov.bh/en/,3468405,1240324,1225541,1002540
Bahrain,2022-09-08,"Oxford/AstraZeneca, Pfizer/BioNTech, Sinopharm/Beijing, Sputnik V",https://healthalert.gov.bh/en/,3468615,1240346,1225577,1002692
Bahrain,2022-09-09,"Oxford/AstraZeneca, Pfizer/BioNTech, Sinopharm/Beijing, Sputnik V",https://healthalert.gov.bh/en/,3468666,1240356,1225590,1002720
Bahrain,2022-09-10,"Oxford/AstraZeneca, Pfizer/BioNTech, Sinopharm/Beijing, Sputnik V",https://healthalert.gov.bh/en/,3468753,1240368,1225623,1002762
Bahrain,2022-09-11,"Oxford/AstraZeneca, Pfizer/BioNTech, Sinopharm/Beijing, Sputnik V",https://healthalert.gov.bh/en/,3468872,1240373,1225659,1002840
Bahrain,2022-09-12,"Oxford/AstraZeneca, Pfizer/BioNTech, Sinopharm/Beijing, Sputnik V",https://healthalert.gov.bh/en/,3468988,1240382,1225676,1002930
Bahrain,2022-09-13,"Oxford/AstraZeneca, Pfizer/BioNTech, Sinopharm/Beijing, Sputnik V",https://healthalert.gov.bh/en/,3469101,1240393,1225700,1003008
Bahrain,2022-09-14,"Oxford/AstraZeneca, Pfizer/BioNTech, Sinopharm/Beijing, Sputnik V",https://healthalert.gov.bh/en/,3469197,1240402,1225730,1003065
Bahrain,2022-09-15,"Oxford/AstraZeneca, Pfizer/BioNTech, Sinopharm/Beijing, Sputnik V",https://healthalert.gov.bh/en/,3469364,1240421,1225759,1003184
Bahrain,2022-09-16,"Oxford/AstraZeneca, Pfizer/BioNTech, Sinopharm/Beijing, Sputnik V",https://healthalert.gov.bh/en/,3469440,1240436,1225782,1003222
Bahrain,2022-09-17,"Oxford/AstraZeneca, Pfizer/BioNTech, Sinopharm/Beijing, Sputnik V",https://healthalert.gov.bh/en/,3469514,1240446,1225800,1003268
Bahrain,2022-09-18,"Oxford/AstraZeneca, Pfizer/BioNTech, Sinopharm/Beijing, Sputnik V",https://healthalert.gov.bh/en/,3469643,1240458,1225826,1003359
Bahrain,2022-09-19,"Oxford/AstraZeneca, Pfizer/BioNTech, Sinopharm/Beijing, Sputnik V",https://healthalert.gov.bh/en/,3469753,1240463,1225839,1003451
Bahrain,2022-09-20,"Oxford/AstraZeneca, Pfizer/BioNTech, Sinopharm/Beijing, Sputnik V",https://healthalert.gov.bh/en/,3469877,1240478,1225869,1003530
Bahrain,2022-09-21,"Oxford/AstraZeneca, Pfizer/BioNTech, Sinopharm/Beijing, Sputnik V",https://healthalert.gov.bh/en/,3469977,1240494,1225886,1003597
Bahrain,2022-09-22,"Oxford/AstraZeneca, Pfizer/BioNTech, Sinopharm/Beijing, Sputnik V",https://healthalert.gov.bh/en/,3470138,1240505,1225914,1003719
Bahrain,2022-09-23,"Oxford/AstraZeneca, Pfizer/BioNTech, Sinopharm/Beijing, Sputnik V",https://healthalert.gov.bh/en/,3470235,1240513,1225937,1003785
Bahrain,2022-09-24,"Oxford/AstraZeneca, Pfizer/BioNTech, Sinopharm/Beijing, Sputnik V",https://healthalert.gov.bh/en/,3470319,1240525,1225955,1003839
Bahrain,2022-09-25,"Oxford/AstraZeneca, Pfizer/BioNTech, Sinopharm/Beijing, Sputnik V",https://healthalert.gov.bh/en/,3470505,1240533,1225976,1003996
Bahrain,2022-09-26,"Oxford/AstraZeneca, Pfizer/BioNTech, Sinopharm/Beijing, Sputnik V",https://healthalert.gov.bh/en/,3470619,1240564,1225999,1004056
Bahrain,2022-09-27,"Oxford/AstraZeneca, Pfizer/BioNTech, Sinopharm/Beijing, Sputnik V",https://healthalert.gov.bh/en/,3470735,1240576,1226015,1004144
Bahrain,2022-09-28,"Oxford/AstraZeneca, Pfizer/BioNTech, Sinopharm/Beijing, Sputnik V",https://healthalert.gov.bh/en/,3470831,1240586,1226026,1004219
Bahrain,2022-09-29,"Oxford/AstraZeneca, Pfizer/BioNTech, Sinopharm/Beijing, Sputnik V",https://healthalert.gov.bh/en/,3471024,1240599,1226039,1004386
Bahrain,2022-09-30,"Oxford/AstraZeneca, Pfizer/BioNTech, Sinopharm/Beijing, Sputnik V",https://healthalert.gov.bh/en/,3471077,1240612,1226049,1004416
Bahrain,2022-10-01,"Oxford/AstraZeneca, Pfizer/BioNTech, Sinopharm/Beijing, Sputnik V",https://healthalert.gov.bh/en/,3471134,1240615,1226055,1004464
Bahrain,2022-10-02,"Oxford/AstraZeneca, Pfizer/BioNTech, Sinopharm/Beijing, Sputnik V",https://healthalert.gov.bh/en/,3471256,1240625,1226068,1004563
Bahrain,2022-10-03,"Oxford/AstraZeneca, Pfizer/BioNTech, Sinopharm/Beijing, Sputnik V",https://healthalert.gov.bh/en/,3471358,1240631,1226078,1004649
Bahrain,2022-10-04,"Oxford/AstraZeneca, Pfizer/BioNTech, Sinopharm/Beijing, Sputnik V",https://healthalert.gov.bh/en/,3471430,1240636,1226091,1004703
Bahrain,2022-10-05,"Oxford/AstraZeneca, Pfizer/BioNTech, Sinopharm/Beijing, Sputnik V",https://healthalert.gov.bh/en/,3471512,1240649,1226100,1004763
Bahrain,2022-10-06,"Oxford/AstraZeneca, Pfizer/BioNTech, Sinopharm/Beijing, Sputnik V",https://healthalert.gov.bh/en/,3471687,1240670,1226118,1004899
Bahrain,2022-10-07,"Oxford/AstraZeneca, Pfizer/BioNTech, Sinopharm/Beijing, Sputnik V",https://healthalert.gov.bh/en/,3471784,1240679,1226136,1004969
Bahrain,2022-10-08,"Oxford/AstraZeneca, Pfizer/BioNTech, Sinopharm/Beijing, Sputnik V",https://healthalert.gov.bh/en/,3471825,1240684,1226150,1004991
Bahrain,2022-10-09,"Oxford/AstraZeneca, Pfizer/BioNTech, Sinopharm/Beijing, Sputnik V",https://healthalert.gov.bh/en/,3471858,1240687,1226153,1005018
Bahrain,2022-10-10,"Oxford/AstraZeneca, Pfizer/BioNTech, Sinopharm/Beijing, Sputnik V",https://healthalert.gov.bh/en/,3471946,1240697,1226163,1005086
Bahrain,2022-10-11,"Oxford/AstraZeneca, Pfizer/BioNTech, Sinopharm/Beijing, Sputnik V",https://healthalert.gov.bh/en/,3472078,1240705,1226175,1005198
Bahrain,2022-10-13,"Oxford/AstraZeneca, Pfizer/BioNTech, Sinopharm/Beijing, Sputnik V",https://healthalert.gov.bh/en/,3472274,1240726,1226208,1005340
Bahrain,2022-10-14,"Oxford/AstraZeneca, Pfizer/BioNTech, Sinopharm/Beijing, Sputnik V",https://healthalert.gov.bh/en/,3472344,1240733,1226215,1005396
Bahrain,2022-10-15,"Oxford/AstraZeneca, Pfizer/BioNTech, Sinopharm/Beijing, Sputnik V",https://healthalert.gov.bh/en/,3472387,1240734,1226224,1005429
Bahrain,2022-10-16,"Oxford/AstraZeneca, Pfizer/BioNTech, Sinopharm/Beijing, Sputnik V",https://healthalert.gov.bh/en/,3472481,1240743,1226235,1005503
Bahrain,2022-10-17,"Oxford/AstraZeneca, Pfizer/BioNTech, Sinopharm/Beijing, Sputnik V",https://healthalert.gov.bh/en/,3472587,1240765,1226248,1005574
Bahrain,2022-10-18,"Oxford/AstraZeneca, Pfizer/BioNTech, Sinopharm/Beijing, Sputnik V",https://healthalert.gov.bh/en/,3472679,1240772,1226259,1005648
Bahrain,2022-10-19,"Oxford/AstraZeneca, Pfizer/BioNTech, Sinopharm/Beijing, Sputnik V",https://healthalert.gov.bh/en/,3472758,1240781,1226269,1005708
Bahrain,2022-10-20,"Oxford/AstraZeneca, Pfizer/BioNTech, Sinopharm/Beijing, Sputnik V",https://healthalert.gov.bh/en/,3472876,1240801,1226283,1005792
Bahrain,2022-10-21,"Oxford/AstraZeneca, Pfizer/BioNTech, Sinopharm/Beijing, Sputnik V",https://healthalert.gov.bh/en/,3472956,1240806,1226294,1005856
Bahrain,2022-10-22,"Oxford/AstraZeneca, Pfizer/BioNTech, Sinopharm/Beijing, Sputnik V",https://healthalert.gov.bh/en/,3473000,1240816,1226306,1005878
Bahrain,2022-10-23,"Oxford/AstraZeneca, Pfizer/BioNTech, Sinopharm/Beijing, Sputnik V",https://healthalert.gov.bh/en/,3473111,1240835,1226317,1005959
Bahrain,2022-10-24,"Oxford/AstraZeneca, Pfizer/BioNTech, Sinopharm/Beijing, Sputnik V",https://healthalert.gov.bh/en/,3473218,1240847,1226330,1006041
Bahrain,2022-10-25,"Oxford/AstraZeneca, Pfizer/BioNTech, Sinopharm/Beijing, Sputnik V",https://healthalert.gov.bh/en/,3473312,1240850,1226339,1006123
Bahrain,2022-10-26,"Oxford/AstraZeneca, Pfizer/BioNTech, Sinopharm/Beijing, Sputnik V",https://healthalert.gov.bh/en/,3473406,1240855,1226350,1006201
Bahrain,2022-10-27,"Oxford/AstraZeneca, Pfizer/BioNTech, Sinopharm/Beijing, Sputnik V",https://healthalert.gov.bh/en/,3473529,1240864,1226373,1006292
Bahrain,2022-10-28,"Oxford/AstraZeneca, Pfizer/BioNTech, Sinopharm/Beijing, Sputnik V",https://healthalert.gov.bh/en/,3473578,1240870,1226385,1006323
Bahrain,2022-10-29,"Oxford/AstraZeneca, Pfizer/BioNTech, Sinopharm/Beijing, Sputnik V",https://healthalert.gov.bh/en/,3473606,1240870,1226389,1006347
Bahrain,2022-10-31,"Oxford/AstraZeneca, Pfizer/BioNTech, Sinopharm/Beijing, Sputnik V",https://healthalert.gov.bh/en/,3473779,1240891,1226411,1006477
Bahrain,2022-11-01,"Oxford/AstraZeneca, Pfizer/BioNTech, Sinopharm/Beijing, Sputnik V",https://healthalert.gov.bh/en/,3473855,1240903,1226421,1006531
Bahrain,2022-11-02,"Oxford/AstraZeneca, Pfizer/BioNTech, Sinopharm/Beijing, Sputnik V",https://healthalert.gov.bh/en/,3473923,1240911,1226421,1006591
Bahrain,2022-11-03,"Oxford/AstraZeneca, Pfizer/BioNTech, Sinopharm/Beijing, Sputnik V",https://healthalert.gov.bh/en/,3474002,1240914,1226439,1006649
Bahrain,2022-11-04,"Oxford/AstraZeneca, Pfizer/BioNTech, Sinopharm/Beijing, Sputnik V",https://healthalert.gov.bh/en/,3474086,1240925,1226447,1006714
Bahrain,2022-11-05,"Oxford/AstraZeneca, Pfizer/BioNTech, Sinopharm/Beijing, Sputnik V",https://healthalert.gov.bh/en/,3474118,1240927,1226453,1006738
Bahrain,2022-11-06,"Oxford/AstraZeneca, Pfizer/BioNTech, Sinopharm/Beijing, Sputnik V",https://healthalert.gov.bh/en/,3474226,1240936,1226465,1006825
Bahrain,2022-11-07,"Oxford/AstraZeneca, Pfizer/BioNTech, Sinopharm/Beijing, Sputnik V",https://healthalert.gov.bh/en/,3474324,1240946,1226478,1006900
Bahrain,2022-11-08,"Oxford/AstraZeneca, Pfizer/BioNTech, Sinopharm/Beijing, Sputnik V",https://healthalert.gov.bh/en/,3474412,1240952,1226493,1006967
Bahrain,2022-11-09,"Oxford/AstraZeneca, Pfizer/BioNTech, Sinopharm/Beijing, Sputnik V",https://healthalert.gov.bh/en/,3474497,1240963,1226501,1007033
Bahrain,2022-11-10,"Oxford/AstraZeneca, Pfizer/BioNTech, Sinopharm/Beijing, Sputnik V",https://healthalert.gov.bh/en/,3474586,1240969,1226523,1007094
Bahrain,2022-11-11,"Oxford/AstraZeneca, Pfizer/BioNTech, Sinopharm/Beijing, Sputnik V",https://healthalert.gov.bh/en/,3474652,1240972,1226530,1007150
Bahrain,2022-11-12,"Oxford/AstraZeneca, Pfizer/BioNTech, Sinopharm/Beijing, Sputnik V",https://healthalert.gov.bh/en/,3474687,1240974,1226540,1007173
Bahrain,2022-11-13,"Oxford/AstraZeneca, Pfizer/BioNTech, Sinopharm/Beijing, Sputnik V",https://healthalert.gov.bh/en/,3474789,1240986,1226556,1007247
Bahrain,2022-11-14,"Oxford/AstraZeneca, Pfizer/BioNTech, Sinopharm/Beijing, Sputnik V",https://healthalert.gov.bh/en/,3474865,1240998,1226564,1007303
Bahrain,2022-11-15,"Oxford/AstraZeneca, Pfizer/BioNTech, Sinopharm/Beijing, Sputnik V",https://healthalert.gov.bh/en/,3474920,1241008,1226569,1007343
Bahrain,2022-11-16,"Oxford/AstraZeneca, Pfizer/BioNTech, Sinopharm/Beijing, Sputnik V",https://healthalert.gov.bh/en/,3474985,1241015,1226577,1007393
Bahrain,2022-11-17,"Oxford/AstraZeneca, Pfizer/BioNTech, Sinopharm/Beijing, Sputnik V",https://healthalert.gov.bh/en/,3475101,1241025,1226588,1007488
Bahrain,2022-11-18,"Oxford/AstraZeneca, Pfizer/BioNTech, Sinopharm/Beijing, Sputnik V",https://healthalert.gov.bh/en/,3475182,1241029,1226597,1007556
Bahrain,2022-11-19,"Oxford/AstraZeneca, Pfizer/BioNTech, Sinopharm/Beijing, Sputnik V",https://healthalert.gov.bh/en/,3475215,1241038,1226603,1007574
Bahrain,2022-11-20,"Oxford/AstraZeneca, Pfizer/BioNTech, Sinopharm/Beijing, Sputnik V",https://healthalert.gov.bh/en/,3475295,1241047,1226614,1007634
Bahrain,2022-11-21,"Oxford/AstraZeneca, Pfizer/BioNTech, Sinopharm/Beijing, Sputnik V",https://healthalert.gov.bh/en/,3475379,1241050,1226633,1007696
Bahrain,2022-11-22,"Oxford/AstraZeneca, Pfizer/BioNTech, Sinopharm/Beijing, Sputnik V",https://healthalert.gov.bh/en/,3475433,1241058,1226642,1007733
Bahrain,2022-11-23,"Oxford/AstraZeneca, Pfizer/BioNTech, Sinopharm/Beijing, Sputnik V",https://healthalert.gov.bh/en/,3475491,1241063,1226653,1007775
Bahrain,2022-11-24,"Oxford/AstraZeneca, Pfizer/BioNTech, Sinopharm/Beijing, Sputnik V",https://healthalert.gov.bh/en/,3475558,1241068,1226660,1007830
Bahrain,2022-11-25,"Oxford/AstraZeneca, Pfizer/BioNTech, Sinopharm/Beijing, Sputnik V",https://healthalert.gov.bh/en/,3475626,1241072,1226670,1007884
Bahrain,2022-11-26,"Oxford/AstraZeneca, Pfizer/BioNTech, Sinopharm/Beijing, Sputnik V",https://healthalert.gov.bh/en/,3475665,1241074,1226676,1007915
Bahrain,2022-11-27,"Oxford/AstraZeneca, Pfizer/BioNTech, Sinopharm/Beijing, Sputnik V",https://healthalert.gov.bh/en/,3475735,1241082,1226691,1007962
Bahrain,2022-11-28,"Oxford/AstraZeneca, Pfizer/BioNTech, Sinopharm/Beijing, Sputnik V",https://healthalert.gov.bh/en/,3475783,1241084,1226696,1008003
Bahrain,2022-11-29,"Oxford/AstraZeneca, Pfizer/BioNTech, Sinopharm/Beijing, Sputnik V",https://healthalert.gov.bh/en/,3475851,1241093,1226701,1008057
Bahrain,2022-12-01,"CanSino, Covaxin, Johnson&Johnson, Moderna, Oxford/AstraZeneca, Pfizer/BioNTech, Sinopharm/Beijing, Sinovac, Sputnik Light, Sputnik V",https://covid19.who.int/,3476024,1241104,1226717,1008203
Bahrain,2022-12-21,"CanSino, Covaxin, Johnson&Johnson, Moderna, Oxford/AstraZeneca, Pfizer/BioNTech, Sinopharm/Beijing, Sinovac, Sputnik Light, Sputnik V",https://covid19.who.int/,3476633,1241174,1226796,1008663
