location,date,vaccine,source_url,total_vaccinations,people_vaccinated,people_fully_vaccinated,total_boosters
Burkina Faso,2021-06-02,Oxford/AstraZeneca,https://africa.cgtn.com/2021/06/02/burkina-faso-launches-covid-vaccination-programme/,200,200,,
Burkina Faso,2021-06-10,Oxford/AstraZeneca,https://covid19.who.int/,7881,7881,,
Burkina Faso,2021-06-14,Oxford/AstraZeneca,https://covid19.who.int/,17775,17775,,
Burkina Faso,2021-06-28,Oxford/AstraZeneca,https://covid19.who.int/,25833,25833,,
Burkina Faso,2021-07-12,Oxford/AstraZeneca,https://covid19.who.int/,33960,,,
Burkina Faso,2021-08-09,Oxford/AstraZeneca,https://covid19.who.int/,38405,38405,,
Burkina Faso,2021-08-16,Oxford/AstraZeneca,https://covid19.who.int/,71510,,,
Burkina Faso,2021-08-23,Oxford/AstraZeneca,https://covid19.who.int/,98670,77659,,
Burkina Faso,2021-08-31,Oxford/AstraZeneca,https://covid19.who.int/,108799,108799,13273,
Burkina Faso,2021-09-12,Oxford/AstraZeneca,https://covid19.who.int/,166160,166160,102268,
Burkina Faso,2021-09-22,Oxford/AstraZeneca,https://covid19.who.int/,254545,234490,168141,
Burkina Faso,2021-10-09,Oxford/AstraZeneca,https://covid19.who.int/,297231,273428,208994,
Burkina Faso,2021-10-24,"Johnson&Johnson, Oxford/AstraZeneca, Sinopharm/Beijing",https://covid19.who.int/,380344,,278016,
Burkina Faso,2021-10-28,"Johnson&Johnson, Oxford/AstraZeneca, Sinopharm/Beijing",https://africacdc.org/covid-19-vaccination/,622350,325119,297231,
Burkina Faso,2021-11-04,"Johnson&Johnson, Oxford/AstraZeneca, Sinopharm/Beijing",https://africacdc.org/covid-19-vaccination/,661796,364565,297231,
Burkina Faso,2021-11-23,"Johnson&Johnson, Oxford/AstraZeneca, Sinopharm/Beijing",https://covid19.who.int/,,442769,323767,
Burkina Faso,2021-12-15,"Johnson&Johnson, Oxford/AstraZeneca, Sinopharm/Beijing",https://africacdc.org/covid-19-vaccination/,776941,442769,334172,
Burkina Faso,2021-12-22,"Johnson&Johnson, Oxford/AstraZeneca, Sinopharm/Beijing",https://covid19.who.int/,1053330,972376,649320,
Burkina Faso,2022-01-04,"Johnson&Johnson, Oxford/AstraZeneca, Sinopharm/Beijing",https://covid19.who.int/,1192663,1108731,725952,
Burkina Faso,2022-01-13,"Johnson&Johnson, Oxford/AstraZeneca, Sinopharm/Beijing",https://covid19.who.int/,1259250,1169097,771895,
Burkina Faso,2022-02-17,"Johnson&Johnson, Oxford/AstraZeneca, Sinopharm/Beijing",https://africacdc.org/covid-19-vaccination/,,,,0
Burkina Faso,2022-02-20,"Johnson&Johnson, Oxford/AstraZeneca, Sinopharm/Beijing",https://covid19.who.int/,2309542,2105939,1137715,
Burkina Faso,2022-02-27,"Johnson&Johnson, Oxford/AstraZeneca, Sinopharm/Beijing",https://covid19.who.int/,2320456,2113440,1145006,
Burkina Faso,2022-03-06,"Johnson&Johnson, Oxford/AstraZeneca, Sinopharm/Beijing",https://covid19.who.int/,2330052,2117997,1152574,
Burkina Faso,2022-03-14,"Johnson&Johnson, Oxford/AstraZeneca, Sinopharm/Beijing",https://covid19.who.int/,2354907,2128284,1175380,
Burkina Faso,2022-03-20,"Johnson&Johnson, Oxford/AstraZeneca, Sinopharm/Beijing",https://covid19.who.int/,2369487,2131880,1188545,
Burkina Faso,2022-04-08,"Johnson&Johnson, Oxford/AstraZeneca, Sinopharm/Beijing",https://covid19.who.int/,2440917,2158705,1243268,
Burkina Faso,2022-05-01,"Johnson&Johnson, Oxford/AstraZeneca, Sinopharm/Beijing",https://covid19.who.int/,2928989,,1539151,
Burkina Faso,2022-05-08,"Johnson&Johnson, Oxford/AstraZeneca, Sinopharm/Beijing",https://covid19.who.int/,2928989,2432124,1539455,
Burkina Faso,2022-05-22,"Johnson&Johnson, Oxford/AstraZeneca, Sinopharm/Beijing",https://covid19.who.int/,2938655,2440839,1546170,
Burkina Faso,2022-06-05,"Johnson&Johnson, Oxford/AstraZeneca, Sinopharm/Beijing",https://covid19.who.int/,2947562,2449746,1555077,
Burkina Faso,2022-06-19,"Johnson&Johnson, Oxford/AstraZeneca, Sinopharm/Beijing",https://covid19.who.int/,2947562,2449746,1555077,0
Burkina Faso,2022-06-26,"Johnson&Johnson, Oxford/AstraZeneca, Sinopharm/Beijing",https://covid19.who.int/,2947625,2449809,1555140,0
Burkina Faso,2022-07-17,"Johnson&Johnson, Oxford/AstraZeneca, Sinopharm/Beijing",https://covid19.who.int/,3134621,2551596,1640349,
Burkina Faso,2022-08-21,"Johnson&Johnson, Oxford/AstraZeneca, Sinopharm/Beijing",https://covid19.who.int/,3474679,2583683,1689014,
Burkina Faso,2022-08-28,"Johnson&Johnson, Oxford/AstraZeneca, Sinopharm/Beijing",https://covid19.who.int/,3740943,3074643,2133394,
Burkina Faso,2022-10-02,"Johnson&Johnson, Oxford/AstraZeneca, Sinopharm/Beijing",https://covid19.who.int/,4070678,3079151,2658480,
Burkina Faso,2022-11-27,"Johnson&Johnson, Oxford/AstraZeneca, Sinopharm/Beijing",https://covid19.who.int/,5117982,4366726,3335753,
Burkina Faso,2023-02-19,"Johnson&Johnson, Oxford/AstraZeneca, Sinopharm/Beijing",https://covid19.who.int/,5856003,4531047,3502286,
Burkina Faso,2023-03-19,"Johnson&Johnson, Oxford/AstraZeneca, Sinopharm/Beijing",https://covid19.who.int/,6674010,5152110,4129254,
Burkina Faso,2023-07-23,"Johnson&Johnson, Oxford/AstraZeneca, Sinopharm/Beijing",https://covid19.who.int/,7893609,6089089,5232347,4056
