location,date,vaccine,source_url,total_vaccinations,people_vaccinated,people_fully_vaccinated,total_boosters
Chad,2021-06-10,Sinopharm/Beijing,https://covid19.who.int/,5324,5324,0,
Chad,2021-06-23,Sinopharm/Beijing,https://africacdc.org/covid-19-vaccination/,8981,8981,0,
Chad,2021-06-28,Sinopharm/Beijing,https://covid19.who.int/,9799,9799,0,
Chad,2021-07-05,Sinopharm/Beijing,https://covid19.who.int/,14604,10920,3684,
Chad,2021-07-07,Sinopharm/Beijing,https://africacdc.org/covid-19-vaccination/,20478,15966,4512,
Chad,2021-07-15,Sinopharm/Beijing,https://africacdc.org/covid-19-vaccination/,24459,18484,5975,
Chad,2021-07-21,Sinopharm/Beijing,https://africacdc.org/covid-19-vaccination/,28810,21581,7229,
Chad,2021-07-29,Sinopharm/Beijing,https://africacdc.org/covid-19-vaccination/,29980,22445,7535,
Chad,2021-08-05,Sinopharm/Beijing,https://africacdc.org/covid-19-vaccination/,36173,26511,9662,
Chad,2021-08-12,Sinopharm/Beijing,https://africacdc.org/covid-19-vaccination/,40649,29786,10863,
Chad,2021-08-19,Sinopharm/Beijing,https://africacdc.org/covid-19-vaccination/,45390,33525,11865,
Chad,2021-08-28,Sinopharm/Beijing,https://covid19.who.int/,51697,37024,14673,
Chad,2021-08-30,Sinopharm/Beijing,https://covid19.who.int/,55598,40329,15269,
Chad,2021-09-02,Sinopharm/Beijing,https://covid19.who.int/,68267,,,
Chad,2021-09-09,Sinopharm/Beijing,https://africacdc.org/covid-19-vaccination/,76242,60431,15811,
Chad,2021-09-12,Sinopharm/Beijing,https://covid19.who.int/,98302,,,
Chad,2021-09-15,Sinopharm/Beijing,https://africacdc.org/covid-19-vaccination/,104707,86821,17886,
Chad,2021-09-19,Sinopharm/Beijing,https://covid19.who.int/,123052,98213,24839,
Chad,2021-09-26,Sinopharm/Beijing,https://covid19.who.int/,142548,113135,29413,
Chad,2021-09-29,Sinopharm/Beijing,https://covid19.who.int/,154042,123426,30616,
Chad,2021-10-06,Sinopharm/Beijing,https://covid19.who.int/,173184,139591,33593,
Chad,2021-10-11,Sinopharm/Beijing,https://covid19.who.int/,183351,146669,36682,
Chad,2021-10-13,Sinopharm/Beijing,https://covid19.who.int/,191439,150842,40597,
Chad,2021-10-17,Sinopharm/Beijing,https://covid19.who.int/,199516,155038,44478,
Chad,2021-10-24,Sinopharm/Beijing,https://covid19.who.int/,224180,165934,58246,
Chad,2021-10-31,Sinopharm/Beijing,https://reliefweb.int/sites/reliefweb.int/files/resources/sitrep_covid-19_n445_du_1-31_octobre_2021.pdf,226843,166793,60050,
Chad,2021-11-03,Sinopharm/Beijing,https://covid19.who.int/,229019,167809,61210,
Chad,2021-11-07,Sinopharm/Beijing,https://covid19.who.int/,234030,170210,63820,
Chad,2021-11-10,Sinopharm/Beijing,https://covid19.who.int/,237695,172432,65263,
Chad,2021-11-14,Sinopharm/Beijing,https://covid19.who.int/,242251,175171,67080,
Chad,2021-11-21,Sinopharm/Beijing,https://covid19.who.int/,249651,179130,70521,
Chad,2021-11-27,Sinopharm/Beijing,https://covid19.who.int/,258618,185794,72824,
Chad,2021-12-05,Sinopharm/Beijing,https://covid19.who.int/,275026,198522,76504,
Chad,2021-12-12,Sinopharm/Beijing,https://covid19.who.int/,285922,205259,80663,
Chad,2022-01-16,Sinopharm/Beijing,https://covid19.who.int/,374952,254847,120105,
Chad,2022-01-30,Sinopharm/Beijing,https://covid19.who.int/,392157,254847,136143,
Chad,2022-02-04,Sinopharm/Beijing,https://covid19.who.int/,398464,267953,138854,
Chad,2022-02-17,Sinopharm/Beijing,https://africacdc.org/covid-19-vaccination/,,,,0
Chad,2022-02-18,Sinopharm/Beijing,https://covid19.who.int/,403992,271031,142452,
Chad,2022-03-04,Sinopharm/Beijing,https://covid19.who.int/,412309,276118,147640,
Chad,2022-03-11,Sinopharm/Beijing,https://covid19.who.int/,418052,281174,152238,
Chad,2022-03-18,Sinopharm/Beijing,https://covid19.who.int/,419469,282003,153238,
Chad,2022-03-29,Sinopharm/Beijing,https://covid19.who.int/,1014743,884691,755755,
Chad,2022-03-31,Sinopharm/Beijing,https://africacdc.org/covid-19-vaccination/,1640446,884691,755755,0
Chad,2022-04-09,Sinopharm/Beijing,https://covid19.who.int/,2291152,2159731,2038603,
Chad,2022-04-26,Sinopharm/Beijing,https://covid19.who.int/,2347168,2212530,2087559,
Chad,2022-05-22,Sinopharm/Beijing,https://covid19.who.int/,2352921,2214232,2089261,
Chad,2022-06-05,Sinopharm/Beijing,https://covid19.who.int/,2355126,2216437,2091466,
Chad,2022-06-19,Sinopharm/Beijing,https://covid19.who.int/,2356138,2218493,2093522,0
Chad,2022-08-14,Sinopharm/Beijing,https://covid19.who.int/,3873794,3736379,3608914,
Chad,2022-08-28,Sinopharm/Beijing,https://covid19.who.int/,3876928,3739193,3611617,
Chad,2022-10-02,Sinopharm/Beijing,https://covid19.who.int/,3879297,3746216,3619014,
Chad,2022-11-13,Sinopharm/Beijing,https://covid19.who.int/,3887776,3749370,3621866,
Chad,2022-12-11,Sinopharm/Beijing,https://covid19.who.int/,3891785,3750058,3625087,
Chad,2023-01-15,Sinopharm/Beijing,https://covid19.who.int/,6347672,6208632,,1935632
Chad,2023-02-05,Sinopharm/Beijing,https://covid19.who.int/,6367671,6228631,3625087,1939610
Chad,2023-02-19,Sinopharm/Beijing,https://covid19.who.int/,6368186,6229416,6101839,1941942
Chad,2023-02-26,Sinopharm/Beijing,https://covid19.who.int/,6379628,6240588,6113281,1942881
Chad,2023-03-05,Sinopharm/Beijing,https://covid19.who.int/,6392512,6253472,6126165,1945133
Chad,2023-03-19,Sinopharm/Beijing,https://covid19.who.int/,6393769,6254729,6127422,4042573
Chad,2023-04-02,Sinopharm/Beijing,https://covid19.who.int/,8543941,6254729,6127422,4042573
Chad,2023-05-14,Sinopharm/Beijing,https://covid19.who.int/,8547802,6254729,6127422,4042573
Chad,2023-06-11,Sinopharm/Beijing,https://covid19.who.int/,8549887,6254729,6127422,4042573
Chad,2023-07-16,Sinopharm/Beijing,https://covid19.who.int/,8559891,6254729,6127422,4042573
Chad,2023-08-13,Sinopharm/Beijing,https://covid19.who.int/,8562003,,,4042573
