location,date,vaccine,source_url,total_vaccinations,people_vaccinated,people_fully_vaccinated,total_boosters
Cook Islands,2021-05-25,Pfizer/BioNTech,https://stats.pacificdata.org/vis?tm=covid&pg=0&df[ds]=SPC2&df[id]=DF_COVID_VACCINATION&df[ag]=SPC&df[vs]=1.0,4363,4363,,
Cook Islands,2021-06-01,Pfizer/BioNTech,https://stats.pacificdata.org/vis?tm=covid&pg=0&df[ds]=SPC2&df[id]=DF_COVID_VACCINATION&df[ag]=SPC&df[vs]=1.0,8291,8291,0,
Cook Islands,2021-06-08,Pfizer/BioNTech,https://stats.pacificdata.org/vis?tm=covid&pg=0&df[ds]=SPC2&df[id]=DF_COVID_VACCINATION&df[ag]=SPC&df[vs]=1.0,9564,9535,29,
Cook Islands,2021-06-15,Pfizer/BioNTech,https://stats.pacificdata.org/vis?tm=covid&pg=0&df[ds]=SPC2&df[id]=DF_COVID_VACCINATION&df[ag]=SPC&df[vs]=1.0,12254,9589,2665,
Cook Islands,2021-06-21,Pfizer/BioNTech,https://stats.pacificdata.org/vis?tm=covid&pg=0&df[ds]=SPC2&df[id]=DF_COVID_VACCINATION&df[ag]=SPC&df[vs]=1.0,17556,9613,7943,
Cook Islands,2021-06-29,Pfizer/BioNTech,https://stats.pacificdata.org/vis?tm=covid&pg=0&df[ds]=SPC2&df[id]=DF_COVID_VACCINATION&df[ag]=SPC&df[vs]=1.0,18942,9755,9187,
Cook Islands,2021-07-20,Pfizer/BioNTech,https://stats.pacificdata.org/vis?tm=covid&pg=0&df[ds]=SPC2&df[id]=DF_COVID_VACCINATION&df[ag]=SPC&df[vs]=1.0,20509,10931,9578,
Cook Islands,2021-08-31,Pfizer/BioNTech,https://stats.pacificdata.org/vis?tm=covid&pg=0&df[ds]=SPC2&df[id]=DF_COVID_VACCINATION&df[ag]=SPC&df[vs]=1.0,22444,11404,11040,
Cook Islands,2021-10-05,Pfizer/BioNTech,https://stats.pacificdata.org/vis?tm=covid&pg=0&df[ds]=SPC2&df[id]=DF_COVID_VACCINATION&df[ag]=SPC&df[vs]=1.0,22536,11404,11132,
Cook Islands,2021-10-18,Pfizer/BioNTech,https://stats.pacificdata.org/vis?tm=covid&pg=0&df[ds]=SPC2&df[id]=DF_COVID_VACCINATION&df[ag]=SPC&df[vs]=1.0,23489,12297,11192,
Cook Islands,2021-11-08,Pfizer/BioNTech,https://stats.pacificdata.org/vis?tm=covid&pg=0&df[ds]=SPC2&df[id]=DF_COVID_VACCINATION&df[ag]=SPC&df[vs]=1.0,24326,12600,11726,
Cook Islands,2021-12-20,Pfizer/BioNTech,https://stats.pacificdata.org/vis?tm=covid&pg=0&df[ds]=SPC2&df[id]=DF_COVID_VACCINATION&df[ag]=SPC&df[vs]=1.0,25339,12841,12498,
Cook Islands,2022-01-04,Pfizer/BioNTech,https://stats.pacificdata.org/vis?tm=covid&pg=0&df[ds]=SPC2&df[id]=DF_COVID_VACCINATION&df[ag]=SPC&df[vs]=1.0,25548,12938,12610,
Cook Islands,2022-01-18,Pfizer/BioNTech,https://stats.pacificdata.org/vis?tm=covid&pg=0&df[ds]=SPC2&df[id]=DF_COVID_VACCINATION&df[ag]=SPC&df[vs]=1.0,25601,12971,12630,
Cook Islands,2022-02-14,Pfizer/BioNTech,https://stats.pacificdata.org/vis?tm=covid&pg=0&df[ds]=SPC2&df[id]=DF_COVID_VACCINATION&df[ag]=SPC&df[vs]=1.0,25764,13062,12702,
Cook Islands,2022-02-21,Pfizer/BioNTech,https://stats.pacificdata.org/vis?tm=covid&pg=0&df[ds]=SPC2&df[id]=DF_COVID_VACCINATION&df[ag]=SPC&df[vs]=1.0,27344,14571,12773,
Cook Islands,2022-02-28,Pfizer/BioNTech,https://stats.pacificdata.org/vis?tm=covid&pg=0&df[ds]=SPC2&df[id]=DF_COVID_VACCINATION&df[ag]=SPC&df[vs]=1.0,27441,14662,12779,
Cook Islands,2022-03-07,Pfizer/BioNTech,https://stats.pacificdata.org/vis?tm=covid&pg=0&df[ds]=SPC2&df[id]=DF_COVID_VACCINATION&df[ag]=SPC&df[vs]=1.0,27717,14930,12787,
Cook Islands,2022-03-14,Pfizer/BioNTech,https://stats.pacificdata.org/vis?tm=covid&pg=0&df[ds]=SPC2&df[id]=DF_COVID_VACCINATION&df[ag]=SPC&df[vs]=1.0,29233,14992,14241,
Cook Islands,2022-03-21,Pfizer/BioNTech,https://stats.pacificdata.org/vis?tm=covid&pg=0&df[ds]=SPC2&df[id]=DF_COVID_VACCINATION&df[ag]=SPC&df[vs]=1.0,29325,14992,14333,
Cook Islands,2022-03-28,Pfizer/BioNTech,https://stats.pacificdata.org/vis?tm=covid&pg=0&df[ds]=SPC2&df[id]=DF_COVID_VACCINATION&df[ag]=SPC&df[vs]=1.0,29565,14992,14573,
Cook Islands,2022-04-04,Pfizer/BioNTech,https://stats.pacificdata.org/vis?tm=covid&pg=0&df[ds]=SPC2&df[id]=DF_COVID_VACCINATION&df[ag]=SPC&df[vs]=1.0,39596,15004,14676,9916
Cook Islands,2022-06-06,Pfizer/BioNTech,https://stats.pacificdata.org/vis?tm=covid&pg=0&df[ds]=SPC2&df[id]=DF_COVID_VACCINATION&df[ag]=SPC&df[vs]=1.0,39780,15033,14685,10062
Cook Islands,2022-10-31,Pfizer/BioNTech,https://stats.pacificdata.org/vis?tm=covid&pg=0&df[ds]=SPC2&df[id]=DF_COVID_VACCINATION&df[ag]=SPC&df[vs]=1.0,39998,15084,14708,10206
Cook Islands,2022-11-07,Pfizer/BioNTech,https://stats.pacificdata.org/vis?tm=covid&pg=0&df[ds]=SPC2&df[id]=DF_COVID_VACCINATION&df[ag]=SPC&df[vs]=1.0,40744,15084,14708,10206
Cook Islands,2022-12-05,Pfizer/BioNTech,https://stats.pacificdata.org/vis?tm=covid&pg=0&df[ds]=SPC2&df[id]=DF_COVID_VACCINATION&df[ag]=SPC&df[vs]=1.0,40781,15084,14715,10209
Cook Islands,2023-02-13,Pfizer/BioNTech,https://stats.pacificdata.org/vis?tm=covid&pg=0&df[ds]=SPC2&df[id]=DF_COVID_VACCINATION&df[ag]=SPC&df[vs]=1.0,40854,15112,14728,10240
