location,date,vaccine,source_url,total_vaccinations,people_vaccinated,people_fully_vaccinated,total_boosters
Croatia,2020-12-30,Pfizer/BioNTech,https://vlada.gov.hr/news/government-approves-120-million-hrk-aid-for-areas-hit-by-earthquakes/31169,7864,7864,,
Croatia,2021-01-03,Pfizer/BioNTech,https://vlada.gov.hr/vijesti/u-hrvatskoj-361-novozarazeni-koronavirusom-stiglo-novih-17-550-doza-cjepiva-protiv-covida-19/31209,12285,12285,,
Croatia,2021-01-05,Pfizer/BioNTech,https://vlada.gov.hr/vijesti/nece-biti-popustanja-strogih-epidemioloskih-mjera-cetvero-clanova-stozera-javno-se-cijepili-protiv-koronavirusa/31223,13798,13798,,
Croatia,2021-01-07,Pfizer/BioNTech,https://www.jutarnji.hr/vijesti/hrvatska/capak-otkrio-kakve-su-nuspojave-prijavljene-u-hrvatskoj-beros-koliko-se-ljudi-cijepilo-do-sada-15022029,20603,20603,,
Croatia,2021-01-08,Pfizer/BioNTech,https://vlada.gov.hr/vijesti/epidemioloske-mjere-radi-sprjecavanja-sirenja-koronavirusa-ostaju-na-snazi-do-kraja-sijecnja/31251,24985,24985,,
Croatia,2021-01-09,Pfizer/BioNTech,https://www.jutarnji.hr/vijesti/hrvatska/cijela-posiljka-modernina-cjepiva-ide-na-baniju-pitali-smo-capaka-o-sve-povoljnijim-brojkama-jos-je-prerano-15022931,30000,30000,,
Croatia,2021-01-13,"Moderna, Pfizer/BioNTech",https://vlada.gov.hr/vijesti/nove-mjere-za-ulazak-u-hrvatsku-iz-drzava-s-novim-sojem-virusa/31290,34553,34553,,
Croatia,2021-01-14,"Moderna, Pfizer/BioNTech",https://www.24sata.hr/news/vlada-o-obnovi-zgrada-stradalih-u-potresu-robnim-zalihama-739629,38000,38000,,
Croatia,2021-01-15,"Moderna, Pfizer/BioNTech",https://vlada.gov.hr/vijesti/unatoc-povoljnijoj-epidemioloskoj-situaciji-aktualne-mjere-nece-se-mijenjati-do-31-sijecnja/31315,41532,41532,,
Croatia,2021-01-16,"Moderna, Pfizer/BioNTech",https://www.hzjz.hr/priopcenja-mediji/pocinje-docjepljivanje-drugom-dozom-cjepiva-protiv-covid-19/,45906,45906,,
Croatia,2021-01-19,"Moderna, Pfizer/BioNTech",https://www.24sata.hr/news/uzivo-pratite-presicu-stozera-740661,54304,54304,,
Croatia,2021-01-22,"Moderna, Pfizer/BioNTech",https://vlada.gov.hr/vijesti/mjere-ce-se-definirati-na-sastanku-u-nedjelju/31368,64951,,,
Croatia,2021-01-25,"Moderna, Pfizer/BioNTech",https://vlada.gov.hr/vijesti/produljuju-se-mjere-vezane-uz-trgovine-granice-i-javni-prijevoz-oprezni-smo-oko-popustanja-mjera/31376,69984,58077,11907,
Croatia,2021-01-29,"Moderna, Pfizer/BioNTech",https://vlada.gov.hr/vijesti/bozinovic-od-ponoci-nove-mjere-u-skolama-i-sportu/31402,80000,,,
Croatia,2021-02-01,"Moderna, Pfizer/BioNTech",https://vlada.gov.hr/vijesti/beros-prvi-puta-nakon-tri-mjeseca-imamo-manje-od-100-bolesnika-na-respiratoru/31419,83928,58829,25099,
Croatia,2021-02-03,"Moderna, Pfizer/BioNTech",https://vlada.gov.hr/vijesti/i-dalje-potreban-oprez-730-novih-slucajeva-zaraze/31434,87929,59064,28865,
Croatia,2021-02-04,"Moderna, Pfizer/BioNTech",https://vlada.gov.hr/vijesti/u-hrvatskoj-zabiljezeno-549-novih-slucajeva-zaraze-koronavirusom-sutra-dolazi-cjepivo-astrazenece/31456,95505,59593,35912,
Croatia,2021-02-09,"Moderna, Oxford/AstraZeneca, Pfizer/BioNTech",https://vlada.gov.hr/vijesti/vlada-donijela-plan-cijepljenja-kroz-njega-smo-istaknuli-nasu-solidarnost-i-usmjerenost-prema-najugrozenijim-skupinama/31474,102207,61241,41966,
Croatia,2021-02-11,"Moderna, Oxford/AstraZeneca, Pfizer/BioNTech",https://vlada.gov.hr/vijesti/prekoredno-cijepljenje-treba-moralno-osuditi-ne-bjezimo-od-utvrdjivanja-okolnosti/31490,112774,64775,47969,
Croatia,2021-02-15,"Moderna, Oxford/AstraZeneca, Pfizer/BioNTech",https://vlada.gov.hr/vijesti/u-hrvatskoj-se-moze-poceti-cijepiti-putem-lijecnika-obiteljske-medicine/31495,120603,67825,52778,
Croatia,2021-02-18,"Moderna, Oxford/AstraZeneca, Pfizer/BioNTech",https://vlada.gov.hr/vijesti/pojednostavljuje-se-procedura-obnove-zgrada-ostecenih-u-potresima/31526,142222,87169,55053,
Croatia,2021-02-22,"Moderna, Oxford/AstraZeneca, Pfizer/BioNTech",https://vlada.gov.hr/vijesti/razgovara-se-o-popustanju-mjera-ono-treba-biti-postupno-racionalno-i-u-kontekstu-ukupne-epidemioloske-situacije/31540,166146,108311,57835,
Croatia,2021-02-24,"Moderna, Oxford/AstraZeneca, Pfizer/BioNTech",https://vlada.gov.hr/vijesti/u-odlukama-o-popustanju-mjera-razmotrit-ce-se-porast-slucajeva/31550,184076,125771,58305,
Croatia,2021-02-25,"Moderna, Oxford/AstraZeneca, Pfizer/BioNTech",https://vlada.gov.hr/vijesti/svih-dosad-prikupljenih-101-5-milijuna-kuna-ide-za-obnovu-i-stambeno-zbrinjavanje/31563,194267,135756,58511,
Croatia,2021-03-01,"Moderna, Oxford/AstraZeneca, Pfizer/BioNTech",https://www.jutarnji.hr/vijesti/hrvatska/nacionalni-stozer-od-korone-preminula-osoba-od-40-godina-nije-imala-drugih-bolesti-15054276,213068,153085,59983,
Croatia,2021-03-04,"Moderna, Oxford/AstraZeneca, Pfizer/BioNTech",https://vlada.gov.hr/vijesti/plenkovic-hrvatska-vise-nego-pripravna-nabaviti-cjepivo-sputnjik-v-kada-ga-odobri-europska-agencija-za-lijekove/31603,242000,182000,60000,
Croatia,2021-03-08,"Moderna, Oxford/AstraZeneca, Pfizer/BioNTech",https://www.rtl.hr/vijesti-hr/novosti/hrvatska/3994562/rtlhr-doznaje-evo-koliko-je-cijepljenih-u-hrvatskoj-i-kako-stojimo-u-odnosu-na-druge-zemlje/,265223,202167,63056,
Croatia,2021-03-12,"Moderna, Oxford/AstraZeneca, Pfizer/BioNTech",https://www.rtl.hr/vijesti-hr/novosti/hrvatska/3996318/nacionalni-stozer-o-situaciji-s-koronavirusom-brojke-rastu-hoce-li-mjere-biti-produzene/?layout=vertical,300956,233423,67533,
Croatia,2021-03-19,"Moderna, Oxford/AstraZeneca, Pfizer/BioNTech",https://www.index.hr/vijesti/clanak/video-bozinovic-na-presici-stozera-najavio-stroze-kontrole-i-kazne/2262317.aspx,365082,288622,76460,
Croatia,2021-03-22,"Moderna, Oxford/AstraZeneca, Pfizer/BioNTech",https://vlada.gov.hr/vijesti/stozer-44-posto-vise-novozarazenih-u-proteklom-tjednu-prosjecna-dob-pala-na-42-5-godina/31711,390657,311448,79209,
Croatia,2021-03-26,"Moderna, Oxford/AstraZeneca, Pfizer/BioNTech",https://www.index.hr/vijesti/clanak/uzivo-stozer-odrzava-presicu-capak-govori-o-smrti-12godisnje-djevojcice/2264051.aspx,416745,335916,80829,
Croatia,2021-03-28,"Moderna, Oxford/AstraZeneca, Pfizer/BioNTech",https://vlada.gov.hr/vijesti/stozer-u-hrvatskoj-1321-novi-slucaj-zaraze-umrla-21-osoba/31752,430396,348648,81748,
Croatia,2021-03-31,"Moderna, Oxford/AstraZeneca, Pfizer/BioNTech",https://vlada.gov.hr/vijesti/u-hrvatskoj-2422-nova-slucaja-koronavirusa-20-osoba-umrlo/31787,476499,385724,89313,
Croatia,2021-04-01,"Moderna, Oxford/AstraZeneca, Pfizer/BioNTech",https://vlada.gov.hr/vijesti/u-hrvatskoj-2362-nova-slucaja-zaraze-koronavirusom-postignut-dogovor-o-novih-747-tisuca-doza-pfizerovog-cjepiva/31791,498417,404518,92380,
Croatia,2021-04-02,"Moderna, Oxford/AstraZeneca, Pfizer/BioNTech",https://vlada.gov.hr/vijesti/u-hrvatskoj-2234-novozarazenih-umrlo-29-osoba/31797,517112,419431,96047,
Croatia,2021-04-04,"Moderna, Oxford/AstraZeneca, Pfizer/BioNTech",https://vlada.gov.hr/vijesti/stozer-u-hrvatskoj-138-novozarazenih/31800,524371,426037,98334,
Croatia,2021-04-06,"Moderna, Oxford/AstraZeneca, Pfizer/BioNTech",https://vlada.gov.hr/vijesti/stozer-u-hrvatskoj-1-649-novih-slucajeva-zaraze-koronavirusom/31811,526414,427387,99027,
Croatia,2021-04-07,"Moderna, Oxford/AstraZeneca, Pfizer/BioNTech",https://www.24sata.hr/news/u-hrvatskoj-3217-novooboljelih-od-korone-preminulo-36-ljudi-755309,533409,432601,100808,
Croatia,2021-04-08,"Moderna, Oxford/AstraZeneca, Pfizer/BioNTech",https://vlada.gov.hr/vijesti/beros-uplacenih-900-milijuna-kuna-jasan-signal-vlade-da-smo-spremni-napraviti-sve-za-poboljsanje-stabilnosti-sustava/31835,543436,440890,102546,
Croatia,2021-04-09,"Moderna, Oxford/AstraZeneca, Pfizer/BioNTech",https://www.index.hr/vijesti/clanak/stozer-2535-novih-10140-testova-i-34-umrla-pogledajte-stanje-po-zupanijama/2267673.aspx,565785,458762,107023,
Croatia,2021-04-10,"Moderna, Oxford/AstraZeneca, Pfizer/BioNTech",https://vlada.gov.hr/vijesti/stozer-u-hrvatskoj-od-posljedica-koronavirusa-umrlo-39-osoba-1617-novozarazenih/31840,583931,473522,110409,
Croatia,2021-04-11,"Moderna, Oxford/AstraZeneca, Pfizer/BioNTech",https://vlada.gov.hr/vijesti/u-hrvatskoj-422-nova-slucaja-koronavirusa/31843,588183,477617,110566,
Croatia,2021-04-12,"Moderna, Oxford/AstraZeneca, Pfizer/BioNTech",https://www.index.hr/vijesti/clanak/stozer-objavio-danas-1936-novih-slucajeva-umrlo-25-osoba/2268307.aspx,595369,483825,111544,
Croatia,2021-04-13,"Moderna, Oxford/AstraZeneca, Pfizer/BioNTech",https://vlada.gov.hr/vijesti/stozer-3-099-osoba-zarazeno-koronavirusom/31857,605423,491601,113822,
Croatia,2021-04-14,"Moderna, Oxford/AstraZeneca, Pfizer/BioNTech",https://www.index.hr/vijesti/clanak/stozer-danas-2927-novih-slucajeva-od-10876-testiranih-43-umrlih/2268892.aspx,617516,500233,117283,
Croatia,2021-04-15,"Moderna, Oxford/AstraZeneca, Pfizer/BioNTech",https://vlada.gov.hr/vijesti/stize-1-8-milijuna-doza-pfizerova-cjepiva/31886,643834,519375,124459,
Croatia,2021-04-16,"Moderna, Oxford/AstraZeneca, Pfizer/BioNTech",https://vlada.gov.hr/vijesti/u-hrvatskoj-2627-novozarazenih-i-37-smrtnih-slucajeva/31891,671839,539487,132352,
Croatia,2021-04-17,"Moderna, Oxford/AstraZeneca, Pfizer/BioNTech",https://www.index.hr/vijesti/clanak/stozer-1565-novih-na-7535-testiranih-umrlo-39-osoba/2269616.aspx,691265,552559,138706,
Croatia,2021-04-18,"Moderna, Oxford/AstraZeneca, Pfizer/BioNTech",https://www.index.hr/vijesti/clanak/stozer-410-novozarazenih-2728-testiranja-i-39-umrlih-evo-brojki-po-zupanijama/2269775.aspx,693530,553883,139647,
Croatia,2021-04-19,"Moderna, Oxford/AstraZeneca, Pfizer/BioNTech",https://vlada.gov.hr/vijesti/stozer-u-hrvatskoj-42-umrlih-2106-novozarazenih/31904,698032,556969,141063,
Croatia,2021-04-20,"Moderna, Oxford/AstraZeneca, Pfizer/BioNTech",https://www.index.hr/vijesti/clanak/stozer-imamo-3117-novih-na-10523-testa-umrlo-49-ljudi/2270375.aspx,708960,565164,143796,
Croatia,2021-04-21,"Moderna, Oxford/AstraZeneca, Pfizer/BioNTech",https://www.index.hr/vijesti/clanak/sluzbeno-danas-2885-novih-od-10537-testiranih-umrlo-46-ljudi/2270663.aspx,726315,578273,148042,
Croatia,2021-04-22,"Moderna, Oxford/AstraZeneca, Pfizer/BioNTech",https://www.index.hr/vijesti/clanak/uzivo-bozinovic-na-presici-stozera-uvode-se-nove-mjere-u-dvije-zupanije/2270977.aspx,746878,593972,152906,
Croatia,2021-04-23,"Moderna, Oxford/AstraZeneca, Pfizer/BioNTech",https://vlada.gov.hr/vijesti/stozer-u-hrvatskoj-2535-novooboljelih-a-umrla-je-31-osoba/31946,770221,611792,158429,
Croatia,2021-04-24,"Moderna, Oxford/AstraZeneca, Pfizer/BioNTech",https://www.index.hr/vijesti/clanak/uzivo-stozer-imamo-1254-nova-slucaja-na-7007-testova-39-mrtvih/2271381.aspx,785869,621077,164792,
Croatia,2021-04-25,"Moderna, Oxford/AstraZeneca, Pfizer/BioNTech",https://www.index.hr/vijesti/clanak/sluzbeno-danas-imamo-410-novih-slucajeva-umrla-51-osoba/2271576.aspx,795597,627216,168381,
Croatia,2021-04-26,"Moderna, Oxford/AstraZeneca, Pfizer/BioNTech",https://vlada.gov.hr/vijesti/u-hrvatskoj-1797-novih-slucajeva-zaraze-52-osobe-preminule/31961,798717,629108,169609,
Croatia,2021-04-27,"Moderna, Oxford/AstraZeneca, Pfizer/BioNTech",https://www.index.hr/vijesti/clanak/sluzbeno-44-osobe-umrle-imamo-2904-novih-slucajeva-od-12032-testiranih/2272130.aspx,812984,639564,173420,
Croatia,2021-04-28,"Moderna, Oxford/AstraZeneca, Pfizer/BioNTech",https://www.index.hr/vijesti/clanak/sluzbeno-danas-39-umrlih-2439-pozitivnih-od-10358-testiranih/2272384.aspx,825839,648709,177130,
Croatia,2021-04-29,"Moderna, Oxford/AstraZeneca, Pfizer/BioNTech",https://www.index.hr/vijesti/clanak/uzivo-bozinovic-govori-o-mjerama/2272681.aspx,872726,682757,189969,
Croatia,2021-04-30,"Moderna, Oxford/AstraZeneca, Pfizer/BioNTech",https://www.index.hr/vijesti/clanak/sluzbeno-umrlo-49-osoba-broj-novih-slucajeva-manji-nego-prosle-subote/2272873.aspx,901120,702470,198650,
Croatia,2021-05-01,"Moderna, Oxford/AstraZeneca, Pfizer/BioNTech",https://www.index.hr/vijesti/clanak/52-umrla-manje-novozarazenih-u-nedjelju-nije-bilo-od-213-evo-stanja-po-zupanijama/2273062.aspx,907575,707057,200518,
Croatia,2021-05-02,"Moderna, Oxford/AstraZeneca, Pfizer/BioNTech",https://www.index.hr/vijesti/clanak/stozer-imamo-349-novih-i-4193-testiranja-umrlo-36-ljudi/2273224.aspx,908839,708137,200702,
Croatia,2021-05-03,"Moderna, Oxford/AstraZeneca, Pfizer/BioNTech",https://www.index.hr/vijesti/clanak/stozer-umrlo-46-ljudi-imamo-1396-novih-na-9040-testova-zupanije-jos-salju-brojke/2273475.aspx,921527,716861,204666,
Croatia,2021-05-04,"Moderna, Oxford/AstraZeneca, Pfizer/BioNTech",https://www.index.hr/vijesti/clanak/stozer-2494-nova-na-10446-testiranih-umrla-51-osoba/2273728.aspx,944398,734556,209842,
Croatia,2021-05-05,"Moderna, Oxford/AstraZeneca, Pfizer/BioNTech",https://www.index.hr/vijesti/clanak/sluzbeno-umrlo-je-40-ljudi-danas-imamo-1640-novih-slucajeva/2274021.aspx,979181,760805,218376,
Croatia,2021-05-06,"Moderna, Oxford/AstraZeneca, Pfizer/BioNTech",https://www.index.hr/vijesti/clanak/sluzbeno-33-osobe-umrle-danas-1435-novih-slucajeva-od-7682-testiranih/2274290.aspx,1025701,796909,228792,
Croatia,2021-05-07,"Moderna, Oxford/AstraZeneca, Pfizer/BioNTech",https://www.koronavirus.hr/cijepljena-svaka-cetvrta-odrasla-osoba/945,1078760,835320,243440,
Croatia,2021-05-08,"Moderna, Oxford/AstraZeneca, Pfizer/BioNTech",https://www.koronavirus.hr/najnovije/665-novih-slucajeva-u-protekla-24-sata-u-bolnicama-ukupno-2-032-osobe/35,1117709,867621,250088,
Croatia,2021-05-09,"Moderna, Oxford/AstraZeneca, Pfizer/BioNTech",https://www.koronavirus.hr/najnovije/253-nova-slucaja-u-protekla-24-sata-u-bolnicama-ukupno-2-033-osobe/35,1131607,879312,252295,
Croatia,2021-05-10,"Moderna, Oxford/AstraZeneca, Pfizer/BioNTech",https://www.koronavirus.hr/najnovije/876-novih-slucajeva-u-protekla-24-sata-u-bolnicama-ukupno-1-928-osoba/35,1154319,894881,259438,
Croatia,2021-05-11,"Moderna, Oxford/AstraZeneca, Pfizer/BioNTech",https://www.koronavirus.hr/najnovije/1-471-novi-slucaj-u-protekla-24-sata-u-bolnicama-ukupno-1-892-osobe/35,1186581,919139,267442,
Croatia,2021-05-13,"Moderna, Oxford/AstraZeneca, Pfizer/BioNTech",https://www.koronavirus.hr/najnovije/926-novih-slucajeva-u-protekla-24-sata-u-bolnicama-ukupno-1-752-osobe/35,1268281,980177,288104,
Croatia,2021-05-14,"Moderna, Oxford/AstraZeneca, Pfizer/BioNTech",https://www.koronavirus.hr/najnovije/826-novih-slucajeva-u-protekla-24-sata-u-bolnicama-ukupno-1-684-osobe/35,1310456,1009609,300847,
Croatia,2021-05-15,"Moderna, Oxford/AstraZeneca, Pfizer/BioNTech",https://www.koronavirus.hr/najnovije/480-novih-slucajeva-u-protekla-24-sata-utroseno-36-535-doza-cjepiva/35,1346991,1039233,307758,
Croatia,2021-05-16,"Moderna, Oxford/AstraZeneca, Pfizer/BioNTech",https://www.koronavirus.hr/najnovije/116-novih-slucajeva-u-protekla-24-sata-utroseno-2-456-doza-cjepiva/35,1349447,1041215,308232,
Croatia,2021-05-17,"Moderna, Oxford/AstraZeneca, Pfizer/BioNTech",https://www.koronavirus.hr/najnovije/491-novi-slucaj-u-protekla-24-sata-utrosene-20-522-doze-cjepiva/35,1369969,1052032,317937,
Croatia,2021-05-18,"Moderna, Oxford/AstraZeneca, Pfizer/BioNTech",https://www.koronavirus.hr/najnovije/1-000-novih-slucajeva-u-protekla-24-sata-utroseno-36-310-doza-cjepiva/35,1406279,1078103,328176,
Croatia,2021-05-19,"Moderna, Oxford/AstraZeneca, Pfizer/BioNTech",https://www.koronavirus.hr/najnovije/695-novih-slucajeva-u-protekla-24-sata-utroseno-43-890-doza-cjepiva/35,1450169,1109161,341008,
Croatia,2021-05-21,"Moderna, Oxford/AstraZeneca, Pfizer/BioNTech",https://www.koronavirus.hr,1549368,1157655,391713,
Croatia,2021-05-22,"Moderna, Oxford/AstraZeneca, Pfizer/BioNTech",https://www.koronavirus.hr,1581292,1179998,401294,
Croatia,2021-05-23,"Moderna, Oxford/AstraZeneca, Pfizer/BioNTech",https://www.koronavirus.hr,1582821,1181255,401566,
Croatia,2021-05-24,"Moderna, Oxford/AstraZeneca, Pfizer/BioNTech",https://www.koronavirus.hr,1605287,1195088,410199,
Croatia,2021-05-25,"Moderna, Oxford/AstraZeneca, Pfizer/BioNTech",https://www.koronavirus.hr,1608291,1197164,411127,
Croatia,2021-05-26,"Moderna, Oxford/AstraZeneca, Pfizer/BioNTech",https://www.koronavirus.hr,1645332,1221109,424223,
Croatia,2021-05-27,"Moderna, Oxford/AstraZeneca, Pfizer/BioNTech",https://www.koronavirus.hr,1686585,1240309,446276,
Croatia,2021-05-28,"Moderna, Oxford/AstraZeneca, Pfizer/BioNTech",https://www.koronavirus.hr,1722430,1254659,467771,
Croatia,2021-05-29,"Moderna, Oxford/AstraZeneca, Pfizer/BioNTech",https://www.koronavirus.hr,1748726,1270392,478334,
Croatia,2021-05-30,"Moderna, Oxford/AstraZeneca, Pfizer/BioNTech",https://www.koronavirus.hr,1751087,1272513,478574,
Croatia,2021-05-31,"Moderna, Oxford/AstraZeneca, Pfizer/BioNTech",https://www.koronavirus.hr,1773289,1280300,492989,
Croatia,2021-06-01,"Moderna, Oxford/AstraZeneca, Pfizer/BioNTech",https://www.koronavirus.hr,1803557,1293847,509710,
Croatia,2021-06-02,"Moderna, Oxford/AstraZeneca, Pfizer/BioNTech",https://www.koronavirus.hr,1847314,1312272,535042,
Croatia,2021-06-03,"Moderna, Oxford/AstraZeneca, Pfizer/BioNTech",https://www.koronavirus.hr,1855003,1317038,537965,
Croatia,2021-06-04,"Moderna, Oxford/AstraZeneca, Pfizer/BioNTech",https://www.koronavirus.hr,1885772,1329754,556018,
Croatia,2021-06-05,"Moderna, Oxford/AstraZeneca, Pfizer/BioNTech",https://www.koronavirus.hr,1902092,1337469,564623,
Croatia,2021-06-06,"Moderna, Oxford/AstraZeneca, Pfizer/BioNTech",https://www.koronavirus.hr,1903673,1338154,565519,
Croatia,2021-06-07,"Moderna, Oxford/AstraZeneca, Pfizer/BioNTech",https://www.koronavirus.hr,1920656,1345741,574915,
Croatia,2021-06-08,"Moderna, Oxford/AstraZeneca, Pfizer/BioNTech",https://www.koronavirus.hr,1947784,1357103,590681,
Croatia,2021-06-10,"Moderna, Oxford/AstraZeneca, Pfizer/BioNTech",https://www.koronavirus.hr,2042889,1386564,656325,
Croatia,2021-06-11,"Moderna, Oxford/AstraZeneca, Pfizer/BioNTech",https://www.koronavirus.hr,2087157,1401647,685510,
Croatia,2021-06-13,"Moderna, Oxford/AstraZeneca, Pfizer/BioNTech",https://www.koronavirus.hr,2139816,1413933,725833,
Croatia,2021-06-14,"Moderna, Oxford/AstraZeneca, Pfizer/BioNTech",https://www.koronavirus.hr,2164874,1419924,744950,
Croatia,2021-06-15,"Moderna, Oxford/AstraZeneca, Pfizer/BioNTech",https://www.koronavirus.hr,2196552,1427566,768986,
Croatia,2021-06-16,"Moderna, Oxford/AstraZeneca, Pfizer/BioNTech",https://www.koronavirus.hr,2219196,1428340,790856,
Croatia,2021-06-18,"Moderna, Oxford/AstraZeneca, Pfizer/BioNTech",https://www.koronavirus.hr,2318428,1442925,875503,
Croatia,2021-06-20,"Moderna, Oxford/AstraZeneca, Pfizer/BioNTech",https://www.koronavirus.hr,2359472,1450798,908674,
Croatia,2021-06-21,"Moderna, Oxford/AstraZeneca, Pfizer/BioNTech",https://www.koronavirus.hr,2379658,1455647,924011,
Croatia,2021-06-22,"Moderna, Oxford/AstraZeneca, Pfizer/BioNTech",https://www.koronavirus.hr,2389633,1456750,932833,
Croatia,2021-06-23,"Moderna, Oxford/AstraZeneca, Pfizer/BioNTech",https://www.koronavirus.hr,2424695,1462287,962408,
Croatia,2021-06-25,"Moderna, Oxford/AstraZeneca, Pfizer/BioNTech",https://www.koronavirus.hr,2502912,1472708,1030204,
Croatia,2021-06-26,"Moderna, Oxford/AstraZeneca, Pfizer/BioNTech",https://www.koronavirus.hr,2524626,1476642,1047984,
Croatia,2021-06-27,"Moderna, Oxford/AstraZeneca, Pfizer/BioNTech",https://www.koronavirus.hr,2529612,1478516,1051096,
Croatia,2021-06-28,"Moderna, Oxford/AstraZeneca, Pfizer/BioNTech",https://www.koronavirus.hr,2545040,1482581,1062459,
Croatia,2021-06-29,"Moderna, Oxford/AstraZeneca, Pfizer/BioNTech",https://www.koronavirus.hr,2573481,1488707,1084774,
Croatia,2021-07-02,"Moderna, Oxford/AstraZeneca, Pfizer/BioNTech",https://www.koronavirus.hr,2633195,1500932,1132263,
Croatia,2021-07-03,"Moderna, Oxford/AstraZeneca, Pfizer/BioNTech",https://www.koronavirus.hr,2664327,1506223,1158104,
Croatia,2021-07-04,"Moderna, Oxford/AstraZeneca, Pfizer/BioNTech",https://www.koronavirus.hr,2669307,1508083,1161224,
Croatia,2021-07-05,"Moderna, Oxford/AstraZeneca, Pfizer/BioNTech",https://www.koronavirus.hr,2687515,1511987,1175528,
Croatia,2021-07-06,"Moderna, Oxford/AstraZeneca, Pfizer/BioNTech",https://www.koronavirus.hr,2714126,1518820,1195306,
Croatia,2021-07-07,"Moderna, Oxford/AstraZeneca, Pfizer/BioNTech",https://www.koronavirus.hr,2741251,1526876,1214375,
Croatia,2021-07-09,"Moderna, Oxford/AstraZeneca, Pfizer/BioNTech",https://www.koronavirus.hr,2792456,1543689,1248767,
Croatia,2021-07-10,"Moderna, Oxford/AstraZeneca, Pfizer/BioNTech",https://www.koronavirus.hr,2814234,1550632,1263602,
Croatia,2021-07-11,"Moderna, Oxford/AstraZeneca, Pfizer/BioNTech",https://www.koronavirus.hr,2817143,1552689,1264454,
Croatia,2021-07-12,"Moderna, Oxford/AstraZeneca, Pfizer/BioNTech",https://www.koronavirus.hr,2833080,1557706,1275374,
Croatia,2021-07-13,"Moderna, Oxford/AstraZeneca, Pfizer/BioNTech",https://www.koronavirus.hr,2848709,1562081,1286628,
Croatia,2021-07-14,"Moderna, Oxford/AstraZeneca, Pfizer/BioNTech",https://www.koronavirus.hr,2870866,1569371,1301495,
Croatia,2021-07-16,"Moderna, Oxford/AstraZeneca, Pfizer/BioNTech",https://www.koronavirus.hr,2906350,1584407,1321943,
Croatia,2021-07-17,"Moderna, Oxford/AstraZeneca, Pfizer/BioNTech",https://www.koronavirus.hr,2915530,1588753,1326777,
Croatia,2021-07-18,"Moderna, Oxford/AstraZeneca, Pfizer/BioNTech",https://www.koronavirus.hr,2917001,1589579,1327422,
Croatia,2021-07-19,"Moderna, Oxford/AstraZeneca, Pfizer/BioNTech",https://www.koronavirus.hr,2930768,1593590,1337178,
Croatia,2021-07-20,"Moderna, Oxford/AstraZeneca, Pfizer/BioNTech",https://www.koronavirus.hr,2948798,1599146,1349652,
Croatia,2021-07-21,"Moderna, Oxford/AstraZeneca, Pfizer/BioNTech",https://www.koronavirus.hr,2965335,1604513,1360822,
Croatia,2021-07-22,"Moderna, Oxford/AstraZeneca, Pfizer/BioNTech",https://www.koronavirus.hr,2980716,1610989,1369727,
Croatia,2021-07-23,"Moderna, Oxford/AstraZeneca, Pfizer/BioNTech",https://www.koronavirus.hr,2997335,1617306,1380029,
Croatia,2021-07-25,"Moderna, Oxford/AstraZeneca, Pfizer/BioNTech",https://www.koronavirus.hr,3008752,1620439,1388313,
Croatia,2021-07-26,"Moderna, Oxford/AstraZeneca, Pfizer/BioNTech",https://www.koronavirus.hr,3018451,1623475,1394976,
Croatia,2021-07-27,"Moderna, Oxford/AstraZeneca, Pfizer/BioNTech",https://www.koronavirus.hr,3031563,1628084,1403479,
Croatia,2021-07-28,"Moderna, Oxford/AstraZeneca, Pfizer/BioNTech",https://www.koronavirus.hr,3042701,1632151,1410550,
Croatia,2021-07-30,"Moderna, Oxford/AstraZeneca, Pfizer/BioNTech",https://www.koronavirus.hr,3068657,1643402,1425255,
Croatia,2021-07-31,"Moderna, Oxford/AstraZeneca, Pfizer/BioNTech",https://www.koronavirus.hr,3078364,1646466,1431898,
Croatia,2021-08-01,"Moderna, Oxford/AstraZeneca, Pfizer/BioNTech",https://www.koronavirus.hr,3080719,1647156,1433563,
Croatia,2021-08-02,"Moderna, Oxford/AstraZeneca, Pfizer/BioNTech",https://www.koronavirus.hr,3091467,1650326,1493859,
Croatia,2021-08-03,"Moderna, Oxford/AstraZeneca, Pfizer/BioNTech",https://www.koronavirus.hr,3099209,1653601,1498932,
Croatia,2021-08-04,"Moderna, Oxford/AstraZeneca, Pfizer/BioNTech",https://www.koronavirus.hr,3109586,1656936,1506706,
Croatia,2021-08-05,"Moderna, Oxford/AstraZeneca, Pfizer/BioNTech",https://www.koronavirus.hr,3110259,1657443,1506924,
Croatia,2021-08-06,"Moderna, Oxford/AstraZeneca, Pfizer/BioNTech",https://www.koronavirus.hr,3118842,1660504,1513106,
Croatia,2021-08-07,"Moderna, Oxford/AstraZeneca, Pfizer/BioNTech",https://www.koronavirus.hr,3123548,1662342,1516479,
Croatia,2021-08-08,"Moderna, Oxford/AstraZeneca, Pfizer/BioNTech",https://www.koronavirus.hr,3125230,1663029,1517761,
Croatia,2021-08-09,"Moderna, Oxford/AstraZeneca, Pfizer/BioNTech",https://www.koronavirus.hr,3131892,1665334,1522586,
Croatia,2021-08-10,"Moderna, Oxford/AstraZeneca, Pfizer/BioNTech",https://www.koronavirus.hr,3140874,1667896,1529492,
Croatia,2021-08-11,"Moderna, Oxford/AstraZeneca, Pfizer/BioNTech",https://www.koronavirus.hr,3148900,1671367,1534745,
Croatia,2021-08-12,"Moderna, Oxford/AstraZeneca, Pfizer/BioNTech",https://www.koronavirus.hr,3157783,1674878,1540880,
Croatia,2021-08-13,"Moderna, Oxford/AstraZeneca, Pfizer/BioNTech",https://www.koronavirus.hr,3166258,1678479,1546645,
Croatia,2021-08-15,"Moderna, Oxford/AstraZeneca, Pfizer/BioNTech",https://www.koronavirus.hr,3170096,1679731,1549881,
Croatia,2021-08-16,"Moderna, Oxford/AstraZeneca, Pfizer/BioNTech",https://www.koronavirus.hr,3176538,1682143,1554491,
Croatia,2021-08-17,"Moderna, Oxford/AstraZeneca, Pfizer/BioNTech",https://www.koronavirus.hr,3182592,1684554,1558636,
Croatia,2021-08-18,"Moderna, Oxford/AstraZeneca, Pfizer/BioNTech",https://www.koronavirus.hr,3191520,1688016,1564842,
Croatia,2021-08-19,"Moderna, Oxford/AstraZeneca, Pfizer/BioNTech",https://www.koronavirus.hr,3200638,1691778,1571296,
Croatia,2021-08-20,"Moderna, Oxford/AstraZeneca, Pfizer/BioNTech",https://www.koronavirus.hr,3208101,1694827,1576504,
Croatia,2021-08-21,"Moderna, Oxford/AstraZeneca, Pfizer/BioNTech",https://www.koronavirus.hr,3212084,1697152,1578699,
Croatia,2021-08-22,"Moderna, Oxford/AstraZeneca, Pfizer/BioNTech",https://www.koronavirus.hr,3212783,1697583,1579035,
Croatia,2021-08-23,"Moderna, Oxford/AstraZeneca, Pfizer/BioNTech",https://www.koronavirus.hr,3219595,1700378,1583703,
Croatia,2021-08-24,"Moderna, Oxford/AstraZeneca, Pfizer/BioNTech",https://www.koronavirus.hr,3227814,1703929,1589077,
Croatia,2021-08-26,"Moderna, Oxford/AstraZeneca, Pfizer/BioNTech",https://www.koronavirus.hr,3244822,1712434,1599278,
Croatia,2021-08-27,"Moderna, Oxford/AstraZeneca, Pfizer/BioNTech",https://www.koronavirus.hr,3253119,1716520,1604377,
Croatia,2021-08-28,"Moderna, Oxford/AstraZeneca, Pfizer/BioNTech",https://www.koronavirus.hr,3257094,1718925,1606701,
Croatia,2021-08-29,"Moderna, Oxford/AstraZeneca, Pfizer/BioNTech",https://www.koronavirus.hr,3258375,1719744,1607430,
Croatia,2021-08-30,"Moderna, Oxford/AstraZeneca, Pfizer/BioNTech",https://www.koronavirus.hr,3264851,1723136,1611262,
Croatia,2021-09-01,"Moderna, Oxford/AstraZeneca, Pfizer/BioNTech",https://www.koronavirus.hr,3278961,1730522,1619592,
Croatia,2021-09-02,"Moderna, Oxford/AstraZeneca, Pfizer/BioNTech",https://www.koronavirus.hr,3286459,1734997,1624041,
Croatia,2021-09-03,"Moderna, Oxford/AstraZeneca, Pfizer/BioNTech",https://www.koronavirus.hr,3293563,1738722,1628334,
Croatia,2021-09-04,"Moderna, Oxford/AstraZeneca, Pfizer/BioNTech",https://www.koronavirus.hr,3296797,1740837,1630259,
Croatia,2021-09-05,"Moderna, Oxford/AstraZeneca, Pfizer/BioNTech",https://www.koronavirus.hr,3297256,1741244,1630465,
Croatia,2021-09-06,"Moderna, Oxford/AstraZeneca, Pfizer/BioNTech",https://www.koronavirus.hr,3302352,1744048,1633388,
Croatia,2021-09-08,"Moderna, Oxford/AstraZeneca, Pfizer/BioNTech",https://www.koronavirus.hr,3314168,1750418,,
Croatia,2021-09-09,"Moderna, Oxford/AstraZeneca, Pfizer/BioNTech",https://www.koronavirus.hr,3321265,1754731,,
Croatia,2021-09-10,"Moderna, Oxford/AstraZeneca, Pfizer/BioNTech",https://www.koronavirus.hr,3326927,1757756,,
Croatia,2021-09-11,"Moderna, Oxford/AstraZeneca, Pfizer/BioNTech",https://www.koronavirus.hr,3330644,1759542,,
Croatia,2021-09-12,"Moderna, Oxford/AstraZeneca, Pfizer/BioNTech",https://www.koronavirus.hr,3331246,1759871,,
Croatia,2021-09-13,"Moderna, Oxford/AstraZeneca, Pfizer/BioNTech",https://www.koronavirus.hr,3335991,1762738,,
Croatia,2021-09-14,"Moderna, Oxford/AstraZeneca, Pfizer/BioNTech",https://www.koronavirus.hr,3341864,1766447,,
Croatia,2021-09-15,"Moderna, Oxford/AstraZeneca, Pfizer/BioNTech",https://www.koronavirus.hr,3348958,1770818,,
Croatia,2021-09-16,"Moderna, Oxford/AstraZeneca, Pfizer/BioNTech",https://www.koronavirus.hr,3356659,1775653,,
Croatia,2021-09-17,"Moderna, Oxford/AstraZeneca, Pfizer/BioNTech",https://www.koronavirus.hr,3364565,1780180,,
Croatia,2021-09-18,"Moderna, Oxford/AstraZeneca, Pfizer/BioNTech",https://www.koronavirus.hr,3368323,1782472,,
Croatia,2021-09-19,"Moderna, Oxford/AstraZeneca, Pfizer/BioNTech",https://www.koronavirus.hr,3369026,1782796,,
Croatia,2021-09-20,"Moderna, Oxford/AstraZeneca, Pfizer/BioNTech",https://www.koronavirus.hr,3374095,1785666,,
Croatia,2021-09-21,"Moderna, Oxford/AstraZeneca, Pfizer/BioNTech",https://www.koronavirus.hr,3380570,1789718,,
Croatia,2021-09-22,"Moderna, Oxford/AstraZeneca, Pfizer/BioNTech",https://www.koronavirus.hr,3388015,1793806,,
Croatia,2021-09-23,"Moderna, Oxford/AstraZeneca, Pfizer/BioNTech",https://www.koronavirus.hr,3397030,1799370,,
Croatia,2021-09-24,"Moderna, Oxford/AstraZeneca, Pfizer/BioNTech",https://www.koronavirus.hr,3404014,1803468,,
Croatia,2021-09-25,"Moderna, Oxford/AstraZeneca, Pfizer/BioNTech",https://www.koronavirus.hr,3407385,1805370,,
Croatia,2021-09-26,"Moderna, Oxford/AstraZeneca, Pfizer/BioNTech",https://www.koronavirus.hr,3408049,1805773,,
Croatia,2021-09-27,"Moderna, Oxford/AstraZeneca, Pfizer/BioNTech",https://www.koronavirus.hr,3413174,1808877,,
Croatia,2021-09-28,"Moderna, Oxford/AstraZeneca, Pfizer/BioNTech",https://www.koronavirus.hr,3419381,1812532,,
Croatia,2021-09-29,"Moderna, Oxford/AstraZeneca, Pfizer/BioNTech",https://www.koronavirus.hr,3428029,1817444,,
Croatia,2021-09-30,"Moderna, Oxford/AstraZeneca, Pfizer/BioNTech",https://www.koronavirus.hr,3436799,1822966,,
Croatia,2021-10-02,"Moderna, Oxford/AstraZeneca, Pfizer/BioNTech",https://www.koronavirus.hr,3447108,1829251,,
Croatia,2021-10-04,"Moderna, Oxford/AstraZeneca, Pfizer/BioNTech",https://www.koronavirus.hr,3453133,1832889,,
Croatia,2021-10-05,"Moderna, Oxford/AstraZeneca, Pfizer/BioNTech",https://www.koronavirus.hr,3460702,,,
Croatia,2021-10-06,"Johnson&Johnson, Moderna, Oxford/AstraZeneca, Pfizer/BioNTech",https://www.koronavirus.hr,3467940,,,
Croatia,2021-10-07,"Johnson&Johnson, Moderna, Oxford/AstraZeneca, Pfizer/BioNTech",https://www.koronavirus.hr,3475957,,,
Croatia,2021-10-09,"Johnson&Johnson, Moderna, Oxford/AstraZeneca, Pfizer/BioNTech",https://www.koronavirus.hr,3486177,1852552,,
Croatia,2021-10-10,"Johnson&Johnson, Moderna, Oxford/AstraZeneca, Pfizer/BioNTech",https://www.koronavirus.hr,3486793,1852899,1633894,
Croatia,2021-10-11,"Johnson&Johnson, Moderna, Oxford/AstraZeneca, Pfizer/BioNTech",https://www.koronavirus.hr,3491225,1855439,1737752,
Croatia,2021-10-12,"Johnson&Johnson, Moderna, Oxford/AstraZeneca, Pfizer/BioNTech",https://www.koronavirus.hr,3496972,1858610,1741129,
Croatia,2021-10-13,"Johnson&Johnson, Moderna, Oxford/AstraZeneca, Pfizer/BioNTech",https://www.koronavirus.hr,3503116,1861783,1744717,
Croatia,2021-10-14,"Johnson&Johnson, Moderna, Oxford/AstraZeneca, Pfizer/BioNTech",https://www.koronavirus.hr,3510623,1865665,1749058,
Croatia,2021-10-15,"Johnson&Johnson, Moderna, Oxford/AstraZeneca, Pfizer/BioNTech",https://www.koronavirus.hr,3516613,1868374,1752644,
Croatia,2021-10-16,"Johnson&Johnson, Moderna, Oxford/AstraZeneca, Pfizer/BioNTech",https://www.koronavirus.hr,3520008,1870176,1754676,
Croatia,2021-10-17,"Johnson&Johnson, Moderna, Oxford/AstraZeneca, Pfizer/BioNTech",https://www.koronavirus.hr,3520417,1870455,1754919,
Croatia,2021-10-18,"Johnson&Johnson, Moderna, Oxford/AstraZeneca, Pfizer/BioNTech",https://www.koronavirus.hr,3524319,1872076,1757089,
Croatia,2021-10-19,"Johnson&Johnson, Moderna, Oxford/AstraZeneca, Pfizer/BioNTech",https://www.koronavirus.hr,3530290,1875073,1760158,
Croatia,2021-10-20,"Johnson&Johnson, Moderna, Oxford/AstraZeneca, Pfizer/BioNTech",https://www.koronavirus.hr,3537299,1877622,1763617,
Croatia,2021-10-21,"Johnson&Johnson, Moderna, Oxford/AstraZeneca, Pfizer/BioNTech",https://www.koronavirus.hr,3545766,1881702,1767965,
Croatia,2021-10-22,"Johnson&Johnson, Moderna, Oxford/AstraZeneca, Pfizer/BioNTech",https://www.koronavirus.hr,3554203,1885279,1772187,
Croatia,2021-10-23,"Johnson&Johnson, Moderna, Oxford/AstraZeneca, Pfizer/BioNTech",https://www.koronavirus.hr,3557853,1886923,1774037,
Croatia,2021-10-24,"Johnson&Johnson, Moderna, Oxford/AstraZeneca, Pfizer/BioNTech",https://www.koronavirus.hr,3558842,1887251,1774513,
Croatia,2021-10-25,"Johnson&Johnson, Moderna, Oxford/AstraZeneca, Pfizer/BioNTech",https://www.koronavirus.hr,3566066,1889710,1777373,
Croatia,2021-10-26,"Johnson&Johnson, Moderna, Oxford/AstraZeneca, Pfizer/BioNTech",https://www.koronavirus.hr,3575459,1894067,1781470,
Croatia,2021-10-28,"Johnson&Johnson, Moderna, Oxford/AstraZeneca, Pfizer/BioNTech",https://www.koronavirus.hr,3599586,1903995,1791056,
Croatia,2021-10-29,"Johnson&Johnson, Moderna, Oxford/AstraZeneca, Pfizer/BioNTech",https://www.koronavirus.hr,3610412,1908486,1795287,
Croatia,2021-10-31,"Johnson&Johnson, Moderna, Oxford/AstraZeneca, Pfizer/BioNTech",https://www.koronavirus.hr,3616491,1911657,1798069,
Croatia,2021-11-01,"Johnson&Johnson, Moderna, Oxford/AstraZeneca, Pfizer/BioNTech",https://www.koronavirus.hr,3617177,1911771,1798141,
Croatia,2021-11-02,"Johnson&Johnson, Moderna, Oxford/AstraZeneca, Pfizer/BioNTech",https://www.koronavirus.hr,3627387,1916565,1802284,
Croatia,2021-11-03,"Johnson&Johnson, Moderna, Oxford/AstraZeneca, Pfizer/BioNTech",https://www.koronavirus.hr,3641758,1922763,1806387,
Croatia,2021-11-04,"Johnson&Johnson, Moderna, Oxford/AstraZeneca, Pfizer/BioNTech",https://www.koronavirus.hr,3658686,1930471,1811801,
Croatia,2021-11-05,"Johnson&Johnson, Moderna, Oxford/AstraZeneca, Pfizer/BioNTech",https://www.koronavirus.hr,3675807,1939061,1816377,
Croatia,2021-11-06,"Johnson&Johnson, Moderna, Oxford/AstraZeneca, Pfizer/BioNTech",https://www.koronavirus.hr,3690148,1948738,1820138,
Croatia,2021-11-09,"Johnson&Johnson, Moderna, Oxford/AstraZeneca, Pfizer/BioNTech",https://www.koronavirus.hr,3732705,1974397,1831401,
Croatia,2021-11-10,"Johnson&Johnson, Moderna, Oxford/AstraZeneca, Pfizer/BioNTech",https://www.koronavirus.hr,3759981,1990925,1837846,
Croatia,2021-11-12,"Johnson&Johnson, Moderna, Oxford/AstraZeneca, Pfizer/BioNTech",https://www.koronavirus.hr,3817390,2024193,1851543,
Croatia,2021-11-13,"Johnson&Johnson, Moderna, Oxford/AstraZeneca, Pfizer/BioNTech",https://www.koronavirus.hr,3845713,2043475,1857649,
Croatia,2021-11-14,"Johnson&Johnson, Moderna, Oxford/AstraZeneca, Pfizer/BioNTech",https://www.koronavirus.hr,3852323,2048628,1859418,
Croatia,2021-11-16,"Johnson&Johnson, Moderna, Oxford/AstraZeneca, Pfizer/BioNTech",https://www.koronavirus.hr,3899376,2076934,1873073,
Croatia,2021-11-17,"Johnson&Johnson, Moderna, Oxford/AstraZeneca, Pfizer/BioNTech",https://www.koronavirus.hr,3931774,2095085,1881107,
Croatia,2021-11-18,"Johnson&Johnson, Moderna, Oxford/AstraZeneca, Pfizer/BioNTech",https://www.koronavirus.hr,3938422,2099290,1883443,
Croatia,2021-11-19,"Johnson&Johnson, Moderna, Oxford/AstraZeneca, Pfizer/BioNTech",https://www.koronavirus.hr,3963116,2111804,1889974,
Croatia,2021-11-20,"Johnson&Johnson, Moderna, Oxford/AstraZeneca, Pfizer/BioNTech",https://www.koronavirus.hr,3982079,2123249,1895129,
Croatia,2021-11-21,"Johnson&Johnson, Moderna, Oxford/AstraZeneca, Pfizer/BioNTech",https://www.koronavirus.hr,3985860,2125514,1896361,
Croatia,2021-11-22,"Johnson&Johnson, Moderna, Oxford/AstraZeneca, Pfizer/BioNTech",https://www.koronavirus.hr,4000957,2132477,1900551,
Croatia,2021-11-23,"Johnson&Johnson, Moderna, Oxford/AstraZeneca, Pfizer/BioNTech",https://www.koronavirus.hr,4022873,2141962,1906220,
Croatia,2021-11-24,"Johnson&Johnson, Moderna, Oxford/AstraZeneca, Pfizer/BioNTech",https://www.koronavirus.hr,4047302,2151481,1912240,
Croatia,2021-11-25,"Johnson&Johnson, Moderna, Oxford/AstraZeneca, Pfizer/BioNTech",https://www.koronavirus.hr,4073744,2161370,1918691,
Croatia,2021-11-26,"Johnson&Johnson, Moderna, Oxford/AstraZeneca, Pfizer/BioNTech",https://www.koronavirus.hr,4094675,2168369,1924533,
Croatia,2021-11-27,"Johnson&Johnson, Moderna, Oxford/AstraZeneca, Pfizer/BioNTech",https://www.koronavirus.hr,4111402,2174631,1930331,
Croatia,2021-11-28,"Johnson&Johnson, Moderna, Oxford/AstraZeneca, Pfizer/BioNTech",https://www.koronavirus.hr,4115040,2176068,1931878,
Croatia,2021-11-29,"Johnson&Johnson, Moderna, Oxford/AstraZeneca, Pfizer/BioNTech",https://www.koronavirus.hr,4131685,2180860,,
Croatia,2021-11-30,"Johnson&Johnson, Moderna, Oxford/AstraZeneca, Pfizer/BioNTech",https://www.koronavirus.hr,4154022,2187524,,
Croatia,2021-12-01,"Johnson&Johnson, Moderna, Oxford/AstraZeneca, Pfizer/BioNTech",https://www.koronavirus.hr,4178836,2193458,,
Croatia,2021-12-02,"Johnson&Johnson, Moderna, Oxford/AstraZeneca, Pfizer/BioNTech",https://www.koronavirus.hr,4201709,2198680,,
Croatia,2021-12-04,"Johnson&Johnson, Moderna, Oxford/AstraZeneca, Pfizer/BioNTech",https://www.koronavirus.hr,4245741,2206995,,
Croatia,2021-12-05,"Johnson&Johnson, Moderna, Oxford/AstraZeneca, Pfizer/BioNTech",https://www.koronavirus.hr,4249704,2207786,,
Croatia,2021-12-06,"Johnson&Johnson, Moderna, Oxford/AstraZeneca, Pfizer/BioNTech",https://www.koronavirus.hr,4266743,2210635,,
Croatia,2021-12-07,"Johnson&Johnson, Moderna, Oxford/AstraZeneca, Pfizer/BioNTech",https://www.koronavirus.hr,4289179,2214222,,
Croatia,2021-12-08,"Johnson&Johnson, Moderna, Oxford/AstraZeneca, Pfizer/BioNTech",https://www.koronavirus.hr,4314136,2217755,,
Croatia,2021-12-10,"Johnson&Johnson, Moderna, Oxford/AstraZeneca, Pfizer/BioNTech",https://www.koronavirus.hr,4361237,2224323,,
Croatia,2021-12-11,"Johnson&Johnson, Moderna, Oxford/AstraZeneca, Pfizer/BioNTech",https://www.koronavirus.hr,4381704,2226748,,
Croatia,2021-12-12,"Johnson&Johnson, Moderna, Oxford/AstraZeneca, Pfizer/BioNTech",https://www.koronavirus.hr,4386603,2227358,,
Croatia,2021-12-13,"Johnson&Johnson, Moderna, Oxford/AstraZeneca, Pfizer/BioNTech",https://www.koronavirus.hr,4406837,2229626,,
Croatia,2021-12-14,"Johnson&Johnson, Moderna, Oxford/AstraZeneca, Pfizer/BioNTech",https://www.koronavirus.hr,4431633,2232429,,
Croatia,2021-12-15,"Johnson&Johnson, Moderna, Oxford/AstraZeneca, Pfizer/BioNTech",https://www.koronavirus.hr,4461386,2235161,,
Croatia,2021-12-16,"Johnson&Johnson, Moderna, Oxford/AstraZeneca, Pfizer/BioNTech",https://www.koronavirus.hr,4490656,2237974,,
Croatia,2021-12-17,"Johnson&Johnson, Moderna, Oxford/AstraZeneca, Pfizer/BioNTech",https://www.koronavirus.hr,4519310,2240403,,
Croatia,2021-12-18,"Johnson&Johnson, Moderna, Oxford/AstraZeneca, Pfizer/BioNTech",https://www.koronavirus.hr,4542083,2242262,,
Croatia,2021-12-19,"Johnson&Johnson, Moderna, Oxford/AstraZeneca, Pfizer/BioNTech",https://www.koronavirus.hr,4548649,2242791,,
Croatia,2021-12-20,"Johnson&Johnson, Moderna, Oxford/AstraZeneca, Pfizer/BioNTech",https://www.koronavirus.hr,4570488,2244758,,
Croatia,2021-12-21,"Johnson&Johnson, Moderna, Oxford/AstraZeneca, Pfizer/BioNTech",https://www.koronavirus.hr,4597346,2246948,,
Croatia,2021-12-22,"Johnson&Johnson, Moderna, Oxford/AstraZeneca, Pfizer/BioNTech",https://www.koronavirus.hr,4623523,2249190,,
Croatia,2021-12-23,"Johnson&Johnson, Moderna, Oxford/AstraZeneca, Pfizer/BioNTech",https://www.koronavirus.hr,4641841,2251008,,
Croatia,2021-12-24,"Johnson&Johnson, Moderna, Oxford/AstraZeneca, Pfizer/BioNTech",https://www.koronavirus.hr,4646820,2251554,,
Croatia,2021-12-25,"Johnson&Johnson, Moderna, Oxford/AstraZeneca, Pfizer/BioNTech",https://www.koronavirus.hr,4646841,2251561,,
Croatia,2021-12-26,"Johnson&Johnson, Moderna, Oxford/AstraZeneca, Pfizer/BioNTech",https://www.koronavirus.hr,4647360,2251603,1932584,
Croatia,2021-12-27,"Johnson&Johnson, Moderna, Oxford/AstraZeneca, Pfizer/BioNTech",https://www.koronavirus.hr,4662872,2253137,1936734,
Croatia,2021-12-28,"Johnson&Johnson, Moderna, Oxford/AstraZeneca, Pfizer/BioNTech",https://www.koronavirus.hr,4684781,2255115,1942628,
Croatia,2021-12-29,"Johnson&Johnson, Moderna, Oxford/AstraZeneca, Pfizer/BioNTech",https://www.koronavirus.hr,4708957,2257261,1948654,
Croatia,2021-12-30,"Johnson&Johnson, Moderna, Oxford/AstraZeneca, Pfizer/BioNTech",https://www.koronavirus.hr,4725029,2258827,1952486,
Croatia,2021-12-31,"Johnson&Johnson, Moderna, Oxford/AstraZeneca, Pfizer/BioNTech",https://www.koronavirus.hr,4729751,2259393,1953540,
Croatia,2022-01-01,"Johnson&Johnson, Moderna, Oxford/AstraZeneca, Pfizer/BioNTech",https://www.koronavirus.hr,4729813,2259399,1953549,
Croatia,2022-01-02,"Johnson&Johnson, Moderna, Oxford/AstraZeneca, Pfizer/BioNTech",https://www.koronavirus.hr,4731823,2259559,2142805,
Croatia,2022-01-03,"Johnson&Johnson, Moderna, Oxford/AstraZeneca, Pfizer/BioNTech",https://www.koronavirus.hr,4745870,2260882,2146134,
Croatia,2022-01-04,"Johnson&Johnson, Moderna, Oxford/AstraZeneca, Pfizer/BioNTech",https://www.koronavirus.hr,4768007,2263058,2151091,
Croatia,2022-01-05,"Johnson&Johnson, Moderna, Oxford/AstraZeneca, Pfizer/BioNTech",https://www.koronavirus.hr,4791665,2265393,2156022,
Croatia,2022-01-06,"Johnson&Johnson, Moderna, Oxford/AstraZeneca, Pfizer/BioNTech",https://www.koronavirus.hr,4793621,2265597,2156339,
Croatia,2022-01-07,"Johnson&Johnson, Moderna, Oxford/AstraZeneca, Pfizer/BioNTech",https://www.koronavirus.hr,4814929,2267384,2159901,
Croatia,2022-01-08,"Johnson&Johnson, Moderna, Oxford/AstraZeneca, Pfizer/BioNTech",https://www.koronavirus.hr,4832185,2268738,2163069,
Croatia,2022-01-09,"Johnson&Johnson, Moderna, Oxford/AstraZeneca, Pfizer/BioNTech",https://worldhealthorg.shinyapps.io/EURO_COVID-19_vaccine_monitor/,4838012,,,594785
Croatia,2022-01-10,"Johnson&Johnson, Moderna, Oxford/AstraZeneca, Pfizer/BioNTech",https://www.koronavirus.hr,4852642,2270667,2167171,
Croatia,2022-01-11,"Johnson&Johnson, Moderna, Oxford/AstraZeneca, Pfizer/BioNTech",https://www.koronavirus.hr,4875974,2272722,2171126,
Croatia,2022-01-12,"Johnson&Johnson, Moderna, Oxford/AstraZeneca, Pfizer/BioNTech",https://www.koronavirus.hr,4901094,2275075,2175425,
Croatia,2022-01-13,"Johnson&Johnson, Moderna, Oxford/AstraZeneca, Pfizer/BioNTech",https://www.koronavirus.hr,4923403,2277097,2178632,
Croatia,2022-01-14,"Johnson&Johnson, Moderna, Oxford/AstraZeneca, Pfizer/BioNTech",https://www.koronavirus.hr,4945094,2279054,,
Croatia,2022-01-15,"Johnson&Johnson, Moderna, Oxford/AstraZeneca, Pfizer/BioNTech",https://www.koronavirus.hr,4960419,2280399,2184016,
Croatia,2022-01-16,"Johnson&Johnson, Moderna, Oxford/AstraZeneca, Pfizer/BioNTech",https://www.koronavirus.hr,4963468,2280700,2184484,
Croatia,2022-01-17,"Johnson&Johnson, Moderna, Oxford/AstraZeneca, Pfizer/BioNTech",https://www.koronavirus.hr,4974705,2281915,2186570,
Croatia,2022-01-18,"Johnson&Johnson, Moderna, Oxford/AstraZeneca, Pfizer/BioNTech",https://www.koronavirus.hr,4990195,2283377,2188899,
Croatia,2022-01-19,"Johnson&Johnson, Moderna, Oxford/AstraZeneca, Pfizer/BioNTech",https://www.koronavirus.hr,5006483,2284821,2191216,
Croatia,2022-01-20,"Johnson&Johnson, Moderna, Oxford/AstraZeneca, Pfizer/BioNTech",https://www.koronavirus.hr,5021663,2286291,2193513,
Croatia,2022-01-21,"Johnson&Johnson, Moderna, Oxford/AstraZeneca, Pfizer/BioNTech",https://www.koronavirus.hr,5033759,2287471,2193513,
Croatia,2022-01-22,"Johnson&Johnson, Moderna, Oxford/AstraZeneca, Pfizer/BioNTech",https://www.koronavirus.hr,5045143,2288602,2196691,
Croatia,2022-01-23,"Johnson&Johnson, Moderna, Oxford/AstraZeneca, Pfizer/BioNTech",https://www.koronavirus.hr,5046209,2288744,2196911,
Croatia,2022-01-24,"Johnson&Johnson, Moderna, Oxford/AstraZeneca, Pfizer/BioNTech",https://www.koronavirus.hr,5052469,2289548,2198127,
Croatia,2022-01-25,"Johnson&Johnson, Moderna, Oxford/AstraZeneca, Pfizer/BioNTech",https://www.koronavirus.hr,5061724,2290566,2199638,
Croatia,2022-01-26,"Johnson&Johnson, Moderna, Oxford/AstraZeneca, Pfizer/BioNTech",https://www.koronavirus.hr,5071377,2291578,2201139,
Croatia,2022-01-27,"Johnson&Johnson, Moderna, Oxford/AstraZeneca, Pfizer/BioNTech",https://www.koronavirus.hr,5080835,2292446,2202555,
Croatia,2022-01-28,"Johnson&Johnson, Moderna, Oxford/AstraZeneca, Pfizer/BioNTech",https://www.koronavirus.hr,5089784,2293314,,
Croatia,2022-01-29,"Johnson&Johnson, Moderna, Oxford/AstraZeneca, Pfizer/BioNTech",https://www.koronavirus.hr,5095003,2293970,,
Croatia,2022-01-30,"Johnson&Johnson, Moderna, Oxford/AstraZeneca, Pfizer/BioNTech",https://www.koronavirus.hr,5095795,2294113,2205136,
Croatia,2022-01-31,"Johnson&Johnson, Moderna, Oxford/AstraZeneca, Pfizer/BioNTech",https://www.koronavirus.hr,5100960,2294732,2206142,
Croatia,2022-02-01,"Johnson&Johnson, Moderna, Oxford/AstraZeneca, Pfizer/BioNTech",https://www.koronavirus.hr,5107509,2295525,2207391,
Croatia,2022-02-02,"Johnson&Johnson, Moderna, Oxford/AstraZeneca, Pfizer/BioNTech",https://www.koronavirus.hr,5114729,2296242,2208736,
Croatia,2022-02-03,"Johnson&Johnson, Moderna, Oxford/AstraZeneca, Pfizer/BioNTech",https://www.koronavirus.hr,5121826,2297062,2210090,
Croatia,2022-02-04,"Johnson&Johnson, Moderna, Oxford/AstraZeneca, Pfizer/BioNTech",https://www.koronavirus.hr,5127829,2297771,2211326,
Croatia,2022-02-05,"Johnson&Johnson, Moderna, Oxford/AstraZeneca, Pfizer/BioNTech",https://www.koronavirus.hr,5132763,2298364,2212347,
Croatia,2022-02-06,"Johnson&Johnson, Moderna, Oxford/AstraZeneca, Pfizer/BioNTech",https://www.koronavirus.hr,5132861,2298371,2212386,
Croatia,2022-02-07,"Johnson&Johnson, Moderna, Oxford/AstraZeneca, Pfizer/BioNTech",https://www.koronavirus.hr,5136650,2298907,2213321,
Croatia,2022-02-08,"Johnson&Johnson, Moderna, Oxford/AstraZeneca, Pfizer/BioNTech",https://www.koronavirus.hr,5141577,2299597,2214483,
Croatia,2022-02-09,"Johnson&Johnson, Moderna, Oxford/AstraZeneca, Pfizer/BioNTech",https://www.koronavirus.hr,5147524,2300234,2215898,
Croatia,2022-02-10,"Johnson&Johnson, Moderna, Oxford/AstraZeneca, Pfizer/BioNTech",https://www.koronavirus.hr,5152521,2300927,2217152,
Croatia,2022-02-11,"Johnson&Johnson, Moderna, Oxford/AstraZeneca, Pfizer/BioNTech",https://www.koronavirus.hr,5156556,2301408,2218184,
Croatia,2022-02-12,"Johnson&Johnson, Moderna, Oxford/AstraZeneca, Pfizer/BioNTech",https://www.koronavirus.hr,5159879,2301794,2219145,
Croatia,2022-02-13,"Johnson&Johnson, Moderna, Oxford/AstraZeneca, Pfizer/BioNTech",https://www.koronavirus.hr,5159918,2301799,2219165,
Croatia,2022-02-14,"Johnson&Johnson, Moderna, Oxford/AstraZeneca, Pfizer/BioNTech",https://www.koronavirus.hr,5162553,2302219,2219989,
Croatia,2022-02-15,"Johnson&Johnson, Moderna, Oxford/AstraZeneca, Pfizer/BioNTech",https://www.koronavirus.hr,5166325,2302752,2221069,
Croatia,2022-02-16,"Johnson&Johnson, Moderna, Oxford/AstraZeneca, Pfizer/BioNTech",https://www.koronavirus.hr,5170921,2303258,2222321,
Croatia,2022-02-17,"Johnson&Johnson, Moderna, Oxford/AstraZeneca, Pfizer/BioNTech",https://www.koronavirus.hr,5174701,2303772,2223417,
Croatia,2022-02-18,"Johnson&Johnson, Moderna, Oxford/AstraZeneca, Pfizer/BioNTech",https://www.koronavirus.hr,5178043,2304151,,
Croatia,2022-02-19,"Johnson&Johnson, Moderna, Oxford/AstraZeneca, Pfizer/BioNTech",https://www.koronavirus.hr,5180782,2304574,,
Croatia,2022-02-20,"Johnson&Johnson, Moderna, Oxford/AstraZeneca, Pfizer/BioNTech",https://www.koronavirus.hr,5180800,2304582,2225176,
Croatia,2022-02-21,"Johnson&Johnson, Moderna, Oxford/AstraZeneca, Pfizer/BioNTech",https://www.koronavirus.hr,5182858,2304984,,
Croatia,2022-02-22,"Johnson&Johnson, Moderna, Oxford/AstraZeneca, Pfizer/BioNTech",https://www.koronavirus.hr,5185303,2305281,2226540,
Croatia,2022-02-23,"Johnson&Johnson, Moderna, Oxford/AstraZeneca, Pfizer/BioNTech",https://www.koronavirus.hr,5189032,2305857,,
Croatia,2022-02-24,"Johnson&Johnson, Moderna, Oxford/AstraZeneca, Pfizer/BioNTech",https://www.koronavirus.hr,5190693,2306049,2228289,
Croatia,2022-02-25,"Johnson&Johnson, Moderna, Oxford/AstraZeneca, Pfizer/BioNTech",https://www.koronavirus.hr,5193189,2306475,2229214,
Croatia,2022-02-26,"Johnson&Johnson, Moderna, Oxford/AstraZeneca, Pfizer/BioNTech",https://www.koronavirus.hr,5194254,2306571,2229536,
Croatia,2022-02-27,"Johnson&Johnson, Moderna, Oxford/AstraZeneca, Pfizer/BioNTech",https://www.koronavirus.hr,5194258,2306572,2229537,
Croatia,2022-02-28,"Johnson&Johnson, Moderna, Oxford/AstraZeneca, Pfizer/BioNTech",https://www.koronavirus.hr,5195726,2306861,2230083,
Croatia,2022-03-01,"Johnson&Johnson, Moderna, Oxford/AstraZeneca, Pfizer/BioNTech",https://www.koronavirus.hr,5196904,2307028,2230485,
Croatia,2022-03-02,"Johnson&Johnson, Moderna, Oxford/AstraZeneca, Pfizer/BioNTech",https://www.koronavirus.hr,5198729,2307230,2231068,
Croatia,2022-03-03,"Johnson&Johnson, Moderna, Oxford/AstraZeneca, Pfizer/BioNTech",https://www.koronavirus.hr,5199981,2307396,2231430,
Croatia,2022-03-04,"Johnson&Johnson, Moderna, Oxford/AstraZeneca, Pfizer/BioNTech",https://www.koronavirus.hr,5201481,2307581,,
Croatia,2022-03-05,"Johnson&Johnson, Moderna, Oxford/AstraZeneca, Pfizer/BioNTech",https://www.koronavirus.hr,5202184,2307637,,
Croatia,2022-03-06,"Johnson&Johnson, Moderna, Oxford/AstraZeneca, Pfizer/BioNTech",https://www.koronavirus.hr,5202211,2307645,2232194,
Croatia,2022-03-07,"Johnson&Johnson, Moderna, Oxford/AstraZeneca, Pfizer/BioNTech",https://www.koronavirus.hr,5203121,2307775,2232474,
Croatia,2022-03-08,"Johnson&Johnson, Moderna, Oxford/AstraZeneca, Pfizer/BioNTech",https://www.koronavirus.hr,5204094,2307892,2232741,
Croatia,2022-03-09,"Johnson&Johnson, Moderna, Oxford/AstraZeneca, Pfizer/BioNTech",https://www.koronavirus.hr,5206046,2308153,2233395,
Croatia,2022-03-10,"Johnson&Johnson, Moderna, Oxford/AstraZeneca, Pfizer/BioNTech",https://www.koronavirus.hr,5207259,2308291,2233767,
Croatia,2022-03-11,"Johnson&Johnson, Moderna, Novavax, Oxford/AstraZeneca, Pfizer/BioNTech",https://www.koronavirus.hr,5208696,2308467,2234233,
Croatia,2022-03-12,"Johnson&Johnson, Moderna, Novavax, Oxford/AstraZeneca, Pfizer/BioNTech",https://www.koronavirus.hr,5209274,2308528,2234390,
Croatia,2022-03-13,"Johnson&Johnson, Moderna, Novavax, Oxford/AstraZeneca, Pfizer/BioNTech",https://www.koronavirus.hr,5209291,2308535,2234396,
Croatia,2022-03-14,"Johnson&Johnson, Moderna, Novavax, Oxford/AstraZeneca, Pfizer/BioNTech",https://www.koronavirus.hr,5210243,2308680,2234662,
Croatia,2022-03-15,"Johnson&Johnson, Moderna, Novavax, Oxford/AstraZeneca, Pfizer/BioNTech",https://www.koronavirus.hr,5211223,2308830,2234923,
Croatia,2022-03-16,"Johnson&Johnson, Moderna, Novavax, Oxford/AstraZeneca, Pfizer/BioNTech",https://www.koronavirus.hr,5213058,2309094,2235368,
Croatia,2022-03-17,"Johnson&Johnson, Moderna, Novavax, Oxford/AstraZeneca, Pfizer/BioNTech",https://www.koronavirus.hr,5214150,2309259,2235641,
Croatia,2022-03-18,"Johnson&Johnson, Moderna, Novavax, Oxford/AstraZeneca, Pfizer/BioNTech",https://www.koronavirus.hr,5215491,2309407,,
Croatia,2022-03-19,"Johnson&Johnson, Moderna, Novavax, Oxford/AstraZeneca, Pfizer/BioNTech",https://www.koronavirus.hr,5216350,2309477,,
Croatia,2022-03-20,"Johnson&Johnson, Moderna, Novavax, Oxford/AstraZeneca, Pfizer/BioNTech",https://www.koronavirus.hr,5216368,2309480,2236175,
Croatia,2022-03-21,"Johnson&Johnson, Moderna, Novavax, Oxford/AstraZeneca, Pfizer/BioNTech",https://www.koronavirus.hr,5217248,2309654,2236423,
Croatia,2022-03-22,"Johnson&Johnson, Moderna, Novavax, Oxford/AstraZeneca, Pfizer/BioNTech",https://www.koronavirus.hr,5218366,2309989,2236651,
Croatia,2022-03-23,"Johnson&Johnson, Moderna, Novavax, Oxford/AstraZeneca, Pfizer/BioNTech",https://www.koronavirus.hr,5220005,2310224,2236999,
Croatia,2022-03-25,"Johnson&Johnson, Moderna, Novavax, Oxford/AstraZeneca, Pfizer/BioNTech",https://www.koronavirus.hr,5222208,2310543,2237506,
Croatia,2022-03-26,"Johnson&Johnson, Moderna, Novavax, Oxford/AstraZeneca, Pfizer/BioNTech",https://www.koronavirus.hr,5222623,2310590,2237570,
Croatia,2022-03-27,"Johnson&Johnson, Moderna, Novavax, Oxford/AstraZeneca, Pfizer/BioNTech",https://www.koronavirus.hr,5222632,2310591,2237572,
Croatia,2022-03-29,"Johnson&Johnson, Moderna, Novavax, Oxford/AstraZeneca, Pfizer/BioNTech",https://www.koronavirus.hr,5224151,2310786,2237864,
Croatia,2022-04-02,"Johnson&Johnson, Moderna, Novavax, Oxford/AstraZeneca, Pfizer/BioNTech",https://www.koronavirus.hr,5227996,2311202,,
Croatia,2022-04-04,"Johnson&Johnson, Moderna, Novavax, Oxford/AstraZeneca, Pfizer/BioNTech",https://www.koronavirus.hr,5228840,2311310,2238810,
Croatia,2022-04-05,"Johnson&Johnson, Moderna, Novavax, Oxford/AstraZeneca, Pfizer/BioNTech",https://www.koronavirus.hr,5229837,2311402,2238957,
Croatia,2022-04-06,"Johnson&Johnson, Moderna, Novavax, Oxford/AstraZeneca, Pfizer/BioNTech",https://www.koronavirus.hr,5231660,2311593,2239293,
Croatia,2022-04-07,"Johnson&Johnson, Moderna, Novavax, Oxford/AstraZeneca, Pfizer/BioNTech",https://www.koronavirus.hr,5232556,2311704,2239457,
Croatia,2022-04-08,"Johnson&Johnson, Moderna, Novavax, Oxford/AstraZeneca, Pfizer/BioNTech",https://www.koronavirus.hr,5233554,2311840,2239638,
Croatia,2022-04-09,"Johnson&Johnson, Moderna, Novavax, Oxford/AstraZeneca, Pfizer/BioNTech",https://www.koronavirus.hr,5233849,2311871,2239688,
Croatia,2022-04-10,"Johnson&Johnson, Moderna, Novavax, Oxford/AstraZeneca, Pfizer/BioNTech",https://www.koronavirus.hr,5233866,2311880,2239699,
Croatia,2022-04-11,"Johnson&Johnson, Moderna, Novavax, Oxford/AstraZeneca, Pfizer/BioNTech",https://www.koronavirus.hr,5234412,2311963,2239835,
Croatia,2022-04-12,"Johnson&Johnson, Moderna, Novavax, Oxford/AstraZeneca, Pfizer/BioNTech",https://www.koronavirus.hr,5235007,2312026,2239944,
Croatia,2022-04-13,"Johnson&Johnson, Moderna, Novavax, Oxford/AstraZeneca, Pfizer/BioNTech",https://www.koronavirus.hr,5235970,2312148,2240166,
Croatia,2022-04-14,"Johnson&Johnson, Moderna, Novavax, Oxford/AstraZeneca, Pfizer/BioNTech",https://www.koronavirus.hr,5236555,2312235,2240290,
Croatia,2022-04-17,"Johnson&Johnson, Moderna, Novavax, Oxford/AstraZeneca, Pfizer/BioNTech",https://www.koronavirus.hr,5237082,2312309,2240412,
Croatia,2022-04-18,"Johnson&Johnson, Moderna, Novavax, Oxford/AstraZeneca, Pfizer/BioNTech",https://www.koronavirus.hr,5237086,2312309,2240413,
Croatia,2022-04-19,"Johnson&Johnson, Moderna, Novavax, Oxford/AstraZeneca, Pfizer/BioNTech",https://www.koronavirus.hr,5237615,2312378,2240543,
Croatia,2022-04-20,"Johnson&Johnson, Moderna, Novavax, Oxford/AstraZeneca, Pfizer/BioNTech",https://www.koronavirus.hr,5238727,2312527,2240802,
Croatia,2022-04-22,"Johnson&Johnson, Moderna, Novavax, Oxford/AstraZeneca, Pfizer/BioNTech",https://www.koronavirus.hr,5240151,2312689,2241102,
Croatia,2022-04-23,"Johnson&Johnson, Moderna, Novavax, Oxford/AstraZeneca, Pfizer/BioNTech",https://www.koronavirus.hr,5240306,2312700,2241130,
Croatia,2022-04-24,"Johnson&Johnson, Moderna, Novavax, Oxford/AstraZeneca, Pfizer/BioNTech",https://www.koronavirus.hr,5240310,2312701,2241131,
Croatia,2022-04-25,"Johnson&Johnson, Moderna, Novavax, Oxford/AstraZeneca, Pfizer/BioNTech",https://www.koronavirus.hr,5240830,2312814,2241286,
Croatia,2022-04-26,"Johnson&Johnson, Moderna, Novavax, Oxford/AstraZeneca, Pfizer/BioNTech",https://www.koronavirus.hr,5241301,2312896,2241380,
Croatia,2022-04-27,"Johnson&Johnson, Moderna, Novavax, Oxford/AstraZeneca, Pfizer/BioNTech",https://www.koronavirus.hr,5242249,2313013,2241598,
Croatia,2022-04-28,"Johnson&Johnson, Moderna, Novavax, Oxford/AstraZeneca, Pfizer/BioNTech",https://www.koronavirus.hr,5242917,2313107,2241736,
Croatia,2022-04-29,"Johnson&Johnson, Moderna, Novavax, Oxford/AstraZeneca, Pfizer/BioNTech",https://www.koronavirus.hr,5243687,2313245,,
Croatia,2022-04-30,"Johnson&Johnson, Moderna, Novavax, Oxford/AstraZeneca, Pfizer/BioNTech",https://www.koronavirus.hr,5243825,2313258,,
Croatia,2022-05-01,"Johnson&Johnson, Moderna, Novavax, Oxford/AstraZeneca, Pfizer/BioNTech",https://www.koronavirus.hr,5243832,2313259,2241920,
Croatia,2022-05-02,"Johnson&Johnson, Moderna, Novavax, Oxford/AstraZeneca, Pfizer/BioNTech",https://www.koronavirus.hr,5244344,2313323,2241998,
Croatia,2022-05-03,"Johnson&Johnson, Moderna, Novavax, Oxford/AstraZeneca, Pfizer/BioNTech",https://www.koronavirus.hr,5244810,2313391,2242087,
Croatia,2022-05-04,"Johnson&Johnson, Moderna, Novavax, Oxford/AstraZeneca, Pfizer/BioNTech",https://www.koronavirus.hr,5245556,2313499,2242249,
Croatia,2022-05-05,"Johnson&Johnson, Moderna, Novavax, Oxford/AstraZeneca, Pfizer/BioNTech",https://www.koronavirus.hr,5246003,2313555,2242344,
Croatia,2022-05-06,"Johnson&Johnson, Moderna, Novavax, Oxford/AstraZeneca, Pfizer/BioNTech",https://www.koronavirus.hr,5246531,2313633,2242438,
Croatia,2022-05-07,"Johnson&Johnson, Moderna, Novavax, Oxford/AstraZeneca, Pfizer/BioNTech",https://www.koronavirus.hr,5246631,2313643,2242454,
Croatia,2022-05-08,"Johnson&Johnson, Moderna, Novavax, Oxford/AstraZeneca, Pfizer/BioNTech",https://www.koronavirus.hr,5246635,2313643,2242457,
Croatia,2022-05-09,"Johnson&Johnson, Moderna, Novavax, Oxford/AstraZeneca, Pfizer/BioNTech",https://www.koronavirus.hr,5246946,2313691,2242525,
Croatia,2022-05-10,"Johnson&Johnson, Moderna, Novavax, Oxford/AstraZeneca, Pfizer/BioNTech",https://www.koronavirus.hr,5247290,2313731,2242576,
Croatia,2022-05-11,"Johnson&Johnson, Moderna, Novavax, Oxford/AstraZeneca, Pfizer/BioNTech",https://www.koronavirus.hr,5248022,,2242752,
Croatia,2022-05-12,"Johnson&Johnson, Moderna, Novavax, Oxford/AstraZeneca, Pfizer/BioNTech",https://www.koronavirus.hr,5248535,2313943,2242833,
Croatia,2022-05-13,"Johnson&Johnson, Moderna, Novavax, Oxford/AstraZeneca, Pfizer/BioNTech",https://www.koronavirus.hr,5248939,2313990,,
Croatia,2022-05-14,"Johnson&Johnson, Moderna, Novavax, Oxford/AstraZeneca, Pfizer/BioNTech",https://www.koronavirus.hr,5248997,2313995,,
Croatia,2022-05-15,"Johnson&Johnson, Moderna, Novavax, Oxford/AstraZeneca, Pfizer/BioNTech",https://www.koronavirus.hr,5249003,2313998,2242953,
Croatia,2022-05-16,"Johnson&Johnson, Moderna, Novavax, Oxford/AstraZeneca, Pfizer/BioNTech",https://www.koronavirus.hr,5249261,2314031,2243015,
Croatia,2022-05-17,"Johnson&Johnson, Moderna, Novavax, Oxford/AstraZeneca, Pfizer/BioNTech",https://www.koronavirus.hr,5249573,2314078,2243078,
Croatia,2022-05-18,"Johnson&Johnson, Moderna, Novavax, Oxford/AstraZeneca, Pfizer/BioNTech",https://www.koronavirus.hr,5250173,2314175,2243226,
Croatia,2022-05-19,"Johnson&Johnson, Moderna, Novavax, Oxford/AstraZeneca, Pfizer/BioNTech",https://www.koronavirus.hr,5250537,2314201,2243283,
Croatia,2022-05-20,"Johnson&Johnson, Moderna, Novavax, Oxford/AstraZeneca, Pfizer/BioNTech",https://www.koronavirus.hr,5250900,2314255,2243353,
Croatia,2022-05-21,"Johnson&Johnson, Moderna, Novavax, Oxford/AstraZeneca, Pfizer/BioNTech",https://www.koronavirus.hr,5250948,2314257,2243359,
Croatia,2022-05-23,"Johnson&Johnson, Moderna, Novavax, Oxford/AstraZeneca, Pfizer/BioNTech",https://www.koronavirus.hr,5251291,2314306,2243445,
Croatia,2022-05-24,"Johnson&Johnson, Moderna, Novavax, Oxford/AstraZeneca, Pfizer/BioNTech",https://www.koronavirus.hr,5251618,2314367,2243523,
Croatia,2022-05-25,"Johnson&Johnson, Moderna, Novavax, Oxford/AstraZeneca, Pfizer/BioNTech",https://www.koronavirus.hr,5252069,2314425,2243655,
Croatia,2022-05-26,"Johnson&Johnson, Moderna, Novavax, Oxford/AstraZeneca, Pfizer/BioNTech",https://www.koronavirus.hr,5252439,2314472,2243731,
Croatia,2022-05-27,"Johnson&Johnson, Moderna, Novavax, Oxford/AstraZeneca, Pfizer/BioNTech",https://www.koronavirus.hr,5252796,2314517,,
Croatia,2022-05-28,"Johnson&Johnson, Moderna, Novavax, Oxford/AstraZeneca, Pfizer/BioNTech",https://www.koronavirus.hr,5252966,2314558,,
Croatia,2022-05-30,"Johnson&Johnson, Moderna, Novavax, Oxford/AstraZeneca, Pfizer/BioNTech",https://www.koronavirus.hr,5252971,2314559,2243858,
Croatia,2022-05-31,"Johnson&Johnson, Moderna, Novavax, Oxford/AstraZeneca, Pfizer/BioNTech",https://www.koronavirus.hr,5253224,2314601,2243917,
Croatia,2022-06-01,"Johnson&Johnson, Moderna, Novavax, Oxford/AstraZeneca, Pfizer/BioNTech",https://www.koronavirus.hr,5253708,2314682,2244062,
Croatia,2022-06-02,"Johnson&Johnson, Moderna, Novavax, Oxford/AstraZeneca, Pfizer/BioNTech",https://www.koronavirus.hr,5253900,2314714,2244121,
Croatia,2022-06-03,"Johnson&Johnson, Moderna, Novavax, Oxford/AstraZeneca, Pfizer/BioNTech",https://www.koronavirus.hr,5254126,2314750,2244176,
Croatia,2022-06-04,"Johnson&Johnson, Moderna, Novavax, Oxford/AstraZeneca, Pfizer/BioNTech",https://www.koronavirus.hr,5254182,2314763,2244187,
Croatia,2022-06-05,"Johnson&Johnson, Moderna, Novavax, Oxford/AstraZeneca, Pfizer/BioNTech",https://www.koronavirus.hr,5254188,2314767,2244191,
Croatia,2022-06-06,"Johnson&Johnson, Moderna, Novavax, Oxford/AstraZeneca, Pfizer/BioNTech",https://www.koronavirus.hr,5254420,2314815,2244249,
Croatia,2022-06-07,"Johnson&Johnson, Moderna, Novavax, Oxford/AstraZeneca, Pfizer/BioNTech",https://www.koronavirus.hr,5254635,2314864,2244315,
Croatia,2022-06-08,"Johnson&Johnson, Moderna, Novavax, Oxford/AstraZeneca, Pfizer/BioNTech",https://www.koronavirus.hr,5255000,2314922,2244398,
Croatia,2022-06-09,"Johnson&Johnson, Moderna, Novavax, Oxford/AstraZeneca, Pfizer/BioNTech",https://www.koronavirus.hr,5255175,2314948,2244443,
Croatia,2022-06-10,"Johnson&Johnson, Moderna, Novavax, Oxford/AstraZeneca, Pfizer/BioNTech",https://www.koronavirus.hr,5255438,2315011,2244511,
Croatia,2022-06-11,"Johnson&Johnson, Moderna, Novavax, Oxford/AstraZeneca, Pfizer/BioNTech",https://www.koronavirus.hr,5255549,2315013,2244513,
Croatia,2022-06-12,"Johnson&Johnson, Moderna, Novavax, Oxford/AstraZeneca, Pfizer/BioNTech",https://www.koronavirus.hr,5255552,2315014,2244514,
Croatia,2022-06-13,"Johnson&Johnson, Moderna, Novavax, Oxford/AstraZeneca, Pfizer/BioNTech",https://www.koronavirus.hr,5255757,2315060,2244561,
Croatia,2022-06-14,"Johnson&Johnson, Moderna, Novavax, Oxford/AstraZeneca, Pfizer/BioNTech",https://www.koronavirus.hr,5255937,2315087,2244617,
Croatia,2022-06-15,"Johnson&Johnson, Moderna, Novavax, Oxford/AstraZeneca, Pfizer/BioNTech",https://www.koronavirus.hr,5256249,2315142,2244688,
Croatia,2022-06-16,"Johnson&Johnson, Moderna, Novavax, Oxford/AstraZeneca, Pfizer/BioNTech",https://www.koronavirus.hr,5256273,2315148,2244697,
Croatia,2022-06-17,"Johnson&Johnson, Moderna, Novavax, Oxford/AstraZeneca, Pfizer/BioNTech",https://www.koronavirus.hr,5256551,2315200,,
Croatia,2022-06-18,"Johnson&Johnson, Moderna, Novavax, Oxford/AstraZeneca, Pfizer/BioNTech",https://www.koronavirus.hr,5256560,2315202,,
Croatia,2022-06-19,"Johnson&Johnson, Moderna, Novavax, Oxford/AstraZeneca, Pfizer/BioNTech",https://www.koronavirus.hr,5256566,2315204,2244762,
Croatia,2022-06-20,"Johnson&Johnson, Moderna, Novavax, Oxford/AstraZeneca, Pfizer/BioNTech",https://www.koronavirus.hr,5256781,2315256,2244803,
Croatia,2022-06-21,"Johnson&Johnson, Moderna, Novavax, Oxford/AstraZeneca, Pfizer/BioNTech",https://www.koronavirus.hr,5256960,2315290,2244850,
Croatia,2022-06-23,"Johnson&Johnson, Moderna, Novavax, Oxford/AstraZeneca, Pfizer/BioNTech",https://www.koronavirus.hr,5257134,2315313,2244893,
Croatia,2022-06-24,"Johnson&Johnson, Moderna, Novavax, Oxford/AstraZeneca, Pfizer/BioNTech",https://www.koronavirus.hr,5257375,2315356,,
Croatia,2022-06-25,"Johnson&Johnson, Moderna, Novavax, Oxford/AstraZeneca, Pfizer/BioNTech",https://www.koronavirus.hr,5257376,2315356,,
Croatia,2022-06-26,"Johnson&Johnson, Moderna, Novavax, Oxford/AstraZeneca, Pfizer/BioNTech",https://www.koronavirus.hr,5257377,2315357,2244949,
Croatia,2022-06-27,"Johnson&Johnson, Moderna, Novavax, Oxford/AstraZeneca, Pfizer/BioNTech",https://www.koronavirus.hr,5257653,2315402,2245026,
Croatia,2022-06-28,"Johnson&Johnson, Moderna, Novavax, Oxford/AstraZeneca, Pfizer/BioNTech",https://www.koronavirus.hr,5257861,2315438,2245066,
Croatia,2022-06-29,"Johnson&Johnson, Moderna, Novavax, Oxford/AstraZeneca, Pfizer/BioNTech",https://www.koronavirus.hr,5258291,2315490,2245155,
Croatia,2022-06-30,"Johnson&Johnson, Moderna, Novavax, Oxford/AstraZeneca, Pfizer/BioNTech",https://www.koronavirus.hr,5258460,2315512,2245193,
Croatia,2022-07-03,"Johnson&Johnson, Moderna, Novavax, Oxford/AstraZeneca, Pfizer/BioNTech",https://www.koronavirus.hr,5258768,2315571,2245252,
Croatia,2022-07-04,"Johnson&Johnson, Moderna, Novavax, Oxford/AstraZeneca, Pfizer/BioNTech",https://www.koronavirus.hr,5259062,2315619,2245304,
Croatia,2022-07-05,"Johnson&Johnson, Moderna, Novavax, Oxford/AstraZeneca, Pfizer/BioNTech",https://www.koronavirus.hr,5259270,2315657,2245347,
Croatia,2022-07-06,"Johnson&Johnson, Moderna, Novavax, Oxford/AstraZeneca, Pfizer/BioNTech",https://www.koronavirus.hr,5259705,2315722,2245438,
Croatia,2022-07-08,"Johnson&Johnson, Moderna, Novavax, Oxford/AstraZeneca, Pfizer/BioNTech",https://www.koronavirus.hr,5260110,2315789,2245512,
Croatia,2022-07-09,"Johnson&Johnson, Moderna, Novavax, Oxford/AstraZeneca, Pfizer/BioNTech",https://www.koronavirus.hr,5260126,2315792,2245514,
Croatia,2022-07-10,"Johnson&Johnson, Moderna, Novavax, Oxford/AstraZeneca, Pfizer/BioNTech",https://www.koronavirus.hr,5260127,2315792,2245515,
Croatia,2022-07-11,"Johnson&Johnson, Moderna, Novavax, Oxford/AstraZeneca, Pfizer/BioNTech",https://www.koronavirus.hr,5260393,2315825,2245578,
Croatia,2022-07-13,"Johnson&Johnson, Moderna, Novavax, Oxford/AstraZeneca, Pfizer/BioNTech",https://www.koronavirus.hr,5261137,2315917,2245722,
Croatia,2022-07-14,"Johnson&Johnson, Moderna, Novavax, Oxford/AstraZeneca, Pfizer/BioNTech",https://www.koronavirus.hr,5261502,2315958,2245772,
Croatia,2022-07-15,"Johnson&Johnson, Moderna, Novavax, Oxford/AstraZeneca, Pfizer/BioNTech",https://www.koronavirus.hr,5261871,2316016,2245835,
Croatia,2022-07-16,"Johnson&Johnson, Moderna, Novavax, Oxford/AstraZeneca, Pfizer/BioNTech",https://www.koronavirus.hr,5261879,2316018,2245835,
Croatia,2022-07-17,"Johnson&Johnson, Moderna, Novavax, Oxford/AstraZeneca, Pfizer/BioNTech",https://www.koronavirus.hr,5261880,2316019,2245836,
Croatia,2022-07-18,"Johnson&Johnson, Moderna, Novavax, Oxford/AstraZeneca, Pfizer/BioNTech",https://www.koronavirus.hr,5262127,2316061,2245889,
Croatia,2022-07-19,"Johnson&Johnson, Moderna, Novavax, Oxford/AstraZeneca, Pfizer/BioNTech",https://www.koronavirus.hr,5262335,2316100,2245932,
Croatia,2022-07-20,"Johnson&Johnson, Moderna, Novavax, Oxford/AstraZeneca, Pfizer/BioNTech",https://www.koronavirus.hr,5262555,2316145,2245988,
Croatia,2022-07-21,"Johnson&Johnson, Moderna, Novavax, Oxford/AstraZeneca, Pfizer/BioNTech",https://www.koronavirus.hr,5262887,2316184,2246032,
Croatia,2022-07-22,"Johnson&Johnson, Moderna, Novavax, Oxford/AstraZeneca, Pfizer/BioNTech",https://www.koronavirus.hr,5263264,2316241,2246105,
Croatia,2022-07-23,"Johnson&Johnson, Moderna, Novavax, Oxford/AstraZeneca, Pfizer/BioNTech",https://www.koronavirus.hr,5263278,2316242,2246106,
Croatia,2022-07-24,"Johnson&Johnson, Moderna, Novavax, Oxford/AstraZeneca, Pfizer/BioNTech",https://www.koronavirus.hr,5263284,2316244,2246109,
Croatia,2022-07-25,"Johnson&Johnson, Moderna, Novavax, Oxford/AstraZeneca, Pfizer/BioNTech",https://www.koronavirus.hr,5263608,2316295,2246177,
Croatia,2022-07-26,"Johnson&Johnson, Moderna, Novavax, Oxford/AstraZeneca, Pfizer/BioNTech",https://www.koronavirus.hr,5263780,2316318,2246209,
Croatia,2022-07-27,"Johnson&Johnson, Moderna, Novavax, Oxford/AstraZeneca, Pfizer/BioNTech",https://www.koronavirus.hr,5264053,2316348,2246264,
Croatia,2022-07-28,"Johnson&Johnson, Moderna, Novavax, Oxford/AstraZeneca, Pfizer/BioNTech",https://www.koronavirus.hr,5264263,2316378,2246308,
Croatia,2022-07-29,"Johnson&Johnson, Moderna, Novavax, Oxford/AstraZeneca, Pfizer/BioNTech",https://www.koronavirus.hr,5264568,2316421,,
Croatia,2022-07-30,"Johnson&Johnson, Moderna, Novavax, Oxford/AstraZeneca, Pfizer/BioNTech",https://www.koronavirus.hr,5264593,2316428,,
Croatia,2022-07-31,"Johnson&Johnson, Moderna, Novavax, Oxford/AstraZeneca, Pfizer/BioNTech",https://www.koronavirus.hr,5264595,2316430,,
Croatia,2022-08-01,"Johnson&Johnson, Moderna, Novavax, Oxford/AstraZeneca, Pfizer/BioNTech",https://www.koronavirus.hr,5264857,2316486,,
Croatia,2022-08-02,"Johnson&Johnson, Moderna, Novavax, Oxford/AstraZeneca, Pfizer/BioNTech",https://www.koronavirus.hr,5265092,2316510,,
Croatia,2022-08-03,"Johnson&Johnson, Moderna, Novavax, Oxford/AstraZeneca, Pfizer/BioNTech",https://www.koronavirus.hr,5265340,2316558,,
Croatia,2022-08-06,"Johnson&Johnson, Moderna, Novavax, Oxford/AstraZeneca, Pfizer/BioNTech",https://www.koronavirus.hr,5265639,2316607,2246606,
Croatia,2022-08-07,"Johnson&Johnson, Moderna, Novavax, Oxford/AstraZeneca, Pfizer/BioNTech",https://www.koronavirus.hr,5265640,2316608,2246607,
Croatia,2022-08-08,"Johnson&Johnson, Moderna, Novavax, Oxford/AstraZeneca, Pfizer/BioNTech",https://www.koronavirus.hr,5265898,2316664,2246680,
Croatia,2022-08-09,"Johnson&Johnson, Moderna, Novavax, Oxford/AstraZeneca, Pfizer/BioNTech",https://www.koronavirus.hr,5266068,2316695,2246721,
Croatia,2022-08-10,"Johnson&Johnson, Moderna, Novavax, Oxford/AstraZeneca, Pfizer/BioNTech",https://www.koronavirus.hr,5266261,2316728,2246759,
Croatia,2022-08-11,"Johnson&Johnson, Moderna, Novavax, Oxford/AstraZeneca, Pfizer/BioNTech",https://www.koronavirus.hr,5266467,2316768,2246805,
Croatia,2022-08-12,"Johnson&Johnson, Moderna, Novavax, Oxford/AstraZeneca, Pfizer/BioNTech",https://www.koronavirus.hr,5266783,2316820,2246862,
Croatia,2022-08-13,"Johnson&Johnson, Moderna, Novavax, Oxford/AstraZeneca, Pfizer/BioNTech",https://www.koronavirus.hr,5266808,2316826,2246864,
Croatia,2022-08-16,"Johnson&Johnson, Moderna, Novavax, Oxford/AstraZeneca, Pfizer/BioNTech",https://www.koronavirus.hr,5267020,2316881,2246928,
Croatia,2022-08-17,"Johnson&Johnson, Moderna, Novavax, Oxford/AstraZeneca, Pfizer/BioNTech",https://www.koronavirus.hr,5267301,2316931,2246976,
Croatia,2022-08-18,"Johnson&Johnson, Moderna, Novavax, Oxford/AstraZeneca, Pfizer/BioNTech",https://www.koronavirus.hr,5267672,2317004,2247058,
Croatia,2022-08-19,"Johnson&Johnson, Moderna, Novavax, Oxford/AstraZeneca, Pfizer/BioNTech",https://www.koronavirus.hr,5267952,2317041,2247112,
Croatia,2022-08-20,"Johnson&Johnson, Moderna, Novavax, Oxford/AstraZeneca, Pfizer/BioNTech",https://www.koronavirus.hr,5267974,2317049,2247120,
Croatia,2022-08-21,"Johnson&Johnson, Moderna, Novavax, Oxford/AstraZeneca, Pfizer/BioNTech",https://www.koronavirus.hr,5267978,2317049,2247121,
Croatia,2022-08-22,"Johnson&Johnson, Moderna, Novavax, Oxford/AstraZeneca, Pfizer/BioNTech",https://www.koronavirus.hr,5268457,2317092,2247185,
Croatia,2022-08-24,"Johnson&Johnson, Moderna, Novavax, Oxford/AstraZeneca, Pfizer/BioNTech",https://www.koronavirus.hr,5269284,2317178,2247290,
Croatia,2022-08-25,"Johnson&Johnson, Moderna, Novavax, Oxford/AstraZeneca, Pfizer/BioNTech",https://www.koronavirus.hr,5269665,2317211,2247326,
Croatia,2022-08-26,"Johnson&Johnson, Moderna, Novavax, Oxford/AstraZeneca, Pfizer/BioNTech",https://www.koronavirus.hr,5270391,2317287,2247384,
Croatia,2022-08-27,"Johnson&Johnson, Moderna, Novavax, Oxford/AstraZeneca, Pfizer/BioNTech",https://www.koronavirus.hr,5270410,2317292,2247385,
Croatia,2022-08-28,"Johnson&Johnson, Moderna, Novavax, Oxford/AstraZeneca, Pfizer/BioNTech",https://www.koronavirus.hr,5270412,2317292,2247385,
Croatia,2022-08-29,"Johnson&Johnson, Moderna, Novavax, Oxford/AstraZeneca, Pfizer/BioNTech",https://www.koronavirus.hr,5270977,2317337,2247451,
Croatia,2022-08-30,"Johnson&Johnson, Moderna, Novavax, Oxford/AstraZeneca, Pfizer/BioNTech",https://www.koronavirus.hr,5271348,2317376,2247496,
Croatia,2022-08-31,"Johnson&Johnson, Moderna, Novavax, Oxford/AstraZeneca, Pfizer/BioNTech",https://www.koronavirus.hr,5271913,2317408,2247551,
Croatia,2022-09-01,"Johnson&Johnson, Moderna, Novavax, Oxford/AstraZeneca, Pfizer/BioNTech",https://www.koronavirus.hr,5272219,2317440,2247603,
Croatia,2022-09-02,"Johnson&Johnson, Moderna, Novavax, Oxford/AstraZeneca, Pfizer/BioNTech",https://www.koronavirus.hr,5272728,2317502,2247676,
Croatia,2022-09-03,"Johnson&Johnson, Moderna, Novavax, Oxford/AstraZeneca, Pfizer/BioNTech",https://www.koronavirus.hr,5272749,2317503,2247685,
Croatia,2022-09-04,"Johnson&Johnson, Moderna, Novavax, Oxford/AstraZeneca, Pfizer/BioNTech",https://www.koronavirus.hr,5272754,2317504,2247687,
Croatia,2022-09-05,"Johnson&Johnson, Moderna, Novavax, Oxford/AstraZeneca, Pfizer/BioNTech",https://www.koronavirus.hr,5273121,2317550,2247737,
Croatia,2022-09-06,"Johnson&Johnson, Moderna, Novavax, Oxford/AstraZeneca, Pfizer/BioNTech",https://www.koronavirus.hr,5273357,2317576,2247769,
Croatia,2022-09-07,"Johnson&Johnson, Moderna, Novavax, Oxford/AstraZeneca, Pfizer/BioNTech",https://www.koronavirus.hr,5273675,2317622,2247819,
Croatia,2022-09-08,"Johnson&Johnson, Moderna, Novavax, Oxford/AstraZeneca, Pfizer/BioNTech",https://www.koronavirus.hr,5273952,2317665,2247859,
Croatia,2022-09-09,"Johnson&Johnson, Moderna, Novavax, Oxford/AstraZeneca, Pfizer/BioNTech",https://www.koronavirus.hr,5274145,2317698,2247899,
Croatia,2022-09-10,"Johnson&Johnson, Moderna, Novavax, Oxford/AstraZeneca, Pfizer/BioNTech",https://www.koronavirus.hr,5274192,2317699,2247899,
Croatia,2022-09-11,"Johnson&Johnson, Moderna, Novavax, Oxford/AstraZeneca, Pfizer/BioNTech",https://www.koronavirus.hr,5274196,2317700,2247900,
Croatia,2022-09-12,"Johnson&Johnson, Moderna, Novavax, Oxford/AstraZeneca, Pfizer/BioNTech",https://www.koronavirus.hr,5275046,2317728,2247945,
Croatia,2022-09-13,"Johnson&Johnson, Moderna, Novavax, Oxford/AstraZeneca, Pfizer/BioNTech",https://www.koronavirus.hr,5275862,2317765,2247981,
Croatia,2022-09-14,"Johnson&Johnson, Moderna, Novavax, Oxford/AstraZeneca, Pfizer/BioNTech",https://www.koronavirus.hr,5278073,2317824,2248027,
Croatia,2022-09-15,"Johnson&Johnson, Moderna, Novavax, Oxford/AstraZeneca, Pfizer/BioNTech",https://www.koronavirus.hr,5279656,2317867,,
Croatia,2022-09-16,"Johnson&Johnson, Moderna, Novavax, Oxford/AstraZeneca, Pfizer/BioNTech",https://www.koronavirus.hr,5281691,2317911,2248136,
Croatia,2022-09-17,"Johnson&Johnson, Moderna, Novavax, Oxford/AstraZeneca, Pfizer/BioNTech",https://www.koronavirus.hr,5282087,2317919,2248146,
Croatia,2022-09-18,"Johnson&Johnson, Moderna, Novavax, Oxford/AstraZeneca, Pfizer/BioNTech",https://www.koronavirus.hr,5282099,2317919,2248146,
Croatia,2022-09-19,"Johnson&Johnson, Moderna, Novavax, Oxford/AstraZeneca, Pfizer/BioNTech",https://www.koronavirus.hr,5283575,2317953,2248176,
Croatia,2022-09-20,"Johnson&Johnson, Moderna, Novavax, Oxford/AstraZeneca, Pfizer/BioNTech",https://www.koronavirus.hr,5285097,2317996,2248219,
Croatia,2022-09-21,"Johnson&Johnson, Moderna, Novavax, Oxford/AstraZeneca, Pfizer/BioNTech",https://www.koronavirus.hr,5287573,2318052,2248289,
Croatia,2022-09-22,"Johnson&Johnson, Moderna, Novavax, Oxford/AstraZeneca, Pfizer/BioNTech",https://www.koronavirus.hr,5289558,2318137,2248345,
Croatia,2022-09-23,"Johnson&Johnson, Moderna, Novavax, Oxford/AstraZeneca, Pfizer/BioNTech",https://www.koronavirus.hr,5291401,2318168,2248375,
Croatia,2022-09-24,"Johnson&Johnson, Moderna, Novavax, Oxford/AstraZeneca, Pfizer/BioNTech",https://www.koronavirus.hr,5291835,2318181,2248386,
Croatia,2022-09-25,"Johnson&Johnson, Moderna, Novavax, Oxford/AstraZeneca, Pfizer/BioNTech",https://www.koronavirus.hr,5291878,2318186,2248390,
Croatia,2022-09-26,"Johnson&Johnson, Moderna, Novavax, Oxford/AstraZeneca, Pfizer/BioNTech",https://www.koronavirus.hr,5293210,2318226,2248427,
Croatia,2022-09-27,"Johnson&Johnson, Moderna, Novavax, Oxford/AstraZeneca, Pfizer/BioNTech",https://www.koronavirus.hr,5294761,2318297,2248489,
Croatia,2022-09-28,"Johnson&Johnson, Moderna, Novavax, Oxford/AstraZeneca, Pfizer/BioNTech",https://www.koronavirus.hr,5296719,2318331,2248537,
Croatia,2022-09-29,"Johnson&Johnson, Moderna, Novavax, Oxford/AstraZeneca, Pfizer/BioNTech",https://www.koronavirus.hr,5298518,2318409,2248581,
Croatia,2022-09-30,"Johnson&Johnson, Moderna, Novavax, Oxford/AstraZeneca, Pfizer/BioNTech",https://www.koronavirus.hr,5300573,2318453,2248634,
Croatia,2022-10-01,"Johnson&Johnson, Moderna, Novavax, Oxford/AstraZeneca, Pfizer/BioNTech",https://www.koronavirus.hr,5301100,2318468,2248642,
Croatia,2022-10-02,"Johnson&Johnson, Moderna, Novavax, Oxford/AstraZeneca, Pfizer/BioNTech",https://www.koronavirus.hr,5301123,2318468,2248642,
Croatia,2022-10-03,"Johnson&Johnson, Moderna, Novavax, Oxford/AstraZeneca, Pfizer/BioNTech",https://www.koronavirus.hr,5302224,2318503,2248690,
Croatia,2022-10-04,"Johnson&Johnson, Moderna, Novavax, Oxford/AstraZeneca, Pfizer/BioNTech",https://www.koronavirus.hr,5303527,2318549,2248732,
Croatia,2022-10-05,"Johnson&Johnson, Moderna, Novavax, Oxford/AstraZeneca, Pfizer/BioNTech",https://www.koronavirus.hr,5305393,2318611,2248791,
Croatia,2022-10-06,"Johnson&Johnson, Moderna, Novavax, Oxford/AstraZeneca, Pfizer/BioNTech",https://www.koronavirus.hr,5306965,2318628,2248819,
Croatia,2022-10-07,"Johnson&Johnson, Moderna, Novavax, Oxford/AstraZeneca, Pfizer/BioNTech",https://www.koronavirus.hr,5308463,2318680,2248860,
Croatia,2022-10-08,"Johnson&Johnson, Moderna, Novavax, Oxford/AstraZeneca, Pfizer/BioNTech",https://www.koronavirus.hr,5309050,2318692,2248872,
Croatia,2022-10-09,"Johnson&Johnson, Moderna, Novavax, Oxford/AstraZeneca, Pfizer/BioNTech",https://www.koronavirus.hr,5309052,2318692,2248872,
Croatia,2022-10-11,"Johnson&Johnson, Moderna, Novavax, Oxford/AstraZeneca, Pfizer/BioNTech",https://www.koronavirus.hr,5311360,2318743,2248929,
Croatia,2022-10-12,"Johnson&Johnson, Moderna, Novavax, Oxford/AstraZeneca, Pfizer/BioNTech",https://www.koronavirus.hr,5313168,2318815,2248987,
Croatia,2022-10-13,"Johnson&Johnson, Moderna, Novavax, Oxford/AstraZeneca, Pfizer/BioNTech",https://www.koronavirus.hr,5315060,2318853,2249019,
Croatia,2022-10-14,"Johnson&Johnson, Moderna, Novavax, Oxford/AstraZeneca, Pfizer/BioNTech",https://www.koronavirus.hr,5316863,2318946,2249095,
Croatia,2022-10-15,"Johnson&Johnson, Moderna, Novavax, Oxford/AstraZeneca, Pfizer/BioNTech",https://www.koronavirus.hr,5317293,2318954,2249105,
Croatia,2022-10-16,"Johnson&Johnson, Moderna, Novavax, Oxford/AstraZeneca, Pfizer/BioNTech",https://www.koronavirus.hr,5317304,2318954,2249105,
Croatia,2022-10-18,"Johnson&Johnson, Moderna, Novavax, Oxford/AstraZeneca, Pfizer/BioNTech",https://www.koronavirus.hr,5319280,2319036,2249162,
Croatia,2022-10-19,"Johnson&Johnson, Moderna, Novavax, Oxford/AstraZeneca, Pfizer/BioNTech",https://www.koronavirus.hr,5321050,2319073,2249224,
Croatia,2022-10-20,"Johnson&Johnson, Moderna, Novavax, Oxford/AstraZeneca, Pfizer/BioNTech",https://www.koronavirus.hr,5322158,2319113,2249256,
Croatia,2022-10-22,"Johnson&Johnson, Moderna, Novavax, Oxford/AstraZeneca, Pfizer/BioNTech",https://www.koronavirus.hr,5323857,2319198,2249318,
Croatia,2022-10-23,"Johnson&Johnson, Moderna, Novavax, Oxford/AstraZeneca, Pfizer/BioNTech",https://www.koronavirus.hr,5323858,2319198,2249318,
Croatia,2022-10-24,"Johnson&Johnson, Moderna, Novavax, Oxford/AstraZeneca, Pfizer/BioNTech",https://www.koronavirus.hr,5324691,2319233,2249353,
Croatia,2022-10-25,"Johnson&Johnson, Moderna, Novavax, Oxford/AstraZeneca, Pfizer/BioNTech",https://www.koronavirus.hr,5325551,2319260,2249381,
Croatia,2022-10-26,"Johnson&Johnson, Moderna, Novavax, Oxford/AstraZeneca, Pfizer/BioNTech",https://www.koronavirus.hr,5326713,2319302,2249416,
Croatia,2022-10-27,"Johnson&Johnson, Moderna, Novavax, Oxford/AstraZeneca, Pfizer/BioNTech",https://www.koronavirus.hr,5327917,2319370,2249458,
Croatia,2022-10-28,"Johnson&Johnson, Moderna, Novavax, Oxford/AstraZeneca, Pfizer/BioNTech",https://www.koronavirus.hr,5328878,2319397,2249489,
Croatia,2022-10-30,"Johnson&Johnson, Moderna, Novavax, Oxford/AstraZeneca, Pfizer/BioNTech",https://www.koronavirus.hr,5329152,2319433,2249491,
Croatia,2022-11-01,"Johnson&Johnson, Moderna, Novavax, Oxford/AstraZeneca, Pfizer/BioNTech",https://www.koronavirus.hr,5329455,2319449,2249499,
Croatia,2022-11-02,"Johnson&Johnson, Moderna, Novavax, Oxford/AstraZeneca, Pfizer/BioNTech",https://www.koronavirus.hr,5330395,2319496,2249548,
Croatia,2022-11-03,"Johnson&Johnson, Moderna, Novavax, Oxford/AstraZeneca, Pfizer/BioNTech",https://www.koronavirus.hr,5331464,2319585,2249575,
Croatia,2022-11-04,"Johnson&Johnson, Moderna, Novavax, Oxford/AstraZeneca, Pfizer/BioNTech",https://www.koronavirus.hr,5332263,2319627,2249614,
Croatia,2022-11-05,"Johnson&Johnson, Moderna, Novavax, Oxford/AstraZeneca, Pfizer/BioNTech",https://www.koronavirus.hr,5332587,2319644,2249624,
Croatia,2022-11-06,"Johnson&Johnson, Moderna, Novavax, Oxford/AstraZeneca, Pfizer/BioNTech",https://www.koronavirus.hr,5332590,2319645,2249625,
Croatia,2022-11-07,"Johnson&Johnson, Moderna, Novavax, Oxford/AstraZeneca, Pfizer/BioNTech",https://www.koronavirus.hr,5333148,2319697,2249644,
Croatia,2022-11-08,"Johnson&Johnson, Moderna, Novavax, Oxford/AstraZeneca, Pfizer/BioNTech",https://www.koronavirus.hr,5333985,2319706,2249657,
Croatia,2022-11-09,"Johnson&Johnson, Moderna, Novavax, Oxford/AstraZeneca, Pfizer/BioNTech",https://www.koronavirus.hr,5335378,2319706,2249694,
Croatia,2022-11-10,"Johnson&Johnson, Moderna, Novavax, Oxford/AstraZeneca, Pfizer/BioNTech",https://www.koronavirus.hr,5336376,2319796,2249729,
Croatia,2022-11-11,"Johnson&Johnson, Moderna, Novavax, Oxford/AstraZeneca, Pfizer/BioNTech",https://www.koronavirus.hr,5337252,2319846,2249772,
Croatia,2022-11-12,"Johnson&Johnson, Moderna, Novavax, Oxford/AstraZeneca, Pfizer/BioNTech",https://www.koronavirus.hr,5337473,2319861,2249778,
Croatia,2022-11-13,"Johnson&Johnson, Moderna, Novavax, Oxford/AstraZeneca, Pfizer/BioNTech",https://www.koronavirus.hr,5337474,2319861,2249778,
Croatia,2022-11-14,"Johnson&Johnson, Moderna, Novavax, Oxford/AstraZeneca, Pfizer/BioNTech",https://www.koronavirus.hr,5337990,2319887,2249805,
Croatia,2022-11-15,"Johnson&Johnson, Moderna, Novavax, Oxford/AstraZeneca, Pfizer/BioNTech",https://www.koronavirus.hr,5338844,2319937,2249852,
Croatia,2022-11-16,"Johnson&Johnson, Moderna, Novavax, Oxford/AstraZeneca, Pfizer/BioNTech",https://www.koronavirus.hr,5340056,2319993,2249901,
Croatia,2022-11-17,"Johnson&Johnson, Moderna, Novavax, Oxford/AstraZeneca, Pfizer/BioNTech",https://www.koronavirus.hr,5341012,2320023,2249934,
Croatia,2022-11-18,"Johnson&Johnson, Moderna, Novavax, Oxford/AstraZeneca, Pfizer/BioNTech",https://www.koronavirus.hr,5341014,2320023,2249935,
Croatia,2022-11-20,"Johnson&Johnson, Moderna, Novavax, Oxford/AstraZeneca, Pfizer/BioNTech",https://www.koronavirus.hr,5341097,2320028,2249946,
Croatia,2022-11-22,"Johnson&Johnson, Moderna, Novavax, Oxford/AstraZeneca, Pfizer/BioNTech",https://www.koronavirus.hr,5341855,2320081,2249990,
Croatia,2022-11-23,"Johnson&Johnson, Moderna, Novavax, Oxford/AstraZeneca, Pfizer/BioNTech",https://www.koronavirus.hr,5342638,2320126,2250032,
Croatia,2022-11-24,"Johnson&Johnson, Moderna, Novavax, Oxford/AstraZeneca, Pfizer/BioNTech",https://www.koronavirus.hr,5343590,2320137,2250056,
Croatia,2022-11-25,"Johnson&Johnson, Moderna, Novavax, Oxford/AstraZeneca, Pfizer/BioNTech",https://www.koronavirus.hr,5344331,2320174,2250085,
Croatia,2022-11-26,"Johnson&Johnson, Moderna, Novavax, Oxford/AstraZeneca, Pfizer/BioNTech",https://www.koronavirus.hr,5344595,2320187,2250086,
Croatia,2022-11-28,"Johnson&Johnson, Moderna, Novavax, Oxford/AstraZeneca, Pfizer/BioNTech",https://www.koronavirus.hr,5344872,2320204,2250102,
Croatia,2022-11-29,"Johnson&Johnson, Moderna, Novavax, Oxford/AstraZeneca, Pfizer/BioNTech",https://www.koronavirus.hr,5345377,2320223,2250124,
Croatia,2022-11-30,"Johnson&Johnson, Moderna, Novavax, Oxford/AstraZeneca, Pfizer/BioNTech",https://www.koronavirus.hr,5346265,2320269,2250158,
Croatia,2022-12-01,"Johnson&Johnson, Moderna, Novavax, Oxford/AstraZeneca, Pfizer/BioNTech",https://www.koronavirus.hr,5346805,2320302,2250187,
Croatia,2022-12-02,"Johnson&Johnson, Moderna, Novavax, Oxford/AstraZeneca, Pfizer/BioNTech",https://www.koronavirus.hr,5347342,2320323,2250209,
Croatia,2022-12-03,"Johnson&Johnson, Moderna, Novavax, Oxford/AstraZeneca, Pfizer/BioNTech",https://www.koronavirus.hr,5347466,2320332,2250211,
Croatia,2022-12-05,"Johnson&Johnson, Moderna, Novavax, Oxford/AstraZeneca, Pfizer/BioNTech",https://www.koronavirus.hr,5347721,2320351,2250240,
Croatia,2022-12-08,"Johnson&Johnson, Moderna, Novavax, Oxford/AstraZeneca, Pfizer/BioNTech",https://www.koronavirus.hr,5349204,2320430,2250305,
Croatia,2022-12-11,"Johnson&Johnson, Moderna, Novavax, Oxford/AstraZeneca, Pfizer/BioNTech",https://www.koronavirus.hr,5349798,2320464,2250324,
Croatia,2022-12-12,"Johnson&Johnson, Moderna, Novavax, Oxford/AstraZeneca, Pfizer/BioNTech",https://www.koronavirus.hr,5349969,2320476,2250339,
Croatia,2022-12-13,"Johnson&Johnson, Moderna, Novavax, Oxford/AstraZeneca, Pfizer/BioNTech",https://www.koronavirus.hr,5350265,2320492,2250353,
Croatia,2022-12-14,"Johnson&Johnson, Moderna, Novavax, Oxford/AstraZeneca, Pfizer/BioNTech",https://www.koronavirus.hr,5350663,2320505,2250364,
Croatia,2022-12-15,"Johnson&Johnson, Moderna, Novavax, Oxford/AstraZeneca, Pfizer/BioNTech",https://www.koronavirus.hr,5351054,2320518,2250378,
Croatia,2022-12-16,"Johnson&Johnson, Moderna, Novavax, Oxford/AstraZeneca, Pfizer/BioNTech",https://www.koronavirus.hr,5351399,2320529,2250394,
Croatia,2022-12-17,"Johnson&Johnson, Moderna, Novavax, Oxford/AstraZeneca, Pfizer/BioNTech",https://www.koronavirus.hr,5351454,2320531,2250396,
Croatia,2022-12-19,"Johnson&Johnson, Moderna, Novavax, Oxford/AstraZeneca, Pfizer/BioNTech",https://www.koronavirus.hr,5351648,2320544,2250409,
Croatia,2022-12-20,"Johnson&Johnson, Moderna, Novavax, Oxford/AstraZeneca, Pfizer/BioNTech",https://www.koronavirus.hr,5351982,2320562,2250424,
Croatia,2022-12-21,"Johnson&Johnson, Moderna, Novavax, Oxford/AstraZeneca, Pfizer/BioNTech",https://www.koronavirus.hr,5352490,2320585,2250460,
Croatia,2022-12-22,"Johnson&Johnson, Moderna, Novavax, Oxford/AstraZeneca, Pfizer/BioNTech",https://www.koronavirus.hr,5352765,2320594,2250474,
Croatia,2022-12-23,"Johnson&Johnson, Moderna, Novavax, Oxford/AstraZeneca, Pfizer/BioNTech",https://www.koronavirus.hr,5352966,2320613,2250491,
Croatia,2022-12-25,"Johnson&Johnson, Moderna, Novavax, Oxford/AstraZeneca, Pfizer/BioNTech",https://www.koronavirus.hr,5352973,,,
Croatia,2022-12-26,"Johnson&Johnson, Moderna, Novavax, Oxford/AstraZeneca, Pfizer/BioNTech",https://www.koronavirus.hr,5352983,2320613,2250491,
Croatia,2022-12-27,"Johnson&Johnson, Moderna, Novavax, Oxford/AstraZeneca, Pfizer/BioNTech",https://www.koronavirus.hr,5353186,2320622,2250505,
Croatia,2022-12-28,"Johnson&Johnson, Moderna, Novavax, Oxford/AstraZeneca, Pfizer/BioNTech",https://www.koronavirus.hr,5353535,2320640,2250524,
Croatia,2022-12-29,"Johnson&Johnson, Moderna, Novavax, Oxford/AstraZeneca, Pfizer/BioNTech",https://www.koronavirus.hr,5353840,2320661,2250547,
Croatia,2022-12-31,"Johnson&Johnson, Moderna, Novavax, Oxford/AstraZeneca, Pfizer/BioNTech",https://www.koronavirus.hr,5354058,2320672,2250557,
Croatia,2023-01-01,"Johnson&Johnson, Moderna, Novavax, Oxford/AstraZeneca, Pfizer/BioNTech",https://www.koronavirus.hr,5354084,2320673,2250559,
Croatia,2023-01-02,"Johnson&Johnson, Moderna, Novavax, Oxford/AstraZeneca, Pfizer/BioNTech",https://www.koronavirus.hr,5354198,2320679,2250567,
Croatia,2023-01-03,"Johnson&Johnson, Moderna, Novavax, Oxford/AstraZeneca, Pfizer/BioNTech",https://www.koronavirus.hr,5354375,2320685,2250581,
Croatia,2023-01-04,"Johnson&Johnson, Moderna, Novavax, Oxford/AstraZeneca, Pfizer/BioNTech",https://www.koronavirus.hr,5354764,2320700,2250595,
Croatia,2023-01-05,"Johnson&Johnson, Moderna, Novavax, Oxford/AstraZeneca, Pfizer/BioNTech",https://www.koronavirus.hr,5355110,2320716,2250608,
Croatia,2023-01-06,"Johnson&Johnson, Moderna, Novavax, Oxford/AstraZeneca, Pfizer/BioNTech",https://www.koronavirus.hr,5355113,2320717,2250609,
Croatia,2023-01-07,"Johnson&Johnson, Moderna, Novavax, Oxford/AstraZeneca, Pfizer/BioNTech",https://www.koronavirus.hr,5355136,,2250611,
Croatia,2023-01-08,"Johnson&Johnson, Moderna, Novavax, Oxford/AstraZeneca, Pfizer/BioNTech",https://www.koronavirus.hr,5355142,2320719,2250613,
Croatia,2023-01-09,"Johnson&Johnson, Moderna, Novavax, Oxford/AstraZeneca, Pfizer/BioNTech",https://www.koronavirus.hr,5355378,2320740,2250638,
Croatia,2023-01-10,"Johnson&Johnson, Moderna, Novavax, Oxford/AstraZeneca, Pfizer/BioNTech",https://www.koronavirus.hr,5355672,2320754,2250654,
Croatia,2023-01-11,"Johnson&Johnson, Moderna, Novavax, Oxford/AstraZeneca, Pfizer/BioNTech",https://www.koronavirus.hr,5356132,2320791,2250687,
Croatia,2023-01-12,"Johnson&Johnson, Moderna, Novavax, Oxford/AstraZeneca, Pfizer/BioNTech",https://www.koronavirus.hr,5356571,2320816,2250706,
Croatia,2023-01-13,"Johnson&Johnson, Moderna, Novavax, Oxford/AstraZeneca, Pfizer/BioNTech",https://www.koronavirus.hr,5356912,2320830,2250723,
Croatia,2023-01-15,"Johnson&Johnson, Moderna, Novavax, Oxford/AstraZeneca, Pfizer/BioNTech",https://www.koronavirus.hr,5356963,2320831,,
Croatia,2023-01-16,"Johnson&Johnson, Moderna, Novavax, Oxford/AstraZeneca, Pfizer/BioNTech",https://www.koronavirus.hr,5357102,2320843,2250727,
Croatia,2023-01-17,"Johnson&Johnson, Moderna, Novavax, Oxford/AstraZeneca, Pfizer/BioNTech",https://www.koronavirus.hr,5357352,2320862,2250740,
Croatia,2023-01-18,"Johnson&Johnson, Moderna, Novavax, Oxford/AstraZeneca, Pfizer/BioNTech",https://www.koronavirus.hr,5357679,2320873,2250761,
Croatia,2023-01-19,"Johnson&Johnson, Moderna, Novavax, Oxford/AstraZeneca, Pfizer/BioNTech",https://www.koronavirus.hr,5357860,2320888,2250782,
Croatia,2023-01-21,"Johnson&Johnson, Moderna, Novavax, Oxford/AstraZeneca, Pfizer/BioNTech",https://www.koronavirus.hr,5358033,2320905,2250809,
Croatia,2023-01-22,"Johnson&Johnson, Moderna, Novavax, Oxford/AstraZeneca, Pfizer/BioNTech",https://www.koronavirus.hr,5358080,2320908,2250813,
Croatia,2023-01-24,"Johnson&Johnson, Moderna, Novavax, Oxford/AstraZeneca, Pfizer/BioNTech",https://www.koronavirus.hr,5358333,2320938,2250854,
Croatia,2023-01-25,"Johnson&Johnson, Moderna, Novavax, Oxford/AstraZeneca, Pfizer/BioNTech",https://www.koronavirus.hr,5358609,2320966,2250880,
Croatia,2023-01-26,"Johnson&Johnson, Moderna, Novavax, Oxford/AstraZeneca, Pfizer/BioNTech",https://www.koronavirus.hr,5358770,2320981,2250890,
Croatia,2023-01-28,"Johnson&Johnson, Moderna, Novavax, Oxford/AstraZeneca, Pfizer/BioNTech",https://www.koronavirus.hr,5358874,2320991,2250905,
Croatia,2023-01-29,"Johnson&Johnson, Moderna, Novavax, Oxford/AstraZeneca, Pfizer/BioNTech",https://www.koronavirus.hr,5358885,2320992,2250906,
Croatia,2023-01-30,"Johnson&Johnson, Moderna, Novavax, Oxford/AstraZeneca, Pfizer/BioNTech",https://www.koronavirus.hr,5358949,2320999,2250917,
Croatia,2023-01-31,"Johnson&Johnson, Moderna, Novavax, Oxford/AstraZeneca, Pfizer/BioNTech",https://www.koronavirus.hr,5359078,2321012,2250933,
Croatia,2023-02-01,"Johnson&Johnson, Moderna, Novavax, Oxford/AstraZeneca, Pfizer/BioNTech",https://www.koronavirus.hr,5359205,2321026,2250952,
Croatia,2023-02-03,"Johnson&Johnson, Moderna, Novavax, Oxford/AstraZeneca, Pfizer/BioNTech",https://www.koronavirus.hr,5359280,2321040,2250970,
Croatia,2023-02-04,"Johnson&Johnson, Moderna, Novavax, Oxford/AstraZeneca, Pfizer/BioNTech",https://www.koronavirus.hr,5359381,2321052,2250986,
Croatia,2023-02-05,"Johnson&Johnson, Moderna, Novavax, Oxford/AstraZeneca, Pfizer/BioNTech",https://www.koronavirus.hr,5359388,,,
Croatia,2023-02-06,"Johnson&Johnson, Moderna, Novavax, Oxford/AstraZeneca, Pfizer/BioNTech",https://www.koronavirus.hr,5359445,2321062,2250998,
Croatia,2023-02-07,"Johnson&Johnson, Moderna, Novavax, Oxford/AstraZeneca, Pfizer/BioNTech",https://www.koronavirus.hr,5359509,2321077,2251013,
Croatia,2023-02-08,"Johnson&Johnson, Moderna, Novavax, Oxford/AstraZeneca, Pfizer/BioNTech",https://www.koronavirus.hr,5359610,2321094,2251030,
Croatia,2023-02-09,"Johnson&Johnson, Moderna, Novavax, Oxford/AstraZeneca, Pfizer/BioNTech",https://www.koronavirus.hr,5359676,2321100,2251038,
Croatia,2023-02-11,"Johnson&Johnson, Moderna, Novavax, Oxford/AstraZeneca, Pfizer/BioNTech",https://www.koronavirus.hr,5359726,2321112,2251050,
Croatia,2023-02-12,"Johnson&Johnson, Moderna, Novavax, Oxford/AstraZeneca, Pfizer/BioNTech",https://www.koronavirus.hr,5359741,2321116,,
Croatia,2023-02-13,"Johnson&Johnson, Moderna, Novavax, Oxford/AstraZeneca, Pfizer/BioNTech",https://www.koronavirus.hr,5359808,2321138,2251069,
Croatia,2023-02-14,"Johnson&Johnson, Moderna, Novavax, Oxford/AstraZeneca, Pfizer/BioNTech",https://www.koronavirus.hr,5359846,2321144,2251073,
Croatia,2023-02-15,"Johnson&Johnson, Moderna, Novavax, Oxford/AstraZeneca, Pfizer/BioNTech",https://www.koronavirus.hr,5359930,2321155,2251086,
Croatia,2023-02-16,"Johnson&Johnson, Moderna, Novavax, Oxford/AstraZeneca, Pfizer/BioNTech",https://www.koronavirus.hr,5359987,2321160,2251098,
Croatia,2023-02-17,"Johnson&Johnson, Moderna, Novavax, Oxford/AstraZeneca, Pfizer/BioNTech",https://www.koronavirus.hr,5360043,2321167,2251106,
Croatia,2023-02-19,"Johnson&Johnson, Moderna, Novavax, Oxford/AstraZeneca, Pfizer/BioNTech",https://www.koronavirus.hr,5360045,2321168,2251107,
Croatia,2023-02-20,"Johnson&Johnson, Moderna, Novavax, Oxford/AstraZeneca, Pfizer/BioNTech",https://www.koronavirus.hr,5360084,2321174,2251113,
Croatia,2023-02-26,"Johnson&Johnson, Moderna, Novavax, Oxford/AstraZeneca, Pfizer/BioNTech",https://www.koronavirus.hr,5360332,2321207,2251147,
Croatia,2023-03-05,"Johnson&Johnson, Moderna, Novavax, Oxford/AstraZeneca, Pfizer/BioNTech",https://www.koronavirus.hr,5360540,2321257,2251192,
Croatia,2023-03-12,"Johnson&Johnson, Moderna, Novavax, Oxford/AstraZeneca, Pfizer/BioNTech",https://www.koronavirus.hr,5360723,2321299,2251239,
Croatia,2023-03-19,"Johnson&Johnson, Moderna, Novavax, Oxford/AstraZeneca, Pfizer/BioNTech",https://www.koronavirus.hr,5360979,2321336,2251283,
Croatia,2023-03-27,"Johnson&Johnson, Moderna, Novavax, Oxford/AstraZeneca, Pfizer/BioNTech",https://www.koronavirus.hr,5361133,2321376,2251324,
Croatia,2023-04-03,"Johnson&Johnson, Moderna, Novavax, Oxford/AstraZeneca, Pfizer/BioNTech",https://www.koronavirus.hr,5361245,2321402,2251361,
Croatia,2023-04-08,"Johnson&Johnson, Moderna, Novavax, Oxford/AstraZeneca, Pfizer/BioNTech",https://www.koronavirus.hr,5361245,2321402,,
Croatia,2023-04-17,"Johnson&Johnson, Moderna, Novavax, Oxford/AstraZeneca, Pfizer/BioNTech",https://www.koronavirus.hr,5361466,2321456,2251424,
Croatia,2023-04-23,"Johnson&Johnson, Moderna, Novavax, Oxford/AstraZeneca, Pfizer/BioNTech",https://www.koronavirus.hr,5361617,2321507,2251480,
Croatia,2023-05-01,"Johnson&Johnson, Moderna, Novavax, Oxford/AstraZeneca, Pfizer/BioNTech",https://www.koronavirus.hr,5361727,2321549,2251514,
Croatia,2023-05-07,"Johnson&Johnson, Moderna, Novavax, Oxford/AstraZeneca, Pfizer/BioNTech",https://www.koronavirus.hr,5361812,2321584,2251555,
Croatia,2023-05-14,"Johnson&Johnson, Moderna, Novavax, Oxford/AstraZeneca, Pfizer/BioNTech",https://www.koronavirus.hr,5361862,2321595,2251570,
Croatia,2023-05-22,"Johnson&Johnson, Moderna, Novavax, Oxford/AstraZeneca, Pfizer/BioNTech",https://www.koronavirus.hr,5361915,2321609,2251590,
Croatia,2023-05-28,"Johnson&Johnson, Moderna, Novavax, Oxford/AstraZeneca, Pfizer/BioNTech",https://www.koronavirus.hr,5361961,2321620,2251604,
Croatia,2023-06-04,"Johnson&Johnson, Moderna, Novavax, Oxford/AstraZeneca, Pfizer/BioNTech",https://www.koronavirus.hr,5362004,2321629,2251616,
Croatia,2023-06-12,"Johnson&Johnson, Moderna, Novavax, Oxford/AstraZeneca, Pfizer/BioNTech",https://www.koronavirus.hr,5362024,2321632,2251622,
Croatia,2023-06-19,"Johnson&Johnson, Moderna, Novavax, Oxford/AstraZeneca, Pfizer/BioNTech",https://www.koronavirus.hr,5362053,2321640,2251631,
Croatia,2023-07-03,"Johnson&Johnson, Moderna, Novavax, Oxford/AstraZeneca, Pfizer/BioNTech",https://www.koronavirus.hr,,2321652,2251642,
Croatia,2023-07-09,"Johnson&Johnson, Moderna, Novavax, Oxford/AstraZeneca, Pfizer/BioNTech",https://www.koronavirus.hr,5362106,2321661,2251652,
Croatia,2023-07-16,"Johnson&Johnson, Moderna, Novavax, Oxford/AstraZeneca, Pfizer/BioNTech",https://www.koronavirus.hr,5362123,2321666,2251657,
Croatia,2023-07-25,"Johnson&Johnson, Moderna, Novavax, Oxford/AstraZeneca, Pfizer/BioNTech",https://www.koronavirus.hr,5362131,2321669,2251660,
Croatia,2023-07-30,"Johnson&Johnson, Moderna, Novavax, Oxford/AstraZeneca, Pfizer/BioNTech",https://www.koronavirus.hr,5362142,2321673,2251665,
Croatia,2023-08-22,"Johnson&Johnson, Moderna, Novavax, Oxford/AstraZeneca, Pfizer/BioNTech",https://www.koronavirus.hr,5362227,2321700,2251699,
Croatia,2023-08-28,"Johnson&Johnson, Moderna, Novavax, Oxford/AstraZeneca, Pfizer/BioNTech",https://www.koronavirus.hr,5362233,2321704,2251702,
Croatia,2023-09-18,"Johnson&Johnson, Moderna, Novavax, Oxford/AstraZeneca, Pfizer/BioNTech",https://www.koronavirus.hr,5362292,2321717,2251717,
Croatia,2023-10-01,"Johnson&Johnson, Moderna, Novavax, Oxford/AstraZeneca, Pfizer/BioNTech",https://www.koronavirus.hr,5363899,2321786,2251723,
Croatia,2023-10-10,"Johnson&Johnson, Moderna, Novavax, Oxford/AstraZeneca, Pfizer/BioNTech",https://www.koronavirus.hr,5365365,2321940,2251725,
Croatia,2023-10-22,"Johnson&Johnson, Moderna, Novavax, Oxford/AstraZeneca, Pfizer/BioNTech",https://www.koronavirus.hr,5368867,2322276,2251758,
Croatia,2023-10-30,"Johnson&Johnson, Moderna, Novavax, Oxford/AstraZeneca, Pfizer/BioNTech",https://www.koronavirus.hr,5370391,2322472,2251764,
Croatia,2023-11-05,"Johnson&Johnson, Moderna, Novavax, Oxford/AstraZeneca, Pfizer/BioNTech",https://www.koronavirus.hr,5371140,2322639,2251766,
Croatia,2023-11-12,"Johnson&Johnson, Moderna, Novavax, Oxford/AstraZeneca, Pfizer/BioNTech",https://www.koronavirus.hr,5372505,2322854,2251798,
