location,date,vaccine,source_url,total_vaccinations,people_vaccinated,people_fully_vaccinated,total_boosters
Curacao,2021-03-29,Pfizer/BioNTech,https://www.facebook.com/GobiernuKorsou/posts/3843457112406805,19609,15406,4203,
Curacao,2021-03-30,Pfizer/BioNTech,https://www.facebook.com/GobiernuKorsou/posts/3846943225391527,20485,15755,4730,
Curacao,2021-04-01,Pfizer/BioNTech,https://www.facebook.com/GobiernuKorsou/posts/3854302891322227,22339,16498,5841,
Curacao,2021-04-05,Pfizer/BioNTech,https://www.facebook.com/GobiernuKorsou/posts/3865880803497769,28137,20457,7680,
Curacao,2021-04-06,Pfizer/BioNTech,https://www.facebook.com/GobiernuKorsou/posts/3868669263218923,30206,22031,8175,
Curacao,2021-04-07,Pfizer/BioNTech,https://www.facebook.com/GobiernuKorsou/posts/3871596152926234,32330,23497,8833,
Curacao,2021-04-08,Pfizer/BioNTech,https://www.facebook.com/GobiernuKorsou/posts/3874058199346696,34130,24613,9517,
Curacao,2021-04-09,Pfizer/BioNTech,https://www.facebook.com/GobiernuKorsou/posts/3877507169001799,36866,26645,10221,
Curacao,2021-04-10,Pfizer/BioNTech,https://www.facebook.com/GobiernuKorsou/posts/3880378278714688,40648,29990,10658,
Curacao,2021-04-13,"Pfizer/BioNTech, Moderna",https://www.facebook.com/GobiernuKorsou/posts/3889610274458155,49926,37940,11986,
Curacao,2021-04-14,"Pfizer/BioNTech, Moderna",https://www.facebook.com/GobiernuKorsou/posts/3891702297582286,53519,41117,12402,
Curacao,2021-04-15,"Pfizer/BioNTech, Moderna",https://www.facebook.com/GobiernuKorsou/posts/3894788640606985,58175,45386,12789,
Curacao,2021-04-16,"Pfizer/BioNTech, Moderna",https://www.facebook.com/GobiernuKorsou/posts/3898038706948645,61031,47915,13116,
Curacao,2021-04-17,"Pfizer/BioNTech, Moderna",https://www.facebook.com/GobiernuKorsou/posts/3900251663394016,64447,50876,13571,
Curacao,2021-04-19,"Pfizer/BioNTech, Moderna",https://bakuna.cw/,68760,55151,13609,
Curacao,2021-04-20,"Pfizer/BioNTech, Moderna",https://bakuna.cw/,71973,57681,14292,
Curacao,2021-04-21,"Pfizer/BioNTech, Moderna",https://bakuna.cw/,74839,59842,14997,
Curacao,2021-04-22,"Pfizer/BioNTech, Moderna",https://bakuna.cw/,77687,62322,15365,
Curacao,2021-04-23,"Pfizer/BioNTech, Moderna",https://bakuna.cw/,80356,64686,15670,
Curacao,2021-04-24,"Pfizer/BioNTech, Moderna",https://bakuna.cw/,84016,67614,16402,
Curacao,2021-04-25,"Pfizer/BioNTech, Moderna",https://bakuna.cw/,84716,68206,16510,
Curacao,2021-04-26,"Pfizer/BioNTech, Moderna",https://bakuna.cw/,86781,68723,18058,
Curacao,2021-04-27,"Pfizer/BioNTech, Moderna",https://bakuna.cw/,89193,69788,19405,
Curacao,2021-04-28,"Pfizer/BioNTech, Moderna",https://bakuna.cw/,89746,69977,19769,
Curacao,2021-04-29,"Pfizer/BioNTech, Moderna",https://bakuna.cw/,93919,71645,22274,
Curacao,2021-04-30,"Pfizer/BioNTech, Moderna",https://bakuna.cw/,95693,72248,23445,
Curacao,2021-05-01,"Pfizer/BioNTech, Moderna",https://bakuna.cw/,97496,72855,24641,
Curacao,2021-05-02,"Pfizer/BioNTech, Moderna",https://bakuna.cw/,97504,72861,24643,
Curacao,2021-05-03,"Pfizer/BioNTech, Moderna",https://bakuna.cw/,100527,73347,27180,
Curacao,2021-05-04,"Pfizer/BioNTech, Moderna",https://bakuna.cw/,102803,74294,28509,
Curacao,2021-05-05,"Pfizer/BioNTech, Moderna",https://bakuna.cw/,105720,75555,30165,
Curacao,2021-05-06,"Pfizer/BioNTech, Moderna",https://bakuna.cw/,106971,76031,30940,
Curacao,2021-05-08,"Pfizer/BioNTech, Moderna",https://bakuna.cw/,108202,76490,31712,
Curacao,2021-05-09,"Pfizer/BioNTech, Moderna",https://bakuna.cw/,109444,77141,32303,
Curacao,2021-05-10,"Pfizer/BioNTech, Moderna",https://bakuna.cw/,110103,77334,32769,
Curacao,2021-05-11,"Pfizer/BioNTech, Moderna",https://bakuna.cw/,111446,77849,33597,
Curacao,2021-05-12,"Pfizer/BioNTech, Moderna",https://bakuna.cw/,112966,78279,34687,
Curacao,2021-05-13,"Pfizer/BioNTech, Moderna",https://bakuna.cw/,115561,78676,36885,
Curacao,2021-05-14,"Pfizer/BioNTech, Moderna",https://bakuna.cw/,117613,78944,38669,
Curacao,2021-05-15,"Pfizer/BioNTech, Moderna",https://bakuna.cw/,120109,79333,40776,
Curacao,2021-05-16,"Pfizer/BioNTech, Moderna",https://bakuna.cw/,123637,79747,43890,
Curacao,2021-05-17,"Pfizer/BioNTech, Moderna",https://bakuna.cw/,125633,79954,45679,
Curacao,2021-05-18,"Pfizer/BioNTech, Moderna",https://bakuna.cw/,129059,80391,48668,
Curacao,2021-05-19,"Pfizer/BioNTech, Moderna",https://bakuna.cw/,132406,80771,51635,
Curacao,2021-05-20,"Pfizer/BioNTech, Moderna",https://bakuna.cw/,135302,81097,54205,
Curacao,2021-05-21,"Pfizer/BioNTech, Moderna",https://bakuna.cw/,139995,81895,58100,
Curacao,2021-05-22,"Pfizer/BioNTech, Moderna",https://bakuna.cw/,142102,82230,59872,
Curacao,2021-05-23,"Pfizer/BioNTech, Moderna",https://bakuna.cw/,143089,82494,60595,
Curacao,2021-05-24,"Pfizer/BioNTech, Moderna",https://bakuna.cw/,144571,82814,61757,
Curacao,2021-05-25,"Pfizer/BioNTech, Moderna",https://bakuna.cw/,147005,83290,63715,
Curacao,2021-05-26,"Pfizer/BioNTech, Moderna",https://bakuna.cw/,147350,83341,64009,
Curacao,2021-05-27,"Pfizer/BioNTech, Moderna",https://bakuna.cw/,148687,83676,65011,
Curacao,2021-05-28,"Pfizer/BioNTech, Moderna",https://bakuna.cw/,150319,84009,66310,
Curacao,2021-05-29,"Pfizer/BioNTech, Moderna",https://bakuna.cw/,151302,84267,67035,
Curacao,2021-05-30,"Pfizer/BioNTech, Moderna",https://bakuna.cw/,152260,84505,67755,
Curacao,2021-05-31,"Pfizer/BioNTech, Moderna",https://bakuna.cw/,153779,84974,68805,
Curacao,2021-06-01,"Pfizer/BioNTech, Moderna",https://bakuna.cw/,154426,85175,69251,
Curacao,2021-06-02,"Pfizer/BioNTech, Moderna",https://bakuna.cw/,155208,85314,69894,
Curacao,2021-06-03,"Pfizer/BioNTech, Moderna",https://bakuna.cw/,156188,85568,70620,
Curacao,2021-06-04,"Pfizer/BioNTech, Moderna",https://bakuna.cw/,156456,85649,70807,
Curacao,2021-06-05,"Pfizer/BioNTech, Moderna",https://bakuna.cw/,157135,85818,71317,
Curacao,2021-06-06,"Pfizer/BioNTech, Moderna",https://bakuna.cw/,157556,85921,71635,
Curacao,2021-06-07,"Pfizer/BioNTech, Moderna",https://bakuna.cw/,158274,86160,72114,
Curacao,2021-06-08,"Pfizer/BioNTech, Moderna",https://bakuna.cw/,158977,86398,72579,
Curacao,2021-06-09,"Pfizer/BioNTech, Moderna",https://bakuna.cw/,159552,86576,72976,
Curacao,2021-06-10,"Pfizer/BioNTech, Moderna",https://bakuna.cw/,160026,86786,73240,
Curacao,2021-06-11,"Pfizer/BioNTech, Moderna",https://bakuna.cw/,160585,86988,73597,
Curacao,2021-06-12,"Pfizer/BioNTech, Moderna",https://bakuna.cw/,161143,87142,74001,
Curacao,2021-06-13,"Pfizer/BioNTech, Moderna",https://bakuna.cw/,161498,87255,74243,
Curacao,2021-06-14,"Pfizer/BioNTech, Moderna",https://bakuna.cw/,162024,87402,74622,
Curacao,2021-06-15,"Pfizer/BioNTech, Moderna",https://bakuna.cw/,162453,87525,74928,
Curacao,2021-06-16,"Pfizer/BioNTech, Moderna",https://bakuna.cw/,162833,87672,75161,
Curacao,2021-06-17,"Pfizer/BioNTech, Moderna",https://bakuna.cw/,163189,87789,75400,
Curacao,2021-06-18,"Pfizer/BioNTech, Moderna",https://bakuna.cw/,163693,87910,75783,
Curacao,2021-06-19,"Pfizer/BioNTech, Moderna",https://bakuna.cw/,164039,87994,76045,
Curacao,2021-06-20,"Pfizer/BioNTech, Moderna",https://bakuna.cw/,164397,88065,76332,
Curacao,2021-06-21,"Pfizer/BioNTech, Moderna",https://bakuna.cw/,164581,88115,76466,
Curacao,2021-06-22,"Pfizer/BioNTech, Moderna",https://bakuna.cw/,164881,88174,76707,
Curacao,2021-06-23,"Pfizer/BioNTech, Moderna",https://bakuna.cw/,165266,88277,76989,
Curacao,2021-06-24,"Pfizer/BioNTech, Moderna",https://bakuna.cw/,165545,88355,77190,
Curacao,2021-06-25,"Pfizer/BioNTech, Moderna",https://bakuna.cw/,165936,88439,77497,
Curacao,2021-06-26,"Pfizer/BioNTech, Moderna",https://bakuna.cw/,166168,88486,77682,
Curacao,2021-06-27,"Pfizer/BioNTech, Moderna",https://bakuna.cw/,166466,88553,77913,
Curacao,2021-06-28,"Pfizer/BioNTech, Moderna",https://bakuna.cw/,166942,88632,78310,
Curacao,2021-06-29,"Pfizer/BioNTech, Moderna",https://bakuna.cw/,167151,88696,78455,
Curacao,2021-06-30,"Pfizer/BioNTech, Moderna",https://bakuna.cw/,167493,88793,78700,
Curacao,2021-07-01,"Pfizer/BioNTech, Moderna",https://bakuna.cw/,167589,88835,78754,
Curacao,2021-07-02,"Pfizer/BioNTech, Moderna",https://bakuna.cw/,167673,88840,78833,
Curacao,2021-07-03,"Pfizer/BioNTech, Moderna",https://bakuna.cw/,167952,89019,78933,
Curacao,2021-07-04,"Pfizer/BioNTech, Moderna",https://bakuna.cw/,168003,89025,78978,
Curacao,2021-07-06,"Pfizer/BioNTech, Moderna",https://bakuna.cw/,168493,89102,79391,
Curacao,2021-07-07,"Pfizer/BioNTech, Moderna",https://bakuna.cw/,168879,89474,79405,
Curacao,2021-07-09,"Pfizer/BioNTech, Moderna",https://bakuna.cw/,169429,89550,79879,
Curacao,2021-07-10,"Pfizer/BioNTech, Moderna",https://bakuna.cw/,169974,90085,79889,
Curacao,2021-07-13,"Pfizer/BioNTech, Moderna",https://bakuna.cw/,170473,90157,80316,
Curacao,2021-07-14,"Pfizer/BioNTech, Moderna",https://bakuna.cw/,170857,90525,80332,
Curacao,2021-07-15,"Pfizer/BioNTech, Moderna",https://bakuna.cw/,171241,90604,80637,
Curacao,2021-07-16,"Pfizer/BioNTech, Moderna",https://bakuna.cw/,171286,90607,80679,
Curacao,2021-07-17,"Pfizer/BioNTech, Moderna",https://bakuna.cw/,171810,91122,80688,
Curacao,2021-07-18,"Pfizer/BioNTech, Moderna",https://bakuna.cw/,171832,91132,80700,
Curacao,2021-07-19,"Pfizer/BioNTech, Moderna",https://bakuna.cw/,172239,91223,81016,
Curacao,2021-07-20,"Pfizer/BioNTech, Moderna",https://bakuna.cw/,172271,91230,81041,
Curacao,2021-07-21,"Pfizer/BioNTech, Moderna",https://bakuna.cw/,172696,91640,81056,
Curacao,2021-07-22,"Pfizer/BioNTech, Moderna",https://bakuna.cw/,172926,91701,81225,
Curacao,2021-07-23,"Pfizer/BioNTech, Moderna",https://bakuna.cw/,173010,91718,81292,
Curacao,2021-07-24,"Pfizer/BioNTech, Moderna",https://bakuna.cw/,173470,92072,81398,
Curacao,2021-07-27,"Pfizer/BioNTech, Moderna",https://bakuna.cw/,173812,92141,81671,
Curacao,2021-07-28,"Pfizer/BioNTech, Moderna",https://bakuna.cw/,174286,92386,81900,
Curacao,2021-07-30,"Pfizer/BioNTech, Moderna",https://bakuna.cw/,174524,92447,82077,
Curacao,2021-07-31,"Pfizer/BioNTech, Moderna",https://bakuna.cw/,175129,92683,82446,
Curacao,2021-08-03,"Pfizer/BioNTech, Moderna",https://bakuna.cw/,175562,92805,82757,
Curacao,2021-08-04,"Pfizer/BioNTech, Moderna",https://bakuna.cw/,175813,92896,82917,
Curacao,2021-08-06,"Pfizer/BioNTech, Moderna",https://bakuna.cw/,175931,92902,83029,
Curacao,2021-08-07,"Pfizer/BioNTech, Moderna",https://bakuna.cw/,176768,93312,83456,
Curacao,2021-08-09,"Pfizer/BioNTech, Moderna",https://bakuna.cw/,177123,93603,83520,
Curacao,2021-08-10,"Pfizer/BioNTech, Moderna",https://bakuna.cw/,177321,93604,83717,
Curacao,2021-08-11,"Pfizer/BioNTech, Moderna",https://bakuna.cw/,178110,94027,84083,
Curacao,2021-08-13,"Pfizer/BioNTech, Moderna",https://bakuna.cw/,178318,94028,84290,
Curacao,2021-08-14,"Pfizer/BioNTech, Moderna",https://bakuna.cw/,179137,94439,84698,
Curacao,2021-08-17,"Pfizer/BioNTech, Moderna",https://bakuna.cw/,179277,94444,84833,
Curacao,2021-08-18,"Pfizer/BioNTech, Moderna",https://bakuna.cw/,179876,94829,85047,
Curacao,2021-08-20,"Pfizer/BioNTech, Moderna",https://bakuna.cw/,179997,94829,85168,
Curacao,2021-08-21,"Pfizer/BioNTech, Moderna",https://bakuna.cw/,180643,95205,85438,
Curacao,2021-08-24,"Pfizer/BioNTech, Moderna",https://bakuna.cw/,180730,95205,85525,
Curacao,2021-08-25,"Pfizer/BioNTech, Moderna",https://bakuna.cw/,181226,95525,85701,
Curacao,2021-08-27,"Pfizer/BioNTech, Moderna",https://bakuna.cw/,181325,95525,85800,
Curacao,2021-08-28,"Pfizer/BioNTech, Moderna",https://bakuna.cw/,181967,95893,86074,
Curacao,2021-08-29,"Pfizer/BioNTech, Moderna",https://bakuna.cw/,182119,95922,86197,
Curacao,2021-08-30,"Pfizer/BioNTech, Moderna",https://bakuna.cw/,182257,95944,86313,
Curacao,2021-08-31,"Pfizer/BioNTech, Moderna",https://bakuna.cw/,182637,96118,86519,
Curacao,2021-09-01,"Pfizer/BioNTech, Moderna",https://bakuna.cw/,182930,96253,86677,
Curacao,2021-09-02,"Pfizer/BioNTech, Moderna",https://bakuna.cw/,182949,96254,86695,
Curacao,2021-09-03,"Pfizer/BioNTech, Moderna",https://bakuna.cw/,182980,96255,86725,
Curacao,2021-09-04,"Pfizer/BioNTech, Moderna",https://bakuna.cw/,183570,96529,87041,
Curacao,2021-09-06,"Pfizer/BioNTech, Moderna",https://bakuna.cw/,183592,96529,87063,
Curacao,2021-09-07,"Pfizer/BioNTech, Moderna",https://bakuna.cw/,183595,96529,87066,
Curacao,2021-09-08,"Pfizer/BioNTech, Moderna",https://bakuna.cw/,184056,96737,87319,
Curacao,2021-09-10,"Pfizer/BioNTech, Moderna",https://bakuna.cw/,184087,96737,87350,
Curacao,2021-09-11,"Pfizer/BioNTech, Moderna",https://bakuna.cw/,184617,96932,87685,
Curacao,2021-09-14,"Pfizer/BioNTech, Moderna",https://bakuna.cw/,184659,96934,87725,
Curacao,2021-09-15,"Pfizer/BioNTech, Moderna",https://bakuna.cw/,185129,97148,87981,
Curacao,2021-09-16,"Pfizer/BioNTech, Moderna",https://bakuna.cw/,185169,97150,88019,
Curacao,2021-09-18,"Pfizer/BioNTech, Moderna",https://bakuna.cw/,185694,97343,88351,
Curacao,2021-09-19,"Pfizer/BioNTech, Moderna",https://bakuna.cw/,185713,97358,88355,
Curacao,2021-09-21,"Pfizer/BioNTech, Moderna",https://bakuna.cw/,186146,97503,88643,
Curacao,2021-09-22,"Pfizer/BioNTech, Moderna",https://bakuna.cw/,186219,97531,88688,
Curacao,2021-09-23,"Pfizer/BioNTech, Moderna",https://bakuna.cw/,186226,97531,88695,
Curacao,2021-09-24,"Pfizer/BioNTech, Moderna",https://bakuna.cw/,186258,97535,88723,
Curacao,2021-09-25,"Pfizer/BioNTech, Moderna",https://bakuna.cw/,186793,97724,89069,
Curacao,2021-09-28,"Pfizer/BioNTech, Moderna",https://bakuna.cw/,186826,97725,89101,
Curacao,2021-09-29,"Pfizer/BioNTech, Moderna",https://bakuna.cw/,187252,97897,89355,
Curacao,2021-10-01,"Pfizer/BioNTech, Moderna",https://bakuna.cw/,187283,97897,89386,
Curacao,2021-10-02,"Pfizer/BioNTech, Moderna",https://bakuna.cw/,187772,98134,89638,
Curacao,2021-10-05,"Pfizer/BioNTech, Moderna",https://bakuna.cw/,187794,98134,89660,
Curacao,2021-10-06,"Pfizer/BioNTech, Moderna",https://bakuna.cw/,188248,98374,89874,
Curacao,2021-10-08,"Pfizer/BioNTech, Moderna",https://bakuna.cw/,188290,98374,89916,
Curacao,2021-10-09,"Pfizer/BioNTech, Moderna",https://bakuna.cw/,188818,98611,90207,
Curacao,2021-10-10,"Pfizer/BioNTech, Moderna",https://bakuna.cw/,188871,98611,90260,
Curacao,2021-10-13,"Pfizer/BioNTech, Moderna",https://bakuna.cw/,189304,98872,90432,
Curacao,2021-10-15,"Pfizer/BioNTech, Moderna",https://bakuna.cw/,189909,99245,90664,
Curacao,2021-10-17,"Pfizer/BioNTech, Moderna",https://bakuna.cw/,190496,99253,91243,
Curacao,2021-10-18,"Pfizer/BioNTech, Moderna",https://bakuna.cw/,190506,99260,91246,
Curacao,2021-10-19,"Pfizer/BioNTech, Moderna",https://bakuna.cw/,190849,99472,91377,
Curacao,2021-10-20,"Pfizer/BioNTech, Moderna",https://bakuna.cw/,191125,99628,91497,
Curacao,2021-10-21,"Pfizer/BioNTech, Moderna",https://bakuna.cw/,191130,99628,91502,
Curacao,2021-10-22,"Pfizer/BioNTech, Moderna",https://bakuna.cw/,191325,99629,91696,
Curacao,2021-10-23,"Pfizer/BioNTech, Moderna",https://bakuna.cw/,192022,100129,91893,
Curacao,2021-10-25,"Pfizer/BioNTech, Moderna",https://bakuna.cw/,192023,100129,91894,
Curacao,2021-10-26,"Pfizer/BioNTech, Moderna",https://bakuna.cw/,192026,100129,91897,
Curacao,2021-10-27,"Pfizer/BioNTech, Moderna",https://bakuna.cw/,192596,100515,92081,
Curacao,2021-10-28,"Pfizer/BioNTech, Moderna",https://bakuna.cw/,192605,100516,92089,
Curacao,2021-10-29,"Pfizer/BioNTech, Moderna",https://bakuna.cw/,192606,100516,92090,
Curacao,2021-10-30,"Pfizer/BioNTech, Moderna",https://bakuna.cw/,193184,100835,92349,
Curacao,2021-11-03,"Pfizer/BioNTech, Moderna",https://bakuna.cw/,193784,101167,92617,
Curacao,2021-11-06,"Pfizer/BioNTech, Moderna",https://bakuna.cw/,194444,101451,92993,
Curacao,2021-11-10,"Pfizer/BioNTech, Moderna",https://bakuna.cw/,195012,101679,93333,
Curacao,2021-11-11,"Pfizer/BioNTech, Moderna",https://bakuna.cw/,195044,101710,93334,
Curacao,2021-11-13,"Pfizer/BioNTech, Moderna",https://bakuna.cw/,195709,101959,93750,
Curacao,2021-11-17,"Pfizer/BioNTech, Moderna",https://bakuna.cw/,196285,102165,94120,
Curacao,2021-11-20,"Pfizer/BioNTech, Moderna",https://bakuna.cw/,196835,102378,94457,
Curacao,2021-11-23,"Pfizer/BioNTech, Moderna",https://bakuna.cw/,196985,102421,94564,
Curacao,2021-11-24,"Pfizer/BioNTech, Moderna",https://bakuna.cw/,197359,102588,94771,
Curacao,2021-11-25,"Pfizer/BioNTech, Moderna",https://bakuna.cw/,197366,102590,94776,
Curacao,2021-11-26,"Pfizer/BioNTech, Moderna",https://bakuna.cw/,197381,102591,94790,
Curacao,2021-11-27,"Pfizer/BioNTech, Moderna",https://bakuna.cw/,197869,102802,95067,
Curacao,2021-11-30,"Pfizer/BioNTech, Moderna",https://bakuna.cw/,197871,102802,95069,
Curacao,2021-12-01,"Pfizer/BioNTech, Moderna",https://bakuna.cw/,198191,102957,95234,
Curacao,2021-12-02,"Pfizer/BioNTech, Moderna",https://bakuna.cw/,198229,102964,95265,
Curacao,2021-12-04,"Pfizer/BioNTech, Moderna",https://bakuna.cw/,198653,103136,95517,
Curacao,2021-12-06,"Pfizer/BioNTech, Moderna",https://bakuna.cw/,198655,103136,95519,
Curacao,2021-12-08,"Pfizer/BioNTech, Moderna",https://bakuna.cw/,199028,103299,95729,
Curacao,2021-12-09,"Pfizer/BioNTech, Moderna",https://bakuna.cw/,199029,103299,95730,
Curacao,2021-12-10,"Pfizer/BioNTech, Moderna",https://bakuna.cw/,199030,103299,95731,
Curacao,2021-12-11,"Pfizer/BioNTech, Moderna",https://bakuna.cw/,199382,103448,95934,
Curacao,2021-12-13,"Pfizer/BioNTech, Moderna",https://bakuna.cw/,199681,103450,95944,
Curacao,2021-12-14,"Pfizer/BioNTech, Moderna",https://bakuna.cw/,200144,103472,95992,
Curacao,2021-12-15,"Pfizer/BioNTech, Moderna",https://bakuna.cw/,200988,103588,96157,
Curacao,2021-12-16,"Pfizer/BioNTech, Moderna",https://bakuna.cw/,201750,103597,96165,
Curacao,2021-12-17,"Pfizer/BioNTech, Moderna",https://bakuna.cw/,202551,103613,96171,
Curacao,2021-12-18,"Pfizer/BioNTech, Moderna",https://bakuna.cw/,203111,103752,96373,
Curacao,2021-12-20,"Pfizer/BioNTech, Moderna",https://bakuna.cw/,204086,103763,96382,
Curacao,2021-12-21,"Pfizer/BioNTech, Moderna",https://bakuna.cw/,204208,103765,96382,
Curacao,2021-12-22,"Pfizer/BioNTech, Moderna",https://bakuna.cw/,204815,103908,,
Curacao,2021-12-23,"Pfizer/BioNTech, Moderna",https://bakuna.cw/,205416,103957,96489,
Curacao,2021-12-24,"Pfizer/BioNTech, Moderna",https://bakuna.cw/,206160,103987,96493,
Curacao,2021-12-26,"Pfizer/BioNTech, Moderna",https://bakuna.cw/,208659,104030,96528,
Curacao,2021-12-27,"Pfizer/BioNTech, Moderna",https://bakuna.cw/,210920,104086,96538,
Curacao,2021-12-28,"Pfizer/BioNTech, Moderna",https://bakuna.cw/,215366,104296,96584,
Curacao,2021-12-30,"Pfizer/BioNTech, Moderna",https://bakuna.cw/,216571,104365,96605,15601
Curacao,2021-12-31,"Pfizer/BioNTech, Moderna",https://bakuna.cw/,217092,104386,96611,16095
Curacao,2022-01-02,"Pfizer/BioNTech, Moderna",https://bakuna.cw/,218718,104438,96622,17658
Curacao,2022-01-03,"Pfizer/BioNTech, Moderna",https://bakuna.cw/,220126,104513,96638,18975
Curacao,2022-01-04,"Pfizer/BioNTech, Moderna",https://bakuna.cw/,221819,104599,96656,20564
Curacao,2022-01-05,"Pfizer/BioNTech, Moderna",https://bakuna.cw/,223448,104691,96761,21996
Curacao,2022-01-06,"Pfizer/BioNTech, Moderna",https://bakuna.cw/,225331,104795,96785,23751
Curacao,2022-01-07,"Pfizer/BioNTech, Moderna",https://bakuna.cw/,227037,104881,96819,25337
Curacao,2022-01-08,"Pfizer/BioNTech, Moderna",https://bakuna.cw/,230092,105172,96922,27998
Curacao,2022-01-09,"Pfizer/BioNTech, Moderna",https://bakuna.cw/,230114,105173,96923,28018
Curacao,2022-01-10,"Pfizer/BioNTech, Moderna",https://bakuna.cw/,231743,105297,96948,29498
Curacao,2022-01-11,"Pfizer/BioNTech, Moderna",https://bakuna.cw/,232197,105331,96957,29909
Curacao,2022-01-12,"Pfizer/BioNTech, Moderna",https://bakuna.cw/,233444,105421,97119,30904
Curacao,2022-01-13,"Pfizer/BioNTech, Moderna",https://bakuna.cw/,233803,105447,97136,31220
Curacao,2022-01-14,"Pfizer/BioNTech, Moderna",https://bakuna.cw/,234484,105492,97160,31832
Curacao,2022-01-15,"Pfizer/BioNTech, Moderna",https://bakuna.cw/,235230,105544,97203,32483
Curacao,2022-01-16,"Pfizer/BioNTech, Moderna",https://bakuna.cw/,235587,105555,97240,32792
Curacao,2022-01-17,"Pfizer/BioNTech, Moderna",https://bakuna.cw/,236032,105585,97275,33172
Curacao,2022-01-18,"Pfizer/BioNTech, Moderna",https://bakuna.cw/,236610,105617,97301,33692
Curacao,2022-01-19,"Pfizer/BioNTech, Moderna",https://bakuna.cw/,237000,105665,97344,33991
Curacao,2022-01-20,"Pfizer/BioNTech, Moderna",https://bakuna.cw/,237403,105703,97364,34336
Curacao,2022-01-21,"Pfizer/BioNTech, Moderna",https://bakuna.cw/,238049,105758,97398,34893
Curacao,2022-01-22,"Pfizer/BioNTech, Moderna",https://bakuna.cw/,238176,105763,97406,35007
Curacao,2022-01-23,"Pfizer/BioNTech, Moderna",https://bakuna.cw/,238561,105821,97432,35308
Curacao,2022-01-25,"Pfizer/BioNTech, Moderna",https://bakuna.cw/,239019,105888,97494,35637
Curacao,2022-01-27,"Pfizer/BioNTech, Moderna",https://bakuna.cw/,239270,105925,97507,35838
Curacao,2022-01-28,"Pfizer/BioNTech, Moderna",https://bakuna.cw/,239609,105958,97529,36122
Curacao,2022-01-29,"Pfizer/BioNTech, Moderna",https://bakuna.cw/,239962,105993,97575,36394
Curacao,2022-01-30,"Pfizer/BioNTech, Moderna",https://bakuna.cw/,240111,105999,97591,36521
Curacao,2022-01-31,"Pfizer/BioNTech, Moderna",https://bakuna.cw/,240373,106029,97614,36730
Curacao,2022-02-01,"Pfizer/BioNTech, Moderna",https://bakuna.cw/,240608,106053,97626,36929
Curacao,2022-02-02,"Pfizer/BioNTech, Moderna",https://bakuna.cw/,240867,106070,97668,37129
Curacao,2022-02-03,"Pfizer/BioNTech, Moderna",https://bakuna.cw/,241070,106090,97684,37296
Curacao,2022-02-04,"Pfizer/BioNTech, Moderna",https://bakuna.cw/,241311,106126,97705,37480
Curacao,2022-02-05,"Pfizer/BioNTech, Moderna",https://bakuna.cw/,241648,106160,97762,37726
Curacao,2022-02-06,"Pfizer/BioNTech, Moderna",https://bakuna.cw/,241686,106163,97771,37752
Curacao,2022-02-07,"Pfizer/BioNTech, Moderna",https://bakuna.cw/,241874,106191,97784,37899
Curacao,2022-02-08,"Pfizer/BioNTech, Moderna",https://bakuna.cw/,242051,106214,97798,38039
Curacao,2022-02-09,"Pfizer/BioNTech, Moderna",https://bakuna.cw/,242208,106239,97826,38143
Curacao,2022-02-10,"Pfizer/BioNTech, Moderna",https://bakuna.cw/,242309,106256,97834,38219
Curacao,2022-02-11,"Pfizer/BioNTech, Moderna",https://bakuna.cw/,242514,106277,97867,38370
Curacao,2022-02-12,"Pfizer/BioNTech, Moderna",https://bakuna.cw/,242714,106324,97903,38487
Curacao,2022-02-13,"Pfizer/BioNTech, Moderna",https://bakuna.cw/,242801,106342,97912,38547
Curacao,2022-02-14,"Pfizer/BioNTech, Moderna",https://bakuna.cw/,242899,106351,97927,38621
Curacao,2022-02-15,"Pfizer/BioNTech, Moderna",https://bakuna.cw/,243025,106362,97945,38718
Curacao,2022-02-16,"Pfizer/BioNTech, Moderna",https://bakuna.cw/,243124,106379,97976,38769
Curacao,2022-02-17,"Pfizer/BioNTech, Moderna",https://bakuna.cw/,243246,106394,97994,38858
Curacao,2022-02-18,"Pfizer/BioNTech, Moderna",https://bakuna.cw/,243367,106409,98030,38928
Curacao,2022-02-19,"Pfizer/BioNTech, Moderna",https://bakuna.cw/,243700,106623,98063,39014
Curacao,2022-02-20,"Pfizer/BioNTech, Moderna",https://bakuna.cw/,243777,106633,98075,39069
Curacao,2022-02-21,"Pfizer/BioNTech, Moderna",https://bakuna.cw/,243861,106647,98085,39129
Curacao,2022-02-22,"Pfizer/BioNTech, Moderna",https://bakuna.cw/,243931,106654,98094,39183
Curacao,2022-02-23,"Pfizer/BioNTech, Moderna",https://bakuna.cw/,243995,106663,98106,39226
Curacao,2022-02-24,"Pfizer/BioNTech, Moderna",https://bakuna.cw/,244085,106676,98124,39285
Curacao,2022-02-25,"Pfizer/BioNTech, Moderna",https://bakuna.cw/,244150,106687,98141,39322
Curacao,2022-02-26,"Pfizer/BioNTech, Moderna",https://bakuna.cw/,244507,106967,98164,39376
Curacao,2022-02-27,"Pfizer/BioNTech, Moderna",https://bakuna.cw/,244542,106970,98172,39400
Curacao,2022-03-03,"Pfizer/BioNTech, Moderna",https://bakuna.cw/,244748,107016,98219,39513
Curacao,2022-03-04,"Pfizer/BioNTech, Moderna",https://bakuna.cw/,244862,107045,98232,39585
Curacao,2022-03-05,"Pfizer/BioNTech, Moderna",https://bakuna.cw/,244951,107054,98254,39643
Curacao,2022-03-06,"Pfizer/BioNTech, Moderna",https://bakuna.cw/,245039,107061,98268,39710
Curacao,2022-03-08,"Pfizer/BioNTech, Moderna",https://bakuna.cw/,245135,107079,98278,39778
Curacao,2022-03-09,"Pfizer/BioNTech, Moderna",https://bakuna.cw/,245220,107096,98287,39837
Curacao,2022-03-10,"Pfizer/BioNTech, Moderna",https://bakuna.cw/,245348,107129,98304,39915
Curacao,2022-03-12,"Pfizer/BioNTech, Moderna",https://bakuna.cw/,245632,107280,98328,40024
Curacao,2022-03-15,"Pfizer/BioNTech, Moderna",https://bakuna.cw/,245745,107304,98341,40100
Curacao,2022-03-16,"Pfizer/BioNTech, Moderna",https://bakuna.cw/,245810,107318,98353,40139
Curacao,2022-03-17,"Pfizer/BioNTech, Moderna",https://bakuna.cw/,245903,107332,98367,40204
Curacao,2022-03-18,"Pfizer/BioNTech, Moderna",https://bakuna.cw/,245969,107346,98376,40247
Curacao,2022-03-19,"Pfizer/BioNTech, Moderna",https://bakuna.cw/,246064,107366,98407,40291
Curacao,2022-03-21,"Pfizer/BioNTech, Moderna",https://bakuna.cw/,246089,107371,98413,40305
Curacao,2022-03-22,"Pfizer/BioNTech, Moderna",https://bakuna.cw/,246153,107381,98427,40345
Curacao,2022-03-23,"Pfizer/BioNTech, Moderna",https://bakuna.cw/,246232,107400,98441,40391
Curacao,2022-03-24,"Pfizer/BioNTech, Moderna",https://bakuna.cw/,246290,107413,98448,40429
Curacao,2022-03-25,"Pfizer/BioNTech, Moderna",https://bakuna.cw/,246328,107420,98459,40449
Curacao,2022-03-26,"Pfizer/BioNTech, Moderna",https://bakuna.cw/,246473,107512,98479,40482
Curacao,2022-03-27,"Pfizer/BioNTech, Moderna",https://bakuna.cw/,246490,107526,98480,40484
Curacao,2022-03-28,"Pfizer/BioNTech, Moderna",https://bakuna.cw/,246508,107529,98482,40497
Curacao,2022-03-29,"Pfizer/BioNTech, Moderna",https://bakuna.cw/,246566,107539,98489,40538
Curacao,2022-03-30,"Pfizer/BioNTech, Moderna",https://bakuna.cw/,246624,107549,98500,40575
Curacao,2022-03-31,"Pfizer/BioNTech, Moderna",https://bakuna.cw/,246688,107563,98506,40619
Curacao,2022-04-03,"Pfizer/BioNTech, Moderna",https://bakuna.cw/,246867,107596,98534,40737
Curacao,2022-04-05,"Pfizer/BioNTech, Moderna",https://bakuna.cw/,246961,107606,98544,40811
Curacao,2022-04-06,"Pfizer/BioNTech, Moderna",https://bakuna.cw/,246998,107610,98549,40839
Curacao,2022-04-07,"Pfizer/BioNTech, Moderna",https://bakuna.cw/,247059,107621,98556,40882
Curacao,2022-04-08,"Pfizer/BioNTech, Moderna",https://bakuna.cw/,247140,107633,98568,40939
Curacao,2022-04-09,"Pfizer/BioNTech, Moderna",https://bakuna.cw/,247247,107645,98590,41012
Curacao,2022-04-10,"Pfizer/BioNTech, Moderna",https://bakuna.cw/,247329,107690,98600,41039
Curacao,2022-04-12,"Pfizer/BioNTech, Moderna",https://bakuna.cw/,247697,107705,98617,41375
Curacao,2022-04-13,"Pfizer/BioNTech, Moderna",https://bakuna.cw/,248214,107723,98639,41852
Curacao,2022-04-14,"Pfizer/BioNTech, Moderna",https://bakuna.cw/,248376,107735,98647,41994
Curacao,2022-04-17,"Pfizer/BioNTech, Moderna",https://bakuna.cw/,248666,107751,98666,42249
Curacao,2022-04-19,"Pfizer/BioNTech, Moderna",https://bakuna.cw/,248991,107764,98676,42551
Curacao,2022-04-20,"Pfizer/BioNTech, Moderna",https://bakuna.cw/,249238,107772,98691,42775
Curacao,2022-04-21,"Pfizer/BioNTech, Moderna",https://bakuna.cw/,249437,107780,98704,42953
Curacao,2022-04-22,"Pfizer/BioNTech, Moderna",https://bakuna.cw/,249753,107809,98722,43222
Curacao,2022-04-24,"Pfizer/BioNTech, Moderna",https://bakuna.cw/,250062,107852,98957,43253
Curacao,2022-04-26,"Pfizer/BioNTech, Moderna",https://bakuna.cw/,250269,107864,98965,43440
Curacao,2022-04-28,"Pfizer/BioNTech, Moderna",https://bakuna.cw/,250461,107867,98976,43618
Curacao,2022-04-29,"Pfizer/BioNTech, Moderna",https://bakuna.cw/,250608,107882,98985,43741
Curacao,2022-04-30,"Pfizer/BioNTech, Moderna",https://bakuna.cw/,250781,107902,99004,43875
Curacao,2022-05-03,"Pfizer/BioNTech, Moderna",https://bakuna.cw/,250973,107920,99021,44032
Curacao,2022-05-04,"Pfizer/BioNTech, Moderna",https://bakuna.cw/,251065,107929,99032,44104
Curacao,2022-05-05,"Pfizer/BioNTech, Moderna",https://bakuna.cw/,251186,107943,99037,44206
Curacao,2022-05-06,"Pfizer/BioNTech, Moderna",https://bakuna.cw/,251263,107950,99043,44270
Curacao,2022-05-07,"Pfizer/BioNTech, Moderna",https://bakuna.cw/,251356,107959,99060,44337
Curacao,2022-05-10,"Pfizer/BioNTech, Moderna",https://bakuna.cw/,251635,107969,99070,44596
Curacao,2022-05-11,"Pfizer/BioNTech, Moderna",https://bakuna.cw/,251730,107976,99076,44678
Curacao,2022-05-12,"Pfizer/BioNTech, Moderna",https://bakuna.cw/,251800,107982,99085,44733
Curacao,2022-05-13,"Pfizer/BioNTech, Moderna",https://bakuna.cw/,251867,107989,99092,44786
Curacao,2022-05-14,"Pfizer/BioNTech, Moderna",https://bakuna.cw/,251934,107997,99104,44833
Curacao,2022-05-15,"Pfizer/BioNTech, Moderna",https://bakuna.cw/,252103,108038,99211,44854
Curacao,2022-05-16,"Pfizer/BioNTech, Moderna",https://bakuna.cw/,252104,108038,99211,44855
Curacao,2022-05-17,"Pfizer/BioNTech, Moderna",https://bakuna.cw/,252245,108049,99220,44976
Curacao,2022-05-18,"Pfizer/BioNTech, Moderna",https://bakuna.cw/,252326,108052,99229,45045
Curacao,2022-05-19,"Pfizer/BioNTech, Moderna",https://bakuna.cw/,252440,108068,99232,45140
Curacao,2022-05-20,"Pfizer/BioNTech, Moderna",https://bakuna.cw/,252518,108074,99238,45206
Curacao,2022-05-21,"Pfizer/BioNTech, Moderna",https://bakuna.cw/,252604,108084,99244,45276
Curacao,2022-05-24,"Pfizer/BioNTech, Moderna",https://bakuna.cw/,252703,108096,99251,45356
Curacao,2022-05-25,"Pfizer/BioNTech, Moderna",https://bakuna.cw/,252793,108107,99258,45428
Curacao,2022-05-27,"Pfizer/BioNTech, Moderna",https://bakuna.cw/,252892,108116,99268,45508
Curacao,2022-05-28,"Pfizer/BioNTech, Moderna",https://bakuna.cw/,252957,108128,99273,45556
Curacao,2022-05-29,"Pfizer/BioNTech, Moderna",https://bakuna.cw/,253075,108139,99380,45556
Curacao,2022-05-30,"Pfizer/BioNTech, Moderna",https://bakuna.cw/,253080,108140,99384,45556
Curacao,2022-05-31,"Pfizer/BioNTech, Moderna",https://bakuna.cw/,253138,108153,99391,45594
Curacao,2022-06-01,"Pfizer/BioNTech, Moderna",https://bakuna.cw/,253142,108153,99391,45598
Curacao,2022-06-02,"Pfizer/BioNTech, Moderna",https://bakuna.cw/,253238,108161,99401,45676
Curacao,2022-06-03,"Pfizer/BioNTech, Moderna",https://bakuna.cw/,253304,108170,99410,45724
Curacao,2022-06-04,"Pfizer/BioNTech, Moderna",https://bakuna.cw/,253308,108172,99410,45726
Curacao,2022-06-06,"Pfizer/BioNTech, Moderna",https://bakuna.cw/,253350,108176,99418,45756
Curacao,2022-06-07,"Pfizer/BioNTech, Moderna",https://bakuna.cw/,253428,108184,99425,45819
Curacao,2022-06-08,"Pfizer/BioNTech, Moderna",https://bakuna.cw/,253459,108185,99426,45848
Curacao,2022-06-09,"Pfizer/BioNTech, Moderna",https://bakuna.cw/,253523,108196,99435,45892
Curacao,2022-06-10,"Pfizer/BioNTech, Moderna",https://bakuna.cw/,253564,108200,99442,45922
Curacao,2022-06-13,"Pfizer/BioNTech, Moderna",https://bakuna.cw/,253621,108208,99456,45957
Curacao,2022-06-14,"Pfizer/BioNTech, Moderna",https://bakuna.cw/,253666,108214,99463,45989
Curacao,2022-06-15,"Pfizer/BioNTech, Moderna",https://bakuna.cw/,253698,108223,99485,45990
Curacao,2022-06-16,"Pfizer/BioNTech, Moderna",https://bakuna.cw/,253757,108227,99490,46040
Curacao,2022-06-17,"Pfizer/BioNTech, Moderna",https://bakuna.cw/,253800,108232,99495,46073
Curacao,2022-06-20,"Pfizer/BioNTech, Moderna",https://bakuna.cw/,253828,108236,99497,46095
Curacao,2022-06-21,"Pfizer/BioNTech, Moderna",https://bakuna.cw/,253877,108241,99510,46126
Curacao,2022-06-22,"Pfizer/BioNTech, Moderna",https://bakuna.cw/,253948,108248,99537,46163
Curacao,2022-06-23,"Pfizer/BioNTech, Moderna",https://bakuna.cw/,254003,108256,99546,46201
Curacao,2022-06-24,"Pfizer/BioNTech, Moderna",https://bakuna.cw/,254048,108261,99553,46234
Curacao,2022-06-27,"Pfizer/BioNTech, Moderna",https://bakuna.cw/,254096,108270,99564,46262
Curacao,2022-06-28,"Pfizer/BioNTech, Moderna",https://bakuna.cw/,254139,108278,99573,46288
Curacao,2022-06-29,"Pfizer/BioNTech, Moderna",https://bakuna.cw/,254158,108278,99577,46303
Curacao,2022-06-30,"Pfizer/BioNTech, Moderna",https://bakuna.cw/,254188,108280,99589,46319
Curacao,2022-07-01,"Pfizer/BioNTech, Moderna",https://bakuna.cw/,254202,108280,99593,46329
Curacao,2022-07-04,"Pfizer/BioNTech, Moderna",https://bakuna.cw/,254225,108283,99594,46348
Curacao,2022-07-05,"Pfizer/BioNTech, Moderna",https://bakuna.cw/,254258,108284,99603,46371
Curacao,2022-07-06,"Pfizer/BioNTech, Moderna",https://bakuna.cw/,254289,108294,99624,46371
Curacao,2022-07-07,"Pfizer/BioNTech, Moderna",https://bakuna.cw/,254334,108296,99633,46405
Curacao,2022-07-08,"Pfizer/BioNTech, Moderna",https://bakuna.cw/,254367,108299,99636,46432
Curacao,2022-07-11,"Pfizer/BioNTech, Moderna",https://bakuna.cw/,254403,108302,99645,46456
Curacao,2022-07-12,"Pfizer/BioNTech, Moderna",https://bakuna.cw/,254436,108305,99650,46481
Curacao,2022-07-13,"Pfizer/BioNTech, Moderna",https://bakuna.cw/,254437,108305,99650,46482
Curacao,2022-07-14,"Pfizer/BioNTech, Moderna",https://bakuna.cw/,254484,108310,99655,46519
Curacao,2022-07-15,"Pfizer/BioNTech, Moderna",https://bakuna.cw/,254522,108315,99664,46543
Curacao,2022-07-18,"Pfizer/BioNTech, Moderna",https://bakuna.cw/,254556,108319,99672,46565
Curacao,2022-07-19,"Pfizer/BioNTech, Moderna",https://bakuna.cw/,254603,108324,99680,46599
Curacao,2022-07-20,"Pfizer/BioNTech, Moderna",https://bakuna.cw/,254614,108325,99690,46599
Curacao,2022-07-21,"Pfizer/BioNTech, Moderna",https://bakuna.cw/,254648,108331,99694,46623
Curacao,2022-07-22,"Pfizer/BioNTech, Moderna",https://bakuna.cw/,254687,108334,99696,46657
Curacao,2022-07-25,"Pfizer/BioNTech, Moderna",https://bakuna.cw/,254720,108339,99698,46683
Curacao,2022-07-26,"Pfizer/BioNTech, Moderna",https://bakuna.cw/,254753,108346,99706,46701
Curacao,2022-07-27,"Pfizer/BioNTech, Moderna",https://bakuna.cw/,254765,108350,99714,46701
Curacao,2022-07-28,"Pfizer/BioNTech, Moderna",https://bakuna.cw/,254813,108356,99715,46742
Curacao,2022-07-29,"Pfizer/BioNTech, Moderna",https://bakuna.cw/,254848,108358,99716,46774
Curacao,2022-08-01,"Pfizer/BioNTech, Moderna",https://bakuna.cw/,254880,108362,99719,46799
Curacao,2022-08-02,"Pfizer/BioNTech, Moderna",https://bakuna.cw/,254903,108364,99723,46816
Curacao,2022-08-03,"Pfizer/BioNTech, Moderna",https://bakuna.cw/,254926,108364,99723,46839
Curacao,2022-08-04,"Pfizer/BioNTech, Moderna",https://bakuna.cw/,254963,108373,99724,46866
Curacao,2022-08-05,"Pfizer/BioNTech, Moderna",https://bakuna.cw/,255000,108375,99727,46898
Curacao,2022-08-08,"Pfizer/BioNTech, Moderna",https://bakuna.cw/,255021,108376,99734,46911
Curacao,2022-08-09,"Pfizer/BioNTech, Moderna",https://bakuna.cw/,255056,108380,99740,46936
Curacao,2022-08-10,"Pfizer/BioNTech, Moderna",https://bakuna.cw/,255068,108386,99746,46936
Curacao,2022-08-11,"Pfizer/BioNTech, Moderna",https://bakuna.cw/,255105,108394,99751,46960
Curacao,2022-08-12,"Pfizer/BioNTech, Moderna",https://bakuna.cw/,255122,108398,99752,46972
Curacao,2022-08-15,"Pfizer/BioNTech, Moderna",https://bakuna.cw/,255144,108404,99759,46981
Curacao,2022-08-16,"Pfizer/BioNTech, Moderna",https://bakuna.cw/,255166,108407,99762,46997
Curacao,2022-08-18,"Pfizer/BioNTech, Moderna",https://bakuna.cw/,255192,108412,99766,47014
Curacao,2022-08-19,"Pfizer/BioNTech, Moderna",https://bakuna.cw/,255208,108417,99769,47022
Curacao,2022-08-22,"Pfizer/BioNTech, Moderna",https://bakuna.cw/,255224,108425,99770,47029
Curacao,2022-08-23,"Pfizer/BioNTech, Moderna",https://bakuna.cw/,255236,108428,99771,47037
Curacao,2022-08-24,"Pfizer/BioNTech, Moderna",https://bakuna.cw/,255244,108430,99777,47037
Curacao,2022-08-25,"Pfizer/BioNTech, Moderna",https://bakuna.cw/,255272,108435,99781,47056
Curacao,2022-08-26,"Pfizer/BioNTech, Moderna",https://bakuna.cw/,255284,108437,99783,47064
Curacao,2022-08-29,"Pfizer/BioNTech, Moderna",https://bakuna.cw/,255297,108441,99785,47071
Curacao,2022-08-30,"Pfizer/BioNTech, Moderna",https://bakuna.cw/,255314,108446,99789,47079
Curacao,2022-08-31,"Pfizer/BioNTech, Moderna",https://bakuna.cw/,255480,108447,99792,47241
Curacao,2022-09-01,"Pfizer/BioNTech, Moderna",https://bakuna.cw/,255501,108453,99797,47251
Curacao,2022-09-02,"Pfizer/BioNTech, Moderna",https://bakuna.cw/,255514,108455,99799,47260
Curacao,2022-09-05,"Pfizer/BioNTech, Moderna",https://bakuna.cw/,255530,108459,99800,47271
Curacao,2022-09-06,"Pfizer/BioNTech, Moderna",https://bakuna.cw/,255535,108460,99802,47273
Curacao,2022-09-08,"Pfizer/BioNTech, Moderna",https://bakuna.cw/,255553,108461,99806,47286
Curacao,2022-09-09,"Pfizer/BioNTech, Moderna",https://bakuna.cw/,255575,108464,99812,47299
Curacao,2022-09-12,"Pfizer/BioNTech, Moderna",https://bakuna.cw/,255596,108470,99818,47308
Curacao,2022-09-13,"Pfizer/BioNTech, Moderna",https://bakuna.cw/,255613,108473,99827,47313
Curacao,2022-09-15,"Pfizer/BioNTech, Moderna",https://bakuna.cw/,255637,108478,99831,47328
Curacao,2022-09-16,"Pfizer/BioNTech, Moderna",https://bakuna.cw/,255654,108479,99834,47341
Curacao,2022-09-19,"Pfizer/BioNTech, Moderna",https://bakuna.cw/,255666,108483,99838,47345
Curacao,2022-09-20,"Pfizer/BioNTech, Moderna",https://bakuna.cw/,255681,108488,99842,47351
Curacao,2022-09-21,"Pfizer/BioNTech, Moderna",https://bakuna.cw/,255691,108491,99849,47351
Curacao,2022-09-22,"Pfizer/BioNTech, Moderna",https://bakuna.cw/,255704,108492,99852,47360
Curacao,2022-09-23,"Pfizer/BioNTech, Moderna",https://bakuna.cw/,255716,108495,99856,47365
Curacao,2022-09-26,"Pfizer/BioNTech, Moderna",https://bakuna.cw/,255725,108496,99858,47371
Curacao,2022-09-27,"Pfizer/BioNTech, Moderna",https://bakuna.cw/,255739,108497,99862,47380
Curacao,2022-09-29,"Pfizer/BioNTech, Moderna",https://bakuna.cw/,255751,108499,99865,47387
Curacao,2022-09-30,"Pfizer/BioNTech, Moderna",https://bakuna.cw/,255764,108500,99869,47395
Curacao,2022-10-03,"Pfizer/BioNTech, Moderna",https://bakuna.cw/,255773,108501,99871,47401
Curacao,2022-10-04,"Pfizer/BioNTech, Moderna",https://bakuna.cw/,255788,108505,99875,47408
Curacao,2022-10-06,"Pfizer/BioNTech, Moderna",https://bakuna.cw/,255794,108508,99875,47411
Curacao,2022-10-07,"Pfizer/BioNTech, Moderna",https://bakuna.cw/,255810,108513,99877,47420
Curacao,2022-10-11,"Pfizer/BioNTech, Moderna",https://bakuna.cw/,255827,108514,99884,47429
Curacao,2022-10-13,"Pfizer/BioNTech, Moderna",https://bakuna.cw/,255830,108515,99885,47430
Curacao,2022-10-14,"Pfizer/BioNTech, Moderna",https://bakuna.cw/,255836,108519,99886,47431
Curacao,2022-10-15,"Pfizer/BioNTech, Moderna",https://bakuna.cw/,255837,108519,99887,47431
Curacao,2022-10-17,"Pfizer/BioNTech, Moderna",https://bakuna.cw/,255849,108525,99891,47433
Curacao,2022-10-18,"Pfizer/BioNTech, Moderna",https://bakuna.cw/,255858,108529,99894,47435
Curacao,2022-10-20,"Pfizer/BioNTech, Moderna",https://bakuna.cw/,255874,108534,99903,47437
Curacao,2022-10-21,"Pfizer/BioNTech, Moderna",https://bakuna.cw/,255882,108539,99906,47437
Curacao,2022-10-24,"Pfizer/BioNTech, Moderna",https://bakuna.cw/,255891,108544,99907,47440
Curacao,2022-10-25,"Pfizer/BioNTech, Moderna",https://bakuna.cw/,255903,108549,99911,47443
Curacao,2022-10-27,"Pfizer/BioNTech, Moderna",https://bakuna.cw/,255919,108557,99917,47445
Curacao,2022-10-28,"Pfizer/BioNTech, Moderna",https://bakuna.cw/,255933,108562,99924,47447
Curacao,2022-10-31,"Pfizer/BioNTech, Moderna",https://bakuna.cw/,255936,108563,99925,47448
Curacao,2022-11-01,"Pfizer/BioNTech, Moderna",https://bakuna.cw/,255942,108567,99927,47448
Curacao,2022-11-02,"Pfizer/BioNTech, Moderna",https://bakuna.cw/,255945,108567,99927,47451
Curacao,2022-11-03,"Pfizer/BioNTech, Moderna",https://bakuna.cw/,255950,108568,99930,47452
Curacao,2022-11-04,"Pfizer/BioNTech, Moderna",https://bakuna.cw/,255956,108570,99933,47453
Curacao,2022-11-07,"Pfizer/BioNTech, Moderna",https://bakuna.cw/,255971,108575,99937,47459
Curacao,2022-11-08,"Pfizer/BioNTech, Moderna",https://bakuna.cw/,255993,108586,99943,47464
Curacao,2022-11-10,"Pfizer/BioNTech, Moderna",https://bakuna.cw/,256003,108591,99947,47465
Curacao,2022-11-11,"Pfizer/BioNTech, Moderna",https://bakuna.cw/,256010,108593,99950,47467
Curacao,2022-11-14,"Pfizer/BioNTech, Moderna",https://bakuna.cw/,256017,108596,99954,47467
Curacao,2022-11-15,"Pfizer/BioNTech, Moderna",https://bakuna.cw/,256028,108600,99955,47473
Curacao,2022-11-16,"Pfizer/BioNTech, Moderna",https://bakuna.cw/,256029,108601,99955,47473
Curacao,2023-05-12,"Moderna, Oxford/AstraZeneca, Pfizer/BioNTech",https://ais.paho.org/imm/IM_DosisAdmin-Vacunacion.asp,260324,,100885,49213
