location,date,vaccine,source_url,total_vaccinations,people_vaccinated,people_fully_vaccinated,total_boosters
Egypt,2021-01-24,Sinopharm/Beijing,"http://english.ahram.org.eg/NewsContent/1/64/399964/Egypt/Politics-/,-medical-staff-vaccinated-against-COVID-in-first-.aspx",0,0,,
Egypt,2021-01-30,Sinopharm/Beijing,"http://english.ahram.org.eg/NewsContent/1/64/399964/Egypt/Politics-/,-medical-staff-vaccinated-against-COVID-in-first-.aspx",1315,1315,,
Egypt,2021-03-27,"Oxford/AstraZeneca, Sinopharm/Beijing",https://reliefweb.int/report/iran-islamic-republic/covid-19-situation-updates-week-12-21-27-march-2021,164534,164534,,
Egypt,2021-04-18,"Oxford/AstraZeneca, Sinopharm/Beijing",https://english.ahram.org.eg/NewsContent/1/64/409875/Egypt/Politics-/Egypt-to-produce--mln-doses-of-Sinovac-coronavirus.aspx,660000,660000,,
Egypt,2021-05-09,"Oxford/AstraZeneca, Sinopharm/Beijing, Sinovac, Sputnik V",https://covid19.who.int/,1300212,1064360,235852,
Egypt,2021-05-11,"Oxford/AstraZeneca, Sinopharm/Beijing, Sinovac, Sputnik V",https://covid19.who.int/,1371976,1133956,238020,
Egypt,2021-05-22,"Oxford/AstraZeneca, Sinopharm/Beijing, Sinovac, Sputnik V",https://covid19.who.int/,1877993,1575449,302544,
Egypt,2021-05-23,"Oxford/AstraZeneca, Sinopharm/Beijing, Sinovac, Sputnik V",https://covid19.who.int/,1962216,1653599,308617,
Egypt,2021-05-24,"Oxford/AstraZeneca, Sinopharm/Beijing, Sinovac, Sputnik V",https://covid19.who.int/,2059987,1745841,314146,
Egypt,2021-05-25,"Oxford/AstraZeneca, Sinopharm/Beijing, Sinovac, Sputnik V",https://covid19.who.int/,2128164,1812826,315338,
Egypt,2021-05-29,"Oxford/AstraZeneca, Sinopharm/Beijing, Sinovac, Sputnik V",https://covid19.who.int/,2586274,2254371,331903,
Egypt,2021-06-01,"Oxford/AstraZeneca, Sinopharm/Beijing, Sinovac, Sputnik V",https://covid19.who.int/,2822479,2465521,356958,
Egypt,2021-06-09,"Oxford/AstraZeneca, Sinopharm/Beijing, Sinovac, Sputnik V",https://covid19.who.int/,3340216,2820175,520041,
Egypt,2021-06-12,"Oxford/AstraZeneca, Sinopharm/Beijing, Sinovac, Sputnik V",https://covid19.who.int/,3506760,2931715,575045,
Egypt,2021-06-14,"Oxford/AstraZeneca, Sinopharm/Beijing, Sinovac, Sputnik V",https://covid19.who.int/,3746978,3078964,668014,
Egypt,2021-06-16,"Oxford/AstraZeneca, Sinopharm/Beijing, Sinovac, Sputnik V",https://covid19.who.int/,3794707,3117818,676889,
Egypt,2021-06-20,"Oxford/AstraZeneca, Sinopharm/Beijing, Sinovac, Sputnik V",https://covid19.who.int/,4010467,3315854,694613,
Egypt,2021-06-23,"Oxford/AstraZeneca, Sinopharm/Beijing, Sinovac, Sputnik V",https://covid19.who.int/,4138935,3418331,720604,
Egypt,2021-06-27,"Oxford/AstraZeneca, Sinopharm/Beijing, Sinovac, Sputnik V",https://covid19.who.int/,4253397,3489503,763894,
Egypt,2021-06-28,"Oxford/AstraZeneca, Sinopharm/Beijing, Sinovac, Sputnik V",https://covid19.who.int/,4282641,3502181,780460,
Egypt,2021-07-04,"Oxford/AstraZeneca, Sinopharm/Beijing, Sinovac, Sputnik V",https://covid19.who.int/,4442102,3560795,881307,
Egypt,2021-07-06,"Oxford/AstraZeneca, Sinopharm/Beijing, Sinovac, Sputnik V",https://covid19.who.int/,4497919,3568042,929877,
Egypt,2021-07-07,"Oxford/AstraZeneca, Sinopharm/Beijing, Sinovac, Sputnik V",https://covid19.who.int/,4529884,3576269,953615,
Egypt,2021-07-08,"Oxford/AstraZeneca, Sinopharm/Beijing, Sinovac, Sputnik V",https://covid19.who.int/,4560082,3580443,979639,
Egypt,2021-07-12,"Oxford/AstraZeneca, Sinopharm/Beijing, Sinovac, Sputnik V",https://covid19.who.int/,5056303,3627345,1428958,
Egypt,2021-07-25,"Oxford/AstraZeneca, Sinopharm/Beijing, Sinovac, Sputnik V",https://covid19.who.int/,5304701,3696996,1607705,
Egypt,2021-07-26,"Oxford/AstraZeneca, Sinopharm/Beijing, Sinovac, Sputnik V",https://covid19.who.int/,5337506,3697974,1639532,
Egypt,2021-08-01,"Oxford/AstraZeneca, Sinopharm/Beijing, Sinovac, Sputnik V",https://covid19.who.int/,5570554,3783581,1786973,
Egypt,2021-08-05,"Oxford/AstraZeneca, Pfizer/BioNTech, Sinopharm/Beijing, Sinovac, Sputnik V",https://covid19.who.int/,5649322,3840732,1808590,
Egypt,2021-08-10,"Oxford/AstraZeneca, Pfizer/BioNTech, Sinopharm/Beijing, Sinovac, Sputnik V",https://covid19.who.int/,5750549,3883927,1866622,
Egypt,2021-08-16,"Oxford/AstraZeneca, Pfizer/BioNTech, Sinopharm/Beijing, Sinovac, Sputnik V",https://covid19.who.int/,6477535,4319631,2157904,
Egypt,2021-08-25,"Johnson&Johnson, Oxford/AstraZeneca, Pfizer/BioNTech, Sinopharm/Beijing, Sinovac, Sputnik V",https://africacdc.org/covid-19-vaccination/,8004586,5109996,2894590,
Egypt,2021-08-27,"Johnson&Johnson, Oxford/AstraZeneca, Pfizer/BioNTech, Sinopharm/Beijing, Sinovac, Sputnik V",https://covid19.who.int/,8741005,5616607,3124398,
Egypt,2021-09-01,"Johnson&Johnson, Oxford/AstraZeneca, Pfizer/BioNTech, Sinopharm/Beijing, Sinovac, Sputnik V",https://africacdc.org/covid-19-vaccination/,9391465,6182511,3208954,
Egypt,2021-09-05,"Johnson&Johnson, Oxford/AstraZeneca, Pfizer/BioNTech, Sinopharm/Beijing, Sinovac, Sputnik V",https://covid19.who.int/,10418988,6913913,3505075,
Egypt,2021-09-09,"Johnson&Johnson, Oxford/AstraZeneca, Pfizer/BioNTech, Sinopharm/Beijing, Sinovac, Sputnik V",https://africacdc.org/covid-19-vaccination/,10769834,7076086,3693748,
Egypt,2021-09-11,"Johnson&Johnson, Oxford/AstraZeneca, Pfizer/BioNTech, Sinopharm/Beijing, Sinovac, Sputnik V",https://covid19.who.int/,11487985,,,
Egypt,2021-09-15,"Johnson&Johnson, Oxford/AstraZeneca, Pfizer/BioNTech, Sinopharm/Beijing, Sinovac, Sputnik V",https://africacdc.org/covid-19-vaccination/,11989196,7743420,4245776,
Egypt,2021-09-16,"Johnson&Johnson, Oxford/AstraZeneca, Pfizer/BioNTech, Sinopharm/Beijing, Sinovac, Sputnik V",https://covid19.who.int/,12964351,8158764,4805587,
Egypt,2021-09-23,"Johnson&Johnson, Oxford/AstraZeneca, Pfizer/BioNTech, Sinopharm/Beijing, Sinovac, Sputnik V",https://covid19.who.int/,15057720,9593247,4805587,
Egypt,2021-09-27,"Johnson&Johnson, Oxford/AstraZeneca, Pfizer/BioNTech, Sinopharm/Beijing, Sinovac, Sputnik V",https://covid19.who.int/,16223309,10524707,5698602,
Egypt,2021-09-30,"Johnson&Johnson, Oxford/AstraZeneca, Pfizer/BioNTech, Sinopharm/Beijing, Sinovac, Sputnik V",https://covid19.who.int/,16959764,11113946,5845818,
Egypt,2021-10-08,"Johnson&Johnson, Oxford/AstraZeneca, Pfizer/BioNTech, Sinopharm/Beijing, Sinovac, Sputnik V",https://covid19.who.int/,20154366,13552189,6602177,
Egypt,2021-10-17,"Johnson&Johnson, Oxford/AstraZeneca, Pfizer/BioNTech, Sinopharm/Beijing, Sinovac, Sputnik V",https://covid19.who.int/,23177181,15493471,7683710,
Egypt,2021-10-23,"Johnson&Johnson, Oxford/AstraZeneca, Pfizer/BioNTech, Sinopharm/Beijing, Sinovac, Sputnik V",https://covid19.who.int/,25083832,16744829,8339003,
Egypt,2021-10-29,"Johnson&Johnson, Oxford/AstraZeneca, Pfizer/BioNTech, Sinopharm/Beijing, Sinovac, Sputnik V",https://covid19.who.int/,27818424,17937206,10567410,
Egypt,2021-11-01,"Johnson&Johnson, Oxford/AstraZeneca, Pfizer/BioNTech, Sinopharm/Beijing, Sinovac, Sputnik V",https://covid19.who.int/,28934095,18526300,11102456,
Egypt,2021-11-06,"Johnson&Johnson, Oxford/AstraZeneca, Pfizer/BioNTech, Sinopharm/Beijing, Sinovac, Sputnik V",https://covid19.who.int/,30563571,19462191,11811236,
Egypt,2021-11-10,"Johnson&Johnson, Oxford/AstraZeneca, Pfizer/BioNTech, Sinopharm/Beijing, Sinovac, Sputnik V",https://covid19.who.int/,33667594,21121564,13271289,
Egypt,2021-11-13,"Johnson&Johnson, Oxford/AstraZeneca, Pfizer/BioNTech, Sinopharm/Beijing, Sinovac, Sputnik V",https://covid19.who.int/,34871428,21751641,13853984,
Egypt,2021-11-20,"Johnson&Johnson, Oxford/AstraZeneca, Pfizer/BioNTech, Sinopharm/Beijing, Sinovac, Sputnik V",https://covid19.who.int/,36906765,23649491,14022224,
Egypt,2021-11-28,"Johnson&Johnson, Oxford/AstraZeneca, Pfizer/BioNTech, Sinopharm/Beijing, Sinovac, Sputnik V",https://covid19.who.int/,39914919,25438500,15271388,
Egypt,2021-11-29,"Johnson&Johnson, Oxford/AstraZeneca, Pfizer/BioNTech, Sinopharm/Beijing, Sinovac, Sputnik V",https://covid19.who.int/,40644158,25927931,15515855,
Egypt,2021-12-04,"Johnson&Johnson, Oxford/AstraZeneca, Pfizer/BioNTech, Sinopharm/Beijing, Sinovac, Sputnik V",https://covid19.who.int/,42965769,27299203,16487356,
Egypt,2021-12-06,"Johnson&Johnson, Oxford/AstraZeneca, Pfizer/BioNTech, Sinopharm/Beijing, Sinovac, Sputnik V",https://covid19.who.int/,43976245,27979218,16827971,
Egypt,2021-12-11,"Johnson&Johnson, Oxford/AstraZeneca, Pfizer/BioNTech, Sinopharm/Beijing, Sinovac, Sputnik V",https://covid19.who.int/,46239670,29529394,17567408,
Egypt,2021-12-14,"Johnson&Johnson, Oxford/AstraZeneca, Pfizer/BioNTech, Sinopharm/Beijing, Sinovac, Sputnik V",https://covid19.who.int/,47838944,30505670,18205046,
Egypt,2021-12-18,"Johnson&Johnson, Oxford/AstraZeneca, Pfizer/BioNTech, Sinopharm/Beijing, Sinovac, Sputnik V",https://covid19.who.int/,49746337,31543226,19089596,
Egypt,2021-12-20,"Johnson&Johnson, Oxford/AstraZeneca, Pfizer/BioNTech, Sinopharm/Beijing, Sinovac, Sputnik V",https://covid19.who.int/,50787836,32102167,19579824,
Egypt,2021-12-24,"Johnson&Johnson, Oxford/AstraZeneca, Pfizer/BioNTech, Sinopharm/Beijing, Sinovac, Sputnik V",https://covid19.who.int/,52819190,33098284,20627388,
Egypt,2022-01-04,"Johnson&Johnson, Oxford/AstraZeneca, Pfizer/BioNTech, Sinopharm/Beijing, Sinovac, Sputnik V",https://covid19.who.int/,57488298,35345794,22829583,
Egypt,2022-01-08,"Johnson&Johnson, Oxford/AstraZeneca, Pfizer/BioNTech, Sinopharm/Beijing, Sinovac, Sputnik V",https://covid19.who.int/,58836189,35914913,23557717,
Egypt,2022-01-15,"Johnson&Johnson, Oxford/AstraZeneca, Pfizer/BioNTech, Sinopharm/Beijing, Sinovac, Sputnik V",https://covid19.who.int/,61224838,36908333,24839799,
Egypt,2022-01-21,"Johnson&Johnson, Oxford/AstraZeneca, Pfizer/BioNTech, Sinopharm/Beijing, Sinovac, Sputnik V",https://covid19.who.int/,62817255,37557072,25737665,
Egypt,2022-01-24,"Johnson&Johnson, Oxford/AstraZeneca, Pfizer/BioNTech, Sinopharm/Beijing, Sinovac, Sputnik V",https://covid19.who.int/,63630482,37848068,26217949,
Egypt,2022-01-30,"Johnson&Johnson, Oxford/AstraZeneca, Pfizer/BioNTech, Sinopharm/Beijing, Sinovac, Sputnik V",https://covid19.who.int/,65052928,38312663,27165187,
Egypt,2022-02-06,"Johnson&Johnson, Oxford/AstraZeneca, Pfizer/BioNTech, Sinopharm/Beijing, Sinovac, Sputnik V",https://covid19.who.int/,67211589,39155636,28440704,
Egypt,2022-02-09,"Johnson&Johnson, Oxford/AstraZeneca, Pfizer/BioNTech, Sinopharm/Beijing, Sinovac, Sputnik V",https://covid19.who.int/,67724897,39317370,28777097,
Egypt,2022-02-17,"Johnson&Johnson, Oxford/AstraZeneca, Pfizer/BioNTech, Sinopharm/Beijing, Sinovac, Sputnik V",https://africacdc.org/covid-19-vaccination/,,,,811171
Egypt,2022-02-19,"Johnson&Johnson, Oxford/AstraZeneca, Pfizer/BioNTech, Sinopharm/Beijing, Sinovac, Sputnik V",https://covid19.who.int/,69385430,40088514,29465603,
Egypt,2022-02-24,"Johnson&Johnson, Oxford/AstraZeneca, Pfizer/BioNTech, Sinopharm/Beijing, Sinovac, Sputnik V",https://africacdc.org/covid-19-vaccination/,,,,985931
Egypt,2022-02-26,"Johnson&Johnson, Oxford/AstraZeneca, Pfizer/BioNTech, Sinopharm/Beijing, Sinovac, Sputnik V",https://covid19.who.int/,70684545,40772051,29953832,
Egypt,2022-03-01,"Johnson&Johnson, Oxford/AstraZeneca, Pfizer/BioNTech, Sinopharm/Beijing, Sinovac, Sputnik V",https://covid19.who.int/,71361630,41192990,30174310,
Egypt,2022-03-04,"Johnson&Johnson, Oxford/AstraZeneca, Pfizer/BioNTech, Sinopharm/Beijing, Sinovac, Sputnik V",https://africacdc.org/covid-19-vaccination/,,,,1104196
Egypt,2022-03-10,"Johnson&Johnson, Oxford/AstraZeneca, Pfizer/BioNTech, Sinopharm/Beijing, Sinovac, Sputnik V",https://africacdc.org/covid-19-vaccination/,,,,1393678
Egypt,2022-03-15,"Johnson&Johnson, Oxford/AstraZeneca, Pfizer/BioNTech, Sinopharm/Beijing, Sinovac, Sputnik V",https://covid19.who.int/,75368174,43739249,31254429,
Egypt,2022-03-17,"Johnson&Johnson, Oxford/AstraZeneca, Pfizer/BioNTech, Sinopharm/Beijing, Sinovac, Sputnik V",https://africacdc.org/covid-19-vaccination/,,,,1462500
Egypt,2022-03-20,"Johnson&Johnson, Oxford/AstraZeneca, Pfizer/BioNTech, Sinopharm/Beijing, Sinovac, Sputnik V",https://covid19.who.int/,76716981,44531740,31722116,1779114
Egypt,2022-03-27,"Johnson&Johnson, Oxford/AstraZeneca, Pfizer/BioNTech, Sinopharm/Beijing, Sinovac, Sputnik V",https://covid19.who.int/,77978885,45120240,32207635,1982127
Egypt,2022-04-12,"Johnson&Johnson, Oxford/AstraZeneca, Pfizer/BioNTech, Sinopharm/Beijing, Sinovac, Sputnik V",https://covid19.who.int/,80130948,45884414,33441703,2198058
Egypt,2022-04-23,"Johnson&Johnson, Oxford/AstraZeneca, Pfizer/BioNTech, Sinopharm/Beijing, Sinovac, Sputnik V",https://covid19.who.int/,81384156,46221961,34130697,2450111
Egypt,2022-04-30,"CanSino, Covaxin, Johnson&Johnson, Moderna, Oxford/AstraZeneca, Pfizer/BioNTech, Sinopharm/Beijing, Sinovac, Sputnik Light, Sputnik V",https://covid19.who.int/,82017392,46391282,34431166,2626381
Egypt,2022-05-04,"CanSino, Covaxin, Johnson&Johnson, Moderna, Oxford/AstraZeneca, Pfizer/BioNTech, Sinopharm/Beijing, Sinovac, Sputnik Light, Sputnik V",https://covid19.who.int/,82139865,46426378,34481890,2664594
Egypt,2022-05-08,"CanSino, Covaxin, Johnson&Johnson, Moderna, Oxford/AstraZeneca, Pfizer/BioNTech, Sinopharm/Beijing, Sinovac, Sputnik Light, Sputnik V",https://covid19.who.int/,82376780,46490815,34569036,2754574
Egypt,2022-05-14,"CanSino, Covaxin, Johnson&Johnson, Moderna, Oxford/AstraZeneca, Pfizer/BioNTech, Sinopharm/Beijing, Sinovac, Sputnik Light, Sputnik V",https://covid19.who.int/,82828973,46619835,34733577,2919795
Egypt,2022-05-15,"CanSino, Covaxin, Johnson&Johnson, Moderna, Oxford/AstraZeneca, Pfizer/BioNTech, Sinopharm/Beijing, Sinovac, Sputnik Light, Sputnik V",https://covid19.who.int/,82907695,46643770,34761879,2947183
Egypt,2022-05-30,"CanSino, Covaxin, Johnson&Johnson, Moderna, Oxford/AstraZeneca, Pfizer/BioNTech, Sinopharm/Beijing, Sinovac, Sputnik Light, Sputnik V",https://covid19.who.int/,85265369,47851408,,
Egypt,2022-06-05,"CanSino, Covaxin, Johnson&Johnson, Moderna, Oxford/AstraZeneca, Pfizer/BioNTech, Sinopharm/Beijing, Sinovac, Sputnik Light, Sputnik V",https://covid19.who.int/,86132442,47851408,,2947183
Egypt,2022-06-14,"CanSino, Covaxin, Johnson&Johnson, Moderna, Oxford/AstraZeneca, Pfizer/BioNTech, Sinopharm/Beijing, Sinovac, Sputnik Light, Sputnik V",https://covid19.who.int/,88052405,,,4410293
Egypt,2022-06-20,"CanSino, Covaxin, Johnson&Johnson, Moderna, Oxford/AstraZeneca, Pfizer/BioNTech, Sinopharm/Beijing, Sinovac, Sputnik Light, Sputnik V",https://covid19.who.int/,89160782,,,4798479
Egypt,2022-06-27,"CanSino, Covaxin, Johnson&Johnson, Moderna, Oxford/AstraZeneca, Pfizer/BioNTech, Sinopharm/Beijing, Sinovac, Sputnik Light, Sputnik V",https://covid19.who.int/,90374411,48283385,35136269,5217106
Egypt,2022-06-29,"CanSino, Covaxin, Johnson&Johnson, Moderna, Oxford/AstraZeneca, Pfizer/BioNTech, Sinopharm/Beijing, Sinovac, Sputnik Light, Sputnik V",https://covid19.who.int/,91447330,50399016,37289388,5584684
Egypt,2022-07-05,"CanSino, Covaxin, Johnson&Johnson, Moderna, Oxford/AstraZeneca, Pfizer/BioNTech, Sinopharm/Beijing, Sinovac, Sputnik Light, Sputnik V",https://covid19.who.int/,92261780,50738501,37563097,5883774
Egypt,2022-07-16,"CanSino, Covaxin, Johnson&Johnson, Moderna, Oxford/AstraZeneca, Pfizer/BioNTech, Sinopharm/Beijing, Sinovac, Sputnik Light, Sputnik V",https://covid19.who.int/,93009661,50981808,37842081,6183619
Egypt,2022-07-19,"CanSino, Covaxin, Johnson&Johnson, Moderna, Oxford/AstraZeneca, Pfizer/BioNTech, Sinopharm/Beijing, Sinovac, Sputnik Light, Sputnik V",https://covid19.who.int/,94288193,51394896,38312748,6710741
Egypt,2022-07-27,"CanSino, Covaxin, Johnson&Johnson, Moderna, Oxford/AstraZeneca, Pfizer/BioNTech, Sinopharm/Beijing, Sinovac, Sputnik Light, Sputnik V",https://covid19.who.int/,95223214,51718920,38603443,7135881
Egypt,2022-08-07,"CanSino, Covaxin, Johnson&Johnson, Moderna, Oxford/AstraZeneca, Pfizer/BioNTech, Sinopharm/Beijing, Sinovac, Sputnik Light, Sputnik V",https://covid19.who.int/,96161665,52066692,38866849,7559210
Egypt,2022-08-15,"CanSino, Covaxin, Johnson&Johnson, Moderna, Oxford/AstraZeneca, Pfizer/BioNTech, Sinopharm/Beijing, Sinovac, Sputnik Light, Sputnik V",https://covid19.who.int/,96535551,52214452,38984460,7758648
Egypt,2022-08-21,"CanSino, Covaxin, Johnson&Johnson, Moderna, Oxford/AstraZeneca, Pfizer/BioNTech, Sinopharm/Beijing, Sinovac, Sputnik Light, Sputnik V",https://covid19.who.int/,97076742,52385711,39127611,7981031
Egypt,2022-08-30,"CanSino, Covaxin, Johnson&Johnson, Moderna, Oxford/AstraZeneca, Pfizer/BioNTech, Sinopharm/Beijing, Sinovac, Sputnik Light, Sputnik V",https://covid19.who.int/,97563259,52544598,39257423,8220764
Egypt,2022-09-04,"CanSino, Covaxin, Johnson&Johnson, Moderna, Oxford/AstraZeneca, Pfizer/BioNTech, Sinopharm/Beijing, Sinovac, Sputnik Light, Sputnik V",https://covid19.who.int/,97808869,52622762,39320073,8346430
Egypt,2022-09-11,"CanSino, Covaxin, Johnson&Johnson, Moderna, Oxford/AstraZeneca, Pfizer/BioNTech, Sinopharm/Beijing, Sinovac, Sputnik Light, Sputnik V",https://covid19.who.int/,98019706,52691386,39372755,8455487
Egypt,2022-09-25,"CanSino, Covaxin, Johnson&Johnson, Moderna, Oxford/AstraZeneca, Pfizer/BioNTech, Sinopharm/Beijing, Sinovac, Sputnik Light, Sputnik V",https://covid19.who.int/,98424374,52817695,39474487,8665916
Egypt,2022-09-29,"CanSino, Covaxin, Johnson&Johnson, Moderna, Oxford/AstraZeneca, Pfizer/BioNTech, Sinopharm/Beijing, Sinovac, Sputnik Light, Sputnik V",https://covid19.who.int/,98911424,52995443,39585392,8906072
Egypt,2022-10-23,"CanSino, Covaxin, Johnson&Johnson, Moderna, Oxford/AstraZeneca, Pfizer/BioNTech, Sinopharm/Beijing, Sinovac, Sputnik Light, Sputnik V",https://covid19.who.int/,100118154,53448279,39871333,9467053
Egypt,2022-10-30,"CanSino, Covaxin, Johnson&Johnson, Moderna, Oxford/AstraZeneca, Pfizer/BioNTech, Sinopharm/Beijing, Sinovac, Sputnik Light, Sputnik V",https://covid19.who.int/,100303642,53496777,39910404,9564972
Egypt,2022-11-06,"CanSino, Covaxin, Johnson&Johnson, Moderna, Oxford/AstraZeneca, Pfizer/BioNTech, Sinopharm/Beijing, Sinovac, Sputnik Light, Sputnik V",https://covid19.who.int/,100448725,53551563,39959950,9630728
Egypt,2022-11-14,"CanSino, Covaxin, Johnson&Johnson, Moderna, Oxford/AstraZeneca, Pfizer/BioNTech, Sinopharm/Beijing, Sinovac, Sputnik Light, Sputnik V",https://covid19.who.int/,100554948,53586191,39984251,9686999
Egypt,2022-11-27,"CanSino, Covaxin, Johnson&Johnson, Moderna, Oxford/AstraZeneca, Pfizer/BioNTech, Sinopharm/Beijing, Sinovac, Sputnik Light, Sputnik V",https://covid19.who.int/,100740657,53646548,40028636,9784616
Egypt,2022-12-04,"CanSino, Covaxin, Johnson&Johnson, Moderna, Oxford/AstraZeneca, Pfizer/BioNTech, Sinopharm/Beijing, Sinovac, Sputnik Light, Sputnik V",https://covid19.who.int/,100825424,53675774,40049799,9828033
Egypt,2022-12-18,"CanSino, Covaxin, Johnson&Johnson, Moderna, Oxford/AstraZeneca, Pfizer/BioNTech, Sinopharm/Beijing, Sinovac, Sputnik Light, Sputnik V",https://covid19.who.int/,100993230,53731514,40092338,9915716
Egypt,2023-01-03,"CanSino, Covaxin, Johnson&Johnson, Moderna, Oxford/AstraZeneca, Pfizer/BioNTech, Sinopharm/Beijing, Sinovac, Sputnik Light, Sputnik V",https://covid19.who.int/,101068826,53749907,40103177,9962080
Egypt,2023-01-15,"CanSino, Covaxin, Johnson&Johnson, Moderna, Oxford/AstraZeneca, Pfizer/BioNTech, Sinopharm/Beijing, Sinovac, Sputnik Light, Sputnik V",https://covid19.who.int/,101227614,53809712,40149703,10041797
Egypt,2023-01-22,"CanSino, Covaxin, Johnson&Johnson, Moderna, Oxford/AstraZeneca, Pfizer/BioNTech, Sinopharm/Beijing, Sinovac, Sputnik Light, Sputnik V",https://covid19.who.int/,101357078,53839162,40162146,10129368
Egypt,2023-01-29,"CanSino, Covaxin, Johnson&Johnson, Moderna, Oxford/AstraZeneca, Pfizer/BioNTech, Sinopharm/Beijing, Sinovac, Sputnik Light, Sputnik V",https://covid19.who.int/,101407664,53850471,40166210,10164581
Egypt,2023-01-31,"CanSino, Covaxin, Johnson&Johnson, Moderna, Oxford/AstraZeneca, Pfizer/BioNTech, Sinopharm/Beijing, Sinovac, Sputnik Light, Sputnik V",https://covid19.who.int/,102088497,54046147,40332573,10576946
Egypt,2023-02-19,"CanSino, Covaxin, Johnson&Johnson, Moderna, Oxford/AstraZeneca, Pfizer/BioNTech, Sinopharm/Beijing, Sinovac, Sputnik Light, Sputnik V",https://covid19.who.int/,104508139,54800282,40865508,11974768
Egypt,2023-02-26,"CanSino, Covaxin, Johnson&Johnson, Moderna, Oxford/AstraZeneca, Pfizer/BioNTech, Sinopharm/Beijing, Sinovac, Sputnik Light, Sputnik V",https://covid19.who.int/,105493060,55155346,41099759,12482313
Egypt,2023-03-19,"CanSino, Covaxin, Johnson&Johnson, Moderna, Oxford/AstraZeneca, Pfizer/BioNTech, Sinopharm/Beijing, Sinovac, Sputnik Light, Sputnik V",https://covid19.who.int/,108156977,56068339,41695167,13906497
Egypt,2023-03-26,"CanSino, Covaxin, Johnson&Johnson, Moderna, Oxford/AstraZeneca, Pfizer/BioNTech, Sinopharm/Beijing, Sinovac, Sputnik Light, Sputnik V",https://covid19.who.int/,110505666,56207225,41788520,14329415
Egypt,2023-04-02,"CanSino, Covaxin, Johnson&Johnson, Moderna, Oxford/AstraZeneca, Pfizer/BioNTech, Sinopharm/Beijing, Sinovac, Sputnik Light, Sputnik V",https://covid19.who.int/,111049462,56402018,41958052,14523894
Egypt,2023-04-09,"CanSino, Covaxin, Johnson&Johnson, Moderna, Oxford/AstraZeneca, Pfizer/BioNTech, Sinopharm/Beijing, Sinovac, Sputnik Light, Sputnik V",https://covid19.who.int/,111558825,56515721,42058910,14751763
Egypt,2023-04-25,"CanSino, Covaxin, Johnson&Johnson, Moderna, Oxford/AstraZeneca, Pfizer/BioNTech, Sinopharm/Beijing, Sinovac, Sputnik Light, Sputnik V",https://covid19.who.int/,112284725,56709060,42216341,15063017
Egypt,2023-05-21,"CanSino, Covaxin, Johnson&Johnson, Moderna, Oxford/AstraZeneca, Pfizer/BioNTech, Sinopharm/Beijing, Sinovac, Sputnik Light, Sputnik V",https://covid19.who.int/,112673535,56907319,42337175,15217352
