location,date,vaccine,source_url,total_vaccinations,people_vaccinated,people_fully_vaccinated,total_boosters
Guinea,2021-03-19,Sputnik V,https://twitter.com/anss_guinee/status/1373004550093824008,,25263,,
Guinea,2021-03-23,Sputnik V,https://anss-guinee.org/assets/document/DOC_16165721061937744675605aeeca842f2.pdf,,34178,,
Guinea,2021-03-31,Sputnik V,https://anss-guinee.org/assets/document/DOC_1617570966658374639606a2c96d95b4.pdf,62645,59993,2652,
Guinea,2021-04-04,Sputnik V,https://twitter.com/anss_guinee/status/1378817732972515333,,66439,,
Guinea,2021-04-05,Sputnik V,https://twitter.com/anss_guinee/status/1379341873823748100,,67686,,
Guinea,2021-04-06,Sputnik V,https://twitter.com/anss_guinee/status/1379730430358736897,,67863,,
Guinea,2021-04-07,Sputnik V,https://anss-guinee.org/assets/document/DOC_1617973052112686217660704f3c89fa0.pdf,82135,72576,9559,
Guinea,2021-04-08,Sputnik V,https://twitter.com/anss_guinee/status/1380449535407833089,,74760,,
Guinea,2021-04-09,Sputnik V,https://twitter.com/anss_guinee/status/1380828296175366153,,76715,,
Guinea,2021-04-10,Sputnik V,https://twitter.com/anss_guinee/status/1381210514722807808,,77433,,
Guinea,2021-04-12,Sputnik V,https://twitter.com/anss_guinee/status/1381880484205068289,,79450,,
Guinea,2021-04-14,Sputnik V,https://twitter.com/anss_guinee/status/1382405499270922250,,79665,,
Guinea,2021-04-15,Sputnik V,https://twitter.com/anss_guinee/status/1382962015325536256,106024,80992,25032,
Guinea,2021-04-16,Sputnik V,https://twitter.com/anss_guinee/status/1383378028965679105,109296,81429,27867,
Guinea,2021-04-19,Sputnik V,https://twitter.com/anss_guinee/status/1384050810875641857,112506,82738,29768,
Guinea,2021-04-20,Sputnik V,https://twitter.com/anss_guinee/status/1384413441415335943,114297,83035,31262,
Guinea,2021-04-21,Sputnik V,https://twitter.com/anss_guinee/status/1384798942026686464,116113,83324,32789,
Guinea,2021-04-22,Sputnik V,https://twitter.com/anss_guinee/status/1385557799879467009,124501,87288,37213,
Guinea,2021-04-24,Sputnik V,https://twitter.com/anss_guinee/status/1386298284927590409,129345,89827,39518,
Guinea,2021-04-25,Sputnik V,https://twitter.com/anss_guinee/status/1386582512512733184,129424,89874,39550,
Guinea,2021-04-26,Sputnik V,https://twitter.com/anss_guinee/status/1386944309748961280,132340,91038,41302,
Guinea,2021-04-27,Sputnik V,https://twitter.com/anss_guinee/status/1387309586026319874,135454,91696,43758,
Guinea,2021-04-28,Sputnik V,https://twitter.com/anss_guinee/status/1387672566828052481,138610,93182,45428,
Guinea,2021-04-29,Sputnik V,https://twitter.com/anss_guinee/status/1387897162424532999,141294,94417,46877,
Guinea,2021-04-30,Sputnik V,https://twitter.com/anss_guinee/status/1388400848573812739,143534,95312,48222,
Guinea,2021-05-03,Sputnik V,https://twitter.com/anss_guinee/status/1389480313076822016,145763,95911,49852,
Guinea,2021-05-04,Sputnik V,https://twitter.com/anss_guinee/status/1389845596685676545,147216,96670,50546,
Guinea,2021-05-05,Sputnik V,https://twitter.com/anss_guinee/status/1390199665090613248,150799,97511,53288,
Guinea,2021-05-06,Sputnik V,https://twitter.com/anss_guinee/status/1390567753740951553,169529,114620,54909,
Guinea,2021-05-07,Sputnik V,https://twitter.com/anss_guinee/status/1390961687881261057,173623,116436,57187,
Guinea,2021-05-11,Sputnik V,https://twitter.com/anss_guinee/status/1392380738234892288,202784,143098,59686,
Guinea,2021-05-12,Sputnik V,https://twitter.com/anss_guinee/status/1393149843548295171,204717,143908,60809,
Guinea,2021-05-17,Sputnik V,https://twitter.com/anss_guinee/status/1394561352878936064,224773,157907,66866,
Guinea,2021-05-19,Sputnik V,https://twitter.com/anss_guinee/status/1395288927179886593,234856,162714,72142,
Guinea,2021-05-20,Sputnik V,https://twitter.com/anss_guinee/status/1395671073732059140,236717,164102,72615,
Guinea,2021-05-23,Sputnik V,https://twitter.com/anss_guinee/status/1396748650454392833,261378,184220,77158,
Guinea,2021-05-24,Sputnik V,https://twitter.com/anss_guinee/status/1397198356359876610,273924,194721,79203,
Guinea,2021-05-25,Sputnik V,https://twitter.com/anss_guinee/status/1397487317049384967,285924,206331,79593,
Guinea,2021-05-26,Sputnik V,https://twitter.com/anss_guinee/status/1397855663611592707,302356,218711,83645,
Guinea,2021-05-29,Sputnik V,https://twitter.com/anss_guinee/status/1398879364171902977,339177,252098,87079,
Guinea,2021-05-31,Sputnik V,https://twitter.com/anss_guinee/status/1399646916057702402,352700,264950,87750,
Guinea,2021-06-02,Sputnik V,https://twitter.com/anss_guinee/status/1400382009558581250,365261,274699,90562,
Guinea,2021-06-03,Sputnik V,https://twitter.com/anss_guinee/status/1400718354873307137,369859,279179,90680,
Guinea,2021-06-07,Sputnik V,https://twitter.com/anss_guinee/status/1402174317794824194,375664,282758,92906,
Guinea,2021-06-08,Sputnik V,https://twitter.com/anss_guinee/status/1402531994777624579,384974,289337,95637,
Guinea,2021-06-10,Sputnik V,https://twitter.com/anss_guinee/status/1403273271974547463,401551,303926,97625,
Guinea,2021-06-11,Sputnik V,https://twitter.com/anss_guinee/status/1403642242510823424,403274,304716,98558,
Guinea,2021-06-15,Sputnik V,https://twitter.com/anss_guinee/status/1405442492967829507,441446,331202,110244,
Guinea,2021-06-17,Sputnik V,https://twitter.com/anss_guinee/status/1405791824778825734,452651,336515,116136,
Guinea,2021-06-21,Sputnik V,https://twitter.com/anss_guinee/status/1407252900779380736,474743,348418,126325,
Guinea,2021-06-22,Sputnik V,https://twitter.com/anss_guinee/status/1407979456338305029,524765,380946,143819,
Guinea,2021-06-23,Sputnik V,https://twitter.com/anss_guinee/status/1408369889254031372,531142,382506,148636,
Guinea,2021-06-24,Sputnik V,https://twitter.com/anss_guinee/status/1408750313927020544,532568,383117,149451,
Guinea,2021-06-27,Sputnik V,https://twitter.com/anss_guinee/status/1409810034188554243,540698,384243,156455,
Guinea,2021-06-28,Sputnik V,https://twitter.com/anss_guinee/status/1410161439088730114,543078,384911,158167,
Guinea,2021-06-29,Sputnik V,https://twitter.com/anss_guinee/status/1410523802728026114,570658,400834,169824,
Guinea,2021-06-30,Sputnik V,https://twitter.com/anss_guinee/status/1410894240142479361,572855,401425,171430,
Guinea,2021-07-03,Sputnik V,https://twitter.com/anss_guinee/status/1411960889432018947,578437,404589,173848,
Guinea,2021-07-04,Sputnik V,https://twitter.com/anss_guinee/status/1412342410986803200,707349,469202,238147,
Guinea,2021-07-05,Sputnik V,https://twitter.com/anss_guinee/status/1412742665326759939,720864,472402,248462,
Guinea,2021-07-07,Sputnik V,https://twitter.com/anss_guinee/status/1413401978441510912,734918,476080,258838,
Guinea,2021-07-12,Sputnik V,https://twitter.com/anss_guinee/status/1415213293745098756,770688,495282,275406,
Guinea,2021-07-13,Sputnik V,https://twitter.com/anss_guinee/status/1415581137548845058,776188,497289,278899,
Guinea,2021-07-14,Sputnik V,https://twitter.com/anss_guinee/status/1415935909388820480,780522,499792,280730,
Guinea,2021-07-16,Sputnik V,https://twitter.com/anss_guinee/status/1416723987577647106,784171,502127,282044,
Guinea,2021-07-18,Sputnik V,https://twitter.com/anss_guinee/status/1417452822086307843,785059,502677,282382,
Guinea,2021-07-25,Sputnik V,https://twitter.com/anss_guinee/status/1420045365915627521,799884,513637,286247,
Guinea,2021-07-27,Sputnik V,https://twitter.com/anss_guinee/status/1420691379043377156,804122,516973,287149,
Guinea,2021-07-28,Sputnik V,https://twitter.com/anss_guinee/status/1421020701251850240,805440,518105,287335,
Guinea,2021-07-30,Sputnik V,https://twitter.com/anss_guinee/status/1421778639608328206,899257,561121,338136,
Guinea,2021-08-01,Sputnik V,https://twitter.com/anss_guinee/status/1422474293280190478,904845,565283,339562,
Guinea,2021-08-06,Sputnik V,https://twitter.com/anss_guinee/status/1424099936291983361,918687,577448,341239,
Guinea,2021-08-08,Sputnik V,https://twitter.com/anss_guinee/status/1424998843641470977,926200,583813,342387,
Guinea,2021-08-09,Sputnik V,https://twitter.com/anss_guinee/status/1425351363672825858,933015,590168,342847,
Guinea,2021-08-10,Sputnik V,https://twitter.com/anss_guinee/status/1425852663283978255,938537,595289,343248,
Guinea,2021-08-11,Sputnik V,https://twitter.com/anss_guinee/status/1426094003834040323,946953,603299,343654,
Guinea,2021-08-12,Sputnik V,https://twitter.com/anss_guinee/status/1426476766080770048,952891,608828,344063,
Guinea,2021-08-15,Sputnik V,https://twitter.com/anss_guinee/status/1427550100625231872,959948,615326,344622,
Guinea,2021-08-16,Sputnik V,https://twitter.com/anss_guinee/status/1427897362597531648,962565,617629,344936,
Guinea,2021-08-17,Sputnik V,https://twitter.com/anss_guinee/status/1428266897783537664,970933,625166,345767,
Guinea,2021-08-18,Sputnik V,https://twitter.com/anss_guinee/status/1428663948052766721,980005,633289,346716,
Guinea,2021-08-19,Sputnik V,https://twitter.com/anss_guinee/status/1429091812170424325,1035529,682526,353003,
Guinea,2021-08-22,Sputnik V,https://twitter.com/anss_guinee/status/1430071782363500550,1057085,700905,356180,
Guinea,2021-08-23,Sputnik V,https://twitter.com/anss_guinee/status/1430434688263499778,1063674,706197,357477,
Guinea,2021-08-25,Sputnik V,https://twitter.com/anss_guinee/status/1431159384378417156,1091909,729160,362749,
Guinea,2021-08-29,Sputnik V,https://twitter.com/anss_guinee/status/1432655853123948548,1129887,760222,369665,
Guinea,2021-08-30,Sputnik V,https://twitter.com/anss_guinee/status/1433312089309863936,1199686,810215,389471,
Guinea,2021-08-31,Sputnik V,https://twitter.com/anss_guinee/status/1433407663627554825,1223951,831183,392768,
Guinea,2021-09-03,Sputnik V,https://twitter.com/anss_guinee/status/1434246051960168453,1251226,854205,397021,
Guinea,2021-09-06,Sputnik V,https://twitter.com/anss_guinee/status/1435635381815418881,1286157,884320,401837,
Guinea,2021-09-08,Sputnik V,https://twitter.com/anss_guinee/status/1436315878480617473,1313386,903121,410265,
Guinea,2021-09-09,Sputnik V,https://twitter.com/anss_guinee/status/1436781499446140933,1333682,917762,415920,
Guinea,2021-09-12,Sputnik V,https://twitter.com/anss_guinee/status/1437752530738552832,1374371,945741,428630,
Guinea,2021-09-14,Sputnik V,https://twitter.com/anss_guinee/status/1438432312765648907,1387699,953942,433757,
Guinea,2021-09-19,Sputnik V,https://twitter.com/anss_guinee/status/1440072555369361413,1444789,993156,451633,
Guinea,2021-09-20,Sputnik V,https://twitter.com/anss_guinee/status/1440406770485055498,1471107,1011272,459835,
Guinea,2021-09-21,Sputnik V,https://twitter.com/anss_guinee/status/1441023608818597889,1554669,1068831,485838,
Guinea,2021-09-23,Sputnik V,https://twitter.com/anss_guinee/status/1441729396109369344,1680935,1153331,527604,
Guinea,2021-09-24,Sputnik V,https://twitter.com/anss_guinee/status/1442130652673953797,1699898,1164005,535893,
Guinea,2021-09-26,Sputnik V,https://twitter.com/anss_guinee/status/1442804880230559751,1732598,1184455,548143,
Guinea,2021-09-28,Sputnik V,https://twitter.com/anss_guinee/status/1443537138222501888,1772935,1208906,564029,
Guinea,2021-09-30,Sputnik V,https://twitter.com/anss_guinee/status/1444296794435985413,1806301,1227490,578811,
Guinea,2021-10-03,Sputnik V,https://twitter.com/anss_guinee/status/1445379667851153420,1832291,1241449,590842,
Guinea,2021-10-05,Sputnik V,https://twitter.com/anss_guinee/status/1446075525102022663,1857641,1256095,601546,
Guinea,2021-10-10,Sputnik V,https://twitter.com/anss_guinee/status/1447885869625581572,1902897,1286118,616779,
Guinea,2021-10-12,Sputnik V,https://twitter.com/anss_guinee/status/1448194270238842881,1925558,1298461,627097,
Guinea,2021-10-13,Sputnik V,https://twitter.com/anss_guinee/status/1448614331491487744,1982686,1337669,645017,
Guinea,2021-10-14,Sputnik V,https://twitter.com/anss_guinee/status/1448973800209588259,2010423,1355165,655258,
Guinea,2021-10-18,Sputnik V,https://twitter.com/anss_guinee/status/1450381851907006468,2039569,1371867,667702,
Guinea,2021-10-21,Sputnik V,https://twitter.com/anss_guinee/status/1451506886877061128,2124390,1432839,691551,
Guinea,2021-10-24,Sputnik V,https://twitter.com/anss_guinee/status/1452555056759377921,2169910,1461969,707941,
Guinea,2021-10-26,Sputnik V,https://twitter.com/anss_guinee/status/1453268230508789761,2182387,1470359,712028,
Guinea,2021-10-27,Sputnik V,https://twitter.com/anss_guinee/status/1453634810778370049,2207165,1490800,716365,
Guinea,2021-10-31,Sputnik V,https://twitter.com/anss_guinee/status/1455084346000519176,2247181,1513854,733327,
Guinea,2021-11-01,Sputnik V,https://twitter.com/anss_guinee/status/1455581478520246281,2263315,1520118,743197,
Guinea,2021-11-03,Sputnik V,https://twitter.com/anss_guinee/status/1455917378911539206,2276474,1529984,746490,
Guinea,2021-11-07,Sputnik V,https://twitter.com/anss_guinee/status/1457609401527906308,2349538,1578200,771338,
Guinea,2021-11-10,Sputnik V,https://twitter.com/anss_guinee/status/1458701221368406020,2364291,1588076,776215,
Guinea,2021-11-21,Sputnik V,https://twitter.com/anss_guinee/status/1462685903168622595,2433952,1643080,790872,
Guinea,2021-11-23,Sputnik V,https://twitter.com/anss_guinee/status/1463445617217351681,2442628,1648612,794016,
Guinea,2021-11-24,Sputnik V,https://twitter.com/anss_guinee/status/1463775146662109186,2443497,1649208,794289,
Guinea,2021-11-25,Sputnik V,https://twitter.com/anss_guinee/status/1464183786283974672,2453406,1655099,798307,
Guinea,2021-11-26,Sputnik V,https://twitter.com/anss_guinee/status/1464545397670662145,2457214,1657206,800008,
Guinea,2021-11-28,Sputnik V,https://twitter.com/anss_guinee/status/1465223474570485767,2459403,1658464,800939,
Guinea,2021-12-04,Sputnik V,https://twitter.com/anss_guinee/status/1467816527344852997,2493842,1680365,813477,
Guinea,2021-12-11,Sputnik V,https://twitter.com/anss_guinee/status/1470334231436046337,2502912,1685746,817166,
Guinea,2021-12-12,Sputnik V,https://twitter.com/anss_guinee/status/1470696193105743872,2505531,1687180,818351,
Guinea,2021-12-20,Sputnik V,https://twitter.com/anss_guinee/status/1473564171539304448,2556716,1721847,834869,
Guinea,2021-12-21,Sputnik V,https://twitter.com/anss_guinee/status/1473944959380340745,2578824,1739338,839486,
Guinea,2021-12-23,Sputnik V,https://twitter.com/anss_guinee/status/1474406254772736002,2667587,1804137,863450,
Guinea,2021-12-24,Sputnik V,https://twitter.com/anss_guinee/status/1475094878543560708,2705776,1834017,871759,
Guinea,2021-12-25,Sputnik V,https://twitter.com/anss_guinee/status/1475381383325487106,2736315,1857334,878981,
Guinea,2021-12-26,Sputnik V,https://twitter.com/anss_guinee/status/1475742017246400518,2770451,1885324,885127,
Guinea,2021-12-28,Sputnik V,https://twitter.com/anss_guinee/status/1476500896284655619,2853218,1950882,902336,
Guinea,2021-12-29,Sputnik V,https://twitter.com/anss_guinee/status/1476816180467884041,2894904,1983124,911780,
Guinea,2021-12-30,Sputnik V,https://twitter.com/anss_guinee/status/1477226200250654723,2929738,2010621,919117,
Guinea,2021-12-31,Sputnik V,https://twitter.com/anss_guinee/status/1477652368246423554,2952253,2026767,925486,
Guinea,2022-01-01,Sputnik V,https://twitter.com/anss_guinee/status/1477920996736839681,3251193,2321403,1224426,
Guinea,2022-01-02,Sputnik V,https://twitter.com/anss_guinee/status/1478280977503952899,3264234,2334444,1224426,
Guinea,2022-01-03,Sputnik V,https://twitter.com/anss_guinee/status/1478738739421753344,3334991,2394123,1258312,
Guinea,2022-01-04,Sputnik V,https://twitter.com/anss_guinee/status/1479039843753734148,3373211,2426081,1274859,
Guinea,2022-01-05,Sputnik V,https://twitter.com/anss_guinee/status/1479385643612581894,3409297,2460078,1287256,
Guinea,2022-01-07,Sputnik V,https://twitter.com/anss_guinee/status/1480100009672687620,3419035,2467717,1290932,
Guinea,2022-01-10,Sputnik V,https://twitter.com/anss_guinee/status/1481296199235821569,3421103,2469334,1292902,
Guinea,2022-01-11,Sputnik V,https://twitter.com/anss_guinee/status/1481594505866452992,3421681,2469757,1293373,
Guinea,2022-01-15,Sputnik V,https://twitter.com/anss_guinee/status/1483031154395656194,3426685,2473949,1296243,
Guinea,2022-01-17,Sputnik V,https://twitter.com/anss_guinee/status/1483742534593613827,4491762,3277949,1859778,
Guinea,2022-01-20,Sputnik V,https://twitter.com/anss_guinee/status/1484872142835621888,4599503,3382832,1863568,
Guinea,2022-01-22,Sputnik V,https://twitter.com/anss_guinee/status/1485531968825667584,4633813,,1865481,
Guinea,2022-01-23,Sputnik V,https://twitter.com/anss_guinee/status/1485888562562322432,4654781,,1865839,
Guinea,2022-01-24,Sputnik V,https://twitter.com/anss_guinee/status/1486245469865054208,4673214,,1867426,
Guinea,2022-01-31,Sputnik V,https://twitter.com/anss_guinee/status/1488839124622749699,4749322,,1874073,
Guinea,2022-02-01,Sputnik V,https://twitter.com/anss_guinee/status/1489166614591381511,4757851,,1875202,
Guinea,2022-02-05,Sputnik V,https://twitter.com/anss_guinee/status/1490651631641411590,4757978,,1875323,
Guinea,2022-02-09,Sputnik V,https://twitter.com/anss_guinee/status/1491732853067030533,4758320,,1875614,
Guinea,2022-02-10,Sputnik V,https://twitter.com/anss_guinee/status/1492068495399567367,4758842,,1875830,
Guinea,2022-02-20,Sputnik V,https://twitter.com/anss_guinee/status/1498257089910779905,4964952,,,
Guinea,2022-02-27,Sputnik V,https://twitter.com/anss_guinee/status/1500763503619104769,5497389,,,
Guinea,2022-03-13,"Johnson&Johnson, Oxford/AstraZeneca, Pfizer/BioNTech, Sinopharm/Beijing, Sinovac, Sputnik V",https://covid19.who.int/,5835471,3396038,2439433,
Guinea,2022-03-16,"Johnson&Johnson, Oxford/AstraZeneca, Pfizer/BioNTech, Sinopharm/Beijing, Sinovac, Sputnik V",https://covid19.who.int/,5894935,3427088,2467847,
Guinea,2022-03-21,"Johnson&Johnson, Oxford/AstraZeneca, Pfizer/BioNTech, Sinopharm/Beijing, Sinovac, Sputnik V",https://covid19.who.int/,5952680,3472605,2480075,
Guinea,2022-04-26,"Johnson&Johnson, Oxford/AstraZeneca, Pfizer/BioNTech, Sinopharm/Beijing, Sinovac, Sputnik V",https://covid19.who.int/,6111743,4464014,2508809,
Guinea,2022-05-01,"Johnson&Johnson, Oxford/AstraZeneca, Pfizer/BioNTech, Sinopharm/Beijing, Sinovac, Sputnik V",https://covid19.who.int/,6111743,4477033,2510700,
Guinea,2022-05-22,"Johnson&Johnson, Oxford/AstraZeneca, Pfizer/BioNTech, Sinopharm/Beijing, Sinovac, Sputnik V",https://covid19.who.int/,6127699,4477740,2511039,
Guinea,2022-05-29,"Johnson&Johnson, Oxford/AstraZeneca, Pfizer/BioNTech, Sinopharm/Beijing, Sinovac, Sputnik V",https://covid19.who.int/,6127699,,,
Guinea,2022-06-19,"Johnson&Johnson, Oxford/AstraZeneca, Pfizer/BioNTech, Sinopharm/Beijing, Sinovac, Sputnik V",https://covid19.who.int/,,4537091,,0
Guinea,2022-06-26,"Johnson&Johnson, Oxford/AstraZeneca, Pfizer/BioNTech, Sinopharm/Beijing, Sinovac, Sputnik V",https://covid19.who.int/,,4550563,,273
Guinea,2022-07-10,"Johnson&Johnson, Oxford/AstraZeneca, Pfizer/BioNTech, Sinopharm/Beijing, Sinovac, Sputnik V",https://covid19.who.int/,,4553823,,1458
Guinea,2022-07-17,"Johnson&Johnson, Oxford/AstraZeneca, Pfizer/BioNTech, Sinopharm/Beijing, Sinovac, Sputnik V",https://covid19.who.int/,6299160,,,1501
Guinea,2022-08-07,"Johnson&Johnson, Oxford/AstraZeneca, Pfizer/BioNTech, Sinopharm/Beijing, Sinovac, Sputnik V",https://covid19.who.int/,6434120,,,31706
Guinea,2022-08-14,"Johnson&Johnson, Oxford/AstraZeneca, Pfizer/BioNTech, Sinopharm/Beijing, Sinovac, Sputnik V",https://covid19.who.int/,6512492,4564101,2568109,52099
Guinea,2022-08-21,"Johnson&Johnson, Oxford/AstraZeneca, Pfizer/BioNTech, Sinopharm/Beijing, Sinovac, Sputnik V",https://covid19.who.int/,6603336,4606510,2592423,76220
Guinea,2022-08-28,"Johnson&Johnson, Oxford/AstraZeneca, Pfizer/BioNTech, Sinopharm/Beijing, Sinovac, Sputnik V",https://covid19.who.int/,6668256,4637521,2611794,92647
Guinea,2022-09-04,"Johnson&Johnson, Oxford/AstraZeneca, Pfizer/BioNTech, Sinopharm/Beijing, Sinovac, Sputnik V",https://covid19.who.int/,7423194,5118927,2873584,168273
Guinea,2022-09-11,"Johnson&Johnson, Oxford/AstraZeneca, Pfizer/BioNTech, Sinopharm/Beijing, Sinovac, Sputnik V",https://covid19.who.int/,7467372,5133072,2890788,181954
Guinea,2022-09-18,"Johnson&Johnson, Oxford/AstraZeneca, Pfizer/BioNTech, Sinopharm/Beijing, Sinovac, Sputnik V",https://covid19.who.int/,7472471,5137173,2894177,
Guinea,2022-10-02,"Johnson&Johnson, Oxford/AstraZeneca, Pfizer/BioNTech, Sinopharm/Beijing, Sinovac, Sputnik V",https://covid19.who.int/,7597562,5194582,2967223,193723
Guinea,2022-10-16,"Johnson&Johnson, Oxford/AstraZeneca, Pfizer/BioNTech, Sinopharm/Beijing, Sinovac, Sputnik V",https://covid19.who.int/,7619937,5206666,2980111,198096
Guinea,2022-10-23,"Johnson&Johnson, Oxford/AstraZeneca, Pfizer/BioNTech, Sinopharm/Beijing, Sinovac, Sputnik V",https://covid19.who.int/,7626551,5209518,2983614,199848
Guinea,2022-11-06,"Johnson&Johnson, Oxford/AstraZeneca, Pfizer/BioNTech, Sinopharm/Beijing, Sinovac, Sputnik V",https://covid19.who.int/,8349923,5809781,3176770,208537
Guinea,2022-12-04,"Johnson&Johnson, Oxford/AstraZeneca, Pfizer/BioNTech, Sinopharm/Beijing, Sinovac, Sputnik V",https://covid19.who.int/,8749048,6087292,3293736,223977
Guinea,2023-02-12,"Johnson&Johnson, Oxford/AstraZeneca, Pfizer/BioNTech, Sinopharm/Beijing, Sinovac, Sputnik V",https://covid19.who.int/,9857575,7049704,4302570,277841
Guinea,2023-02-26,"Johnson&Johnson, Oxford/AstraZeneca, Pfizer/BioNTech, Sinopharm/Beijing, Sinovac, Sputnik V",https://covid19.who.int/,10624849,7661653,4708784,301143
Guinea,2023-03-12,"Johnson&Johnson, Oxford/AstraZeneca, Pfizer/BioNTech, Sinopharm/Beijing, Sinovac, Sputnik V",https://covid19.who.int/,10640800,7675746,4722815,302265
Guinea,2023-03-19,"Johnson&Johnson, Oxford/AstraZeneca, Pfizer/BioNTech, Sinopharm/Beijing, Sinovac, Sputnik V",https://covid19.who.int/,10642438,7677166,4724235,302483
Guinea,2023-04-02,"Johnson&Johnson, Oxford/AstraZeneca, Pfizer/BioNTech, Sinopharm/Beijing, Sinovac, Sputnik V",https://covid19.who.int/,10645240,7679918,4725982,302545
Guinea,2023-09-24,"Johnson&Johnson, Oxford/AstraZeneca, Pfizer/BioNTech, Sinopharm/Beijing, Sinovac, Sputnik V",https://covid19.who.int/,12049511,8715641,5853990,425378
