location,date,vaccine,source_url,total_vaccinations,people_vaccinated,people_fully_vaccinated,total_boosters
Kosovo,2021-03-28,Oxford/AstraZeneca,https://www.facebook.com/Ministria.Shendetesise.RKS/posts/1953205024837075,0,0,0,
Kosovo,2021-04-03,Oxford/AstraZeneca,https://www.facebook.com/Ministria.Shendetesise.RKS/posts/1957354867755424,700,700,0,
Kosovo,2021-04-04,Oxford/AstraZeneca,https://www.facebook.com/Ministria.Shendetesise.RKS/posts/1957948864362691,2500,2500,0,
Kosovo,2021-04-14,Oxford/AstraZeneca,https://www.facebook.com/Ministria.Shendetesise.RKS/photos/a.597758140381777/1965538380270406,10704,10704,0,
Kosovo,2021-04-18,Oxford/AstraZeneca,https://www.facebook.com/Ministria.Shendetesise.RKS/photos/a.597758140381777/1965538380270406,16132,16132,0,
Kosovo,2021-04-23,Oxford/AstraZeneca,https://www.facebook.com/Ministria.Shendetesise.RKS/posts/1973327486158162,22096,22096,0,
Kosovo,2021-05-17,Oxford/AstraZeneca,https://www.facebook.com/Ministria.Shendetesise.RKS/posts/1993116074179303,46097,46097,0,
Kosovo,2021-05-20,Oxford/AstraZeneca,https://www.facebook.com/Ministria.Shendetesise.RKS/posts/1995742160583361,55237,55237,0,
Kosovo,2021-06-02,"Oxford/AstraZeneca, Pfizer/BioNTech",https://www.facebook.com/Ministria.Shendetesise.RKS/posts/2005243602966550,69686,69686,0,
Kosovo,2021-06-06,"Oxford/AstraZeneca, Pfizer/BioNTech",https://www.facebook.com/Ministria.Shendetesise.RKS/posts/2008463175977926,80126,80126,0,
Kosovo,2021-06-13,"Oxford/AstraZeneca, Pfizer/BioNTech",https://www.facebook.com/Ministria.Shendetesise.RKS/posts/2014407442050166,98277,98277,0,
Kosovo,2021-06-20,"Oxford/AstraZeneca, Pfizer/BioNTech",https://www.facebook.com/Ministria.Shendetesise.RKS/posts/2019880388169538,133868,116057,17811,
Kosovo,2021-06-30,"Oxford/AstraZeneca, Pfizer/BioNTech",https://www.facebook.com/Ministria.Shendetesise.RKS/posts/2028167994007444,179029,137456,41573,
Kosovo,2021-07-08,"Oxford/AstraZeneca, Pfizer/BioNTech",https://www.facebook.com/Ministria.Shendetesise.RKS/photos/a.597758140381777/2034553783368865/,243428,182669,60759,
Kosovo,2021-07-09,"Oxford/AstraZeneca, Pfizer/BioNTech",https://www.facebook.com/Ministria.Shendetesise.RKS/posts/2035366169954293,250658,187357,63301,
Kosovo,2021-07-10,"Oxford/AstraZeneca, Pfizer/BioNTech",https://www.facebook.com/Ministria.Shendetesise.RKS/posts/2036163483207895,252938,189409,63529,
Kosovo,2021-07-11,"Oxford/AstraZeneca, Pfizer/BioNTech",https://www.facebook.com/Ministria.Shendetesise.RKS/posts/2036966566460920,253858,189582,64276,
Kosovo,2021-07-12,"Oxford/AstraZeneca, Pfizer/BioNTech",https://www.facebook.com/Ministria.Shendetesise.RKS/posts/2037747269716183,260955,193377,67578,
Kosovo,2021-07-13,"Oxford/AstraZeneca, Pfizer/BioNTech",https://www.facebook.com/Ministria.Shendetesise.RKS/posts/2038532232971020,270641,198165,72476,
Kosovo,2021-07-14,"Oxford/AstraZeneca, Pfizer/BioNTech",https://www.facebook.com/Ministria.Shendetesise.RKS/posts/2039383252885918,282180,203882,78298,
Kosovo,2021-07-15,"Oxford/AstraZeneca, Pfizer/BioNTech",https://www.facebook.com/Ministria.Shendetesise.RKS/posts/2040170639473846,293693,215395,78298,
Kosovo,2021-07-16,"Oxford/AstraZeneca, Pfizer/BioNTech",https://www.facebook.com/Ministria.Shendetesise.RKS/posts/2040958416061735,305991,217030,88961,
Kosovo,2021-07-17,"Oxford/AstraZeneca, Pfizer/BioNTech",https://www.facebook.com/Ministria.Shendetesise.RKS/posts/2041702289320681,310415,220250,90165,
Kosovo,2021-07-20,"Oxford/AstraZeneca, Pfizer/BioNTech",https://www.facebook.com/Ministria.Shendetesise.RKS/posts/2044183165739260,324107,230556,93551,
Kosovo,2021-07-22,"Oxford/AstraZeneca, Pfizer/BioNTech",https://www.facebook.com/Ministria.Shendetesise.RKS/posts/2045803402243903,333705,234328,99377,
Kosovo,2021-07-23,"Oxford/AstraZeneca, Pfizer/BioNTech",https://www.facebook.com/Ministria.Shendetesise.RKS/posts/2046678302156413,343333,241123,102210,
Kosovo,2021-07-26,"Oxford/AstraZeneca, Pfizer/BioNTech",https://www.facebook.com/Ministria.Shendetesise.RKS/posts/2048926181931625,357980,248747,109233,
Kosovo,2021-07-27,"Oxford/AstraZeneca, Pfizer/BioNTech",https://www.facebook.com/Ministria.Shendetesise.RKS/posts/2049636568527253,374190,256808,117382,
Kosovo,2021-07-28,"Oxford/AstraZeneca, Pfizer/BioNTech",https://www.facebook.com/Ministria.Shendetesise.RKS/posts/2050500601774183,388073,263847,124226,
Kosovo,2021-07-29,"Oxford/AstraZeneca, Pfizer/BioNTech",https://www.facebook.com/Ministria.Shendetesise.RKS/posts/2051196061704637,400217,269706,130511,
Kosovo,2021-07-30,"Oxford/AstraZeneca, Pfizer/BioNTech",https://www.facebook.com/Ministria.Shendetesise.RKS/posts/2052061221618121,413078,275633,137445,
Kosovo,2021-07-31,"Oxford/AstraZeneca, Pfizer/BioNTech",https://www.facebook.com/Ministria.Shendetesise.RKS/posts/2052822858208624,428818,282603,146215,
Kosovo,2021-08-03,"Oxford/AstraZeneca, Pfizer/BioNTech",https://www.facebook.com/Ministria.Shendetesise.RKS/posts/2055257401298503,445650,289743,155907,
Kosovo,2021-08-04,"Oxford/AstraZeneca, Pfizer/BioNTech",https://www.facebook.com/Ministria.Shendetesise.RKS/posts/2056046401219603,460297,297490,162807,
Kosovo,2021-08-05,"Oxford/AstraZeneca, Pfizer/BioNTech",https://www.facebook.com/Ministria.Shendetesise.RKS/posts/2056826841141559,469857,305567,164290,
Kosovo,2021-08-06,"Oxford/AstraZeneca, Pfizer/BioNTech",https://www.facebook.com/Ministria.Shendetesise.RKS/posts/2057674097723500,478084,312894,165190,
Kosovo,2021-08-07,"Oxford/AstraZeneca, Pfizer/BioNTech",https://www.facebook.com/Ministria.Shendetesise.RKS/posts/2058444507646459,487685,321537,166148,
Kosovo,2021-08-10,"Oxford/AstraZeneca, Pfizer/BioNTech",https://www.facebook.com/Ministria.Shendetesise.RKS/posts/2060850007405909,504817,333965,170852,
Kosovo,2021-08-11,"Oxford/AstraZeneca, Pfizer/BioNTech",https://www.facebook.com/Ministria.Shendetesise.RKS/posts/2061579377332972,521737,346746,174991,
Kosovo,2021-08-14,"Oxford/AstraZeneca, Pfizer/BioNTech",https://www.facebook.com/Ministria.Shendetesise.RKS/posts/2064035157087394,559007,356360,202647,
Kosovo,2021-08-17,"Oxford/AstraZeneca, Pfizer/BioNTech",https://www.facebook.com/Ministria.Shendetesise.RKS/posts/2066314310192812,601701,388422,213279,
Kosovo,2021-08-18,"Oxford/AstraZeneca, Pfizer/BioNTech",https://www.facebook.com/Ministria.Shendetesise.RKS/posts/2067084980115745,622068,406739,215329,
Kosovo,2021-08-19,"Oxford/AstraZeneca, Pfizer/BioNTech",https://www.facebook.com/Ministria.Shendetesise.RKS/posts/2067929060031337,644212,423186,221026,
Kosovo,2021-08-20,"Oxford/AstraZeneca, Pfizer/BioNTech",https://www.facebook.com/Ministria.Shendetesise.RKS/posts/2068671126623797,666476,438895,227581,
Kosovo,2021-08-21,"Oxford/AstraZeneca, Pfizer/BioNTech",https://www.facebook.com/Ministria.Shendetesise.RKS/posts/2069542049870038,687553,447676,234731,
Kosovo,2021-08-22,"Oxford/AstraZeneca, Pfizer/BioNTech",https://www.facebook.com/Ministria.Shendetesise.RKS/posts/2070234289800814,707793,471388,236405,
Kosovo,2021-08-24,"Oxford/AstraZeneca, Pfizer/BioNTech",https://www.facebook.com/Ministria.Shendetesise.RKS/posts/2071707279653515,729554,485319,244235,
Kosovo,2021-08-25,"Oxford/AstraZeneca, Pfizer/BioNTech",https://www.facebook.com/Ministria.Shendetesise.RKS/posts/2072534879570755,747898,497272,250626,
Kosovo,2021-08-26,"Oxford/AstraZeneca, Pfizer/BioNTech",https://www.facebook.com/Ministria.Shendetesise.RKS/posts/2073350366155873,764775,508540,256235,
Kosovo,2021-08-27,"Oxford/AstraZeneca, Pfizer/BioNTech",https://www.facebook.com/Ministria.Shendetesise.RKS/posts/2074127086078201,780637,518819,261818,
Kosovo,2021-08-28,"Oxford/AstraZeneca, Pfizer/BioNTech",https://www.facebook.com/Ministria.Shendetesise.RKS/posts/2074881372669439,794812,528625,267979,
Kosovo,2021-08-29,"Oxford/AstraZeneca, Pfizer/BioNTech",https://www.facebook.com/Ministria.Shendetesise.RKS/posts/2075696442587932,808078,538766,269312,
Kosovo,2021-08-31,"Oxford/AstraZeneca, Pfizer/BioNTech",https://www.facebook.com/Ministria.Shendetesise.RKS/posts/2077243272433249,825745,548855,276890,
Kosovo,2021-09-01,"Oxford/AstraZeneca, Pfizer/BioNTech",https://www.facebook.com/Ministria.Shendetesise.RKS/posts/2078035039020739,841591,557322,284296,
Kosovo,2021-09-02,"Oxford/AstraZeneca, Pfizer/BioNTech",https://www.facebook.com/Ministria.Shendetesise.RKS/posts/2078817982275778,862224,570579,291648,
Kosovo,2021-09-03,"Oxford/AstraZeneca, Pfizer/BioNTech",https://www.facebook.com/Ministria.Shendetesise.RKS/posts/2079831435507766,882718,584273,298445,
Kosovo,2021-09-04,"Oxford/AstraZeneca, Pfizer/BioNTech",https://www.facebook.com/Ministria.Shendetesise.RKS/posts/2080628562094720,901013,596777,306287,
Kosovo,2021-09-05,"Oxford/AstraZeneca, Pfizer/BioNTech",https://www.facebook.com/Ministria.Shendetesise.RKS/posts/2081394908684752,922623,615156,307467,
Kosovo,2021-09-07,"Oxford/AstraZeneca, Pfizer/BioNTech",https://www.facebook.com/Ministria.Shendetesise.RKS/posts/2083001521857424,938504,620405,318099,
Kosovo,2021-09-08,"Oxford/AstraZeneca, Pfizer/BioNTech",https://www.facebook.com/Ministria.Shendetesise.RKS/posts/2083774838446759,955811,626565,329246,
Kosovo,2021-09-09,"Oxford/AstraZeneca, Pfizer/BioNTech",https://www.facebook.com/Ministria.Shendetesise.RKS/posts/2084597441697832,975279,637132,338147,
Kosovo,2021-09-10,"Oxford/AstraZeneca, Pfizer/BioNTech",https://www.facebook.com/Ministria.Shendetesise.RKS/photos/a.597758140381777/2085446324946277,995930,648586,347344,
Kosovo,2021-09-11,"Oxford/AstraZeneca, Pfizer/BioNTech",https://www.facebook.com/Ministria.Shendetesise.RKS/photos/a.979871758837078/2086236694867240/,1015733,660100,355633,
Kosovo,2021-09-12,"Oxford/AstraZeneca, Pfizer/BioNTech",https://www.facebook.com/Ministria.Shendetesise.RKS/photos/a.597758140381777/2087035304787379,1033952,676755,357197,
Kosovo,2021-09-13,"Oxford/AstraZeneca, Pfizer/BioNTech",https://www.facebook.com/Ministria.Shendetesise.RKS/posts/2087771114713798,1046799,688491,358308,
Kosovo,2021-09-14,"Oxford/AstraZeneca, Pfizer/BioNTech",https://www.facebook.com/Ministria.Shendetesise.RKS/posts/2088551207969122,1066947,697914,369033,
Kosovo,2021-09-15,"Oxford/AstraZeneca, Pfizer/BioNTech",https://www.facebook.com/Ministria.Shendetesise.RKS/posts/2089274487896794,1089615,704318,385297,
Kosovo,2021-09-16,"Oxford/AstraZeneca, Pfizer/BioNTech",https://facebook.com/story.php?story_fbid=2090172824473627&id=597689407055317,1110286,710945,399341,
Kosovo,2021-09-17,"Oxford/AstraZeneca, Pfizer/BioNTech",https://facebook.com/story.php?story_fbid=2090916941065882&id=597689407055317,1129250,716727,412523,
Kosovo,2021-09-18,"Oxford/AstraZeneca, Pfizer/BioNTech",https://facebook.com/story.php?story_fbid=2091654707658772&id=597689407055317,1147803,722252,425551,
Kosovo,2021-09-19,"Oxford/AstraZeneca, Pfizer/BioNTech",https://www.facebook.com/Ministria.Shendetesise.RKS/posts/2092434734247436,1167006,727283,439723,
Kosovo,2021-09-20,"Oxford/AstraZeneca, Pfizer/BioNTech",https://www.facebook.com/Ministria.Shendetesise.RKS/photos/a.597758140381777/2093176114173298/,1176154,734532,441622,
Kosovo,2021-09-21,"Oxford/AstraZeneca, Pfizer/BioNTech",https://www.facebook.com/Ministria.Shendetesise.RKS/photos/a.597758140381777/2094015107422732/,1193786,740026,453760,
Kosovo,2021-09-22,"Oxford/AstraZeneca, Pfizer/BioNTech",https://www.facebook.com/Ministria.Shendetesise.RKS/posts/2094823944008515,1210128,745573,464555,
Kosovo,2021-09-23,"Oxford/AstraZeneca, Pfizer/BioNTech",https://www.facebook.com/Ministria.Shendetesise.RKS/photos/a.597758140381777/2095640540593522/,1226063,751280,474783,
Kosovo,2021-09-24,"Oxford/AstraZeneca, Pfizer/BioNTech",https://www.facebook.com/Ministria.Shendetesise.RKS/posts/2096414813849428,1241949,757649,484300,
Kosovo,2021-09-25,"Oxford/AstraZeneca, Pfizer/BioNTech",https://www.facebook.com/Ministria.Shendetesise.RKS/photos/a.597758140381777/2097222467101996/,1257671,763877,493794,
Kosovo,2021-09-26,"Oxford/AstraZeneca, Pfizer/BioNTech",https://www.facebook.com/Ministria.Shendetesise.RKS/photos/a.597758140381777/2098070120350564/,1274156,770658,503498,
Kosovo,2021-09-27,"Oxford/AstraZeneca, Pfizer/BioNTech",https://www.facebook.com/Ministria.Shendetesise.RKS/posts/2098903373600572,1283840,778650,505188,
Kosovo,2021-09-28,"Oxford/AstraZeneca, Pfizer/BioNTech",https://www.facebook.com/Ministria.Shendetesise.RKS/photos/a.597758140381777/2099668060190770,1299482,785938,513544,
Kosovo,2021-09-29,"Oxford/AstraZeneca, Pfizer/BioNTech",https://www.facebook.com/Ministria.Shendetesise.RKS/photos/a.597758140381777/2100465083444401/,1312912,792730,520182,
Kosovo,2021-09-30,"Oxford/AstraZeneca, Pfizer/BioNTech",https://www.facebook.com/Ministria.Shendetesise.RKS/photos/a.597758140381777/2101203860037190,1328825,797866,530959,
Kosovo,2021-10-01,"Oxford/AstraZeneca, Pfizer/BioNTech",https://www.facebook.com/Ministria.Shendetesise.RKS/photos/a.597758140381777/2102050029952573/,1343656,802225,541431,
Kosovo,2021-10-02,"Oxford/AstraZeneca, Pfizer/BioNTech",https://www.facebook.com/Ministria.Shendetesise.RKS/posts/2102828386541404,1357810,806209,551601,
Kosovo,2021-10-03,"Oxford/AstraZeneca, Pfizer/BioNTech",https://www.facebook.com/Ministria.Shendetesise.RKS/posts/2103725423118367,1375295,809496,565799,
Kosovo,2021-10-04,"Oxford/AstraZeneca, Pfizer/BioNTech",https://www.facebook.com/Ministria.Shendetesise.RKS/posts/2104443666379876,1379793,812513,567280,
Kosovo,2021-10-05,"Oxford/AstraZeneca, Pfizer/BioNTech",https://www.facebook.com/Ministria.Shendetesise.RKS/posts/2104984459659130,1388583,815271,573312,
Kosovo,2021-10-06,"Oxford/AstraZeneca, Pfizer/BioNTech",https://www.facebook.com/Ministria.Shendetesise.RKS/posts/2105848529572723,1397224,817602,579622,
Kosovo,2021-10-07,"Oxford/AstraZeneca, Pfizer/BioNTech",https://www.facebook.com/Ministria.Shendetesise.RKS/photos/a.597758140381777/2106715582819351/,1407966,819485,588481,
Kosovo,2021-10-08,"Oxford/AstraZeneca, Pfizer/BioNTech",https://www.facebook.com/Ministria.Shendetesise.RKS/photos/a.597758140381777/2107506476073595/,1419979,821428,598551,
Kosovo,2021-10-09,"Oxford/AstraZeneca, Pfizer/BioNTech",https://www.facebook.com/Ministria.Shendetesise.RKS/posts/2108392169318359,1432135,823196,608939,
Kosovo,2021-10-10,"Oxford/AstraZeneca, Pfizer/BioNTech",https://www.facebook.com/Ministria.Shendetesise.RKS/photos/a.597758140381777/2109282959229280/,1447040,823857,623183,
Kosovo,2021-10-11,"Oxford/AstraZeneca, Pfizer/BioNTech",https://www.facebook.com/Ministria.Shendetesise.RKS/photos/a.597758140381777/2110158462475063/,1456845,824278,632567,
Kosovo,2021-10-12,"Oxford/AstraZeneca, Pfizer/BioNTech",https://www.facebook.com/Ministria.Shendetesise.RKS/photos/a.597758140381777/2110995982391311/,1468152,826380,641772,
Kosovo,2021-10-13,"Oxford/AstraZeneca, Pfizer/BioNTech",https://www.facebook.com/Ministria.Shendetesise.RKS/posts/2111793972311512,1476104,827886,648218,
Kosovo,2021-10-14,"Oxford/AstraZeneca, Pfizer/BioNTech",https://www.facebook.com/Ministria.Shendetesise.RKS/photos/a.597758140381777/2112679072223002/,1483260,828935,654325,
Kosovo,2021-10-15,"Oxford/AstraZeneca, Pfizer/BioNTech",https://www.facebook.com/Ministria.Shendetesise.RKS/photos/a.597758140381777/2113542232136686/,1489678,830085,659593,
Kosovo,2021-10-16,"Oxford/AstraZeneca, Pfizer/BioNTech",https://www.facebook.com/Ministria.Shendetesise.RKS/photos/a.597758140381777/2114376612053248/,1497408,831143,666265,
Kosovo,2021-10-19,"Oxford/AstraZeneca, Pfizer/BioNTech",https://www.facebook.com/Ministria.Shendetesise.RKS/photos/a.597758140381777/2116752808482295/,1507657,832075,675582,
Kosovo,2021-10-20,"Oxford/AstraZeneca, Pfizer/BioNTech",https://www.facebook.com/Ministria.Shendetesise.RKS/photos/a.597758140381777/2117507741740135/,1514370,832920,681450,
Kosovo,2021-10-21,"Oxford/AstraZeneca, Pfizer/BioNTech",https://www.facebook.com/Ministria.Shendetesise.RKS/posts/2118297901661119,1519933,833695,686238,
Kosovo,2021-10-22,"Oxford/AstraZeneca, Pfizer/BioNTech",https://www.facebook.com/Ministria.Shendetesise.RKS/posts/2119080141582895,1525230,834226,691004,
Kosovo,2021-10-23,"Oxford/AstraZeneca, Pfizer/BioNTech",https://www.facebook.com/Ministria.Shendetesise.RKS/posts/2119944191496490,1532585,834857,697728,
Kosovo,2021-10-26,"Oxford/AstraZeneca, Pfizer/BioNTech",https://www.facebook.com/Ministria.Shendetesise.RKS/photos/a.597758140381777/2122187007938875/,1542975,835679,707296,
Kosovo,2021-10-27,"Oxford/AstraZeneca, Pfizer/BioNTech",https://www.facebook.com/Ministria.Shendetesise.RKS/photos/a.597758140381777/2123213894502853/,1549215,836422,712793,
Kosovo,2021-10-28,"Oxford/AstraZeneca, Pfizer/BioNTech",https://www.facebook.com/Ministria.Shendetesise.RKS/photos/a.597758140381777/2124174317740144/,1553816,836961,716855,
Kosovo,2021-10-29,"Oxford/AstraZeneca, Pfizer/BioNTech",https://www.facebook.com/Ministria.Shendetesise.RKS/photos/a.597758140381777/2125028810988028/,1558528,838150,720378,
Kosovo,2021-10-30,"Oxford/AstraZeneca, Pfizer/BioNTech",https://www.facebook.com/Ministria.Shendetesise.RKS/photos/a.597758140381777/2125989444225298/,1566251,,724969,
Kosovo,2021-11-02,"Oxford/AstraZeneca, Pfizer/BioNTech",https://www.facebook.com/Ministria.Shendetesise.RKS/photos/a.597758140381777/2128121204012122/,1568983,,730037,
Kosovo,2021-11-03,"Oxford/AstraZeneca, Pfizer/BioNTech",https://www.facebook.com/Ministria.Shendetesise.RKS/photos/a.597758140381777/2129071477250428/,1572626,839518,733108,
Kosovo,2021-11-04,"Oxford/AstraZeneca, Pfizer/BioNTech",https://www.facebook.com/Ministria.Shendetesise.RKS/posts/2129892850501624,1575375,840018,735357,
Kosovo,2021-11-05,"Oxford/AstraZeneca, Pfizer/BioNTech",https://www.facebook.com/Ministria.Shendetesise.RKS/posts/2130733093750933,1578022,840547,737475,
Kosovo,2021-11-06,"Oxford/AstraZeneca, Pfizer/BioNTech",https://www.facebook.com/Ministria.Shendetesise.RKS/posts/2131531513671091,1581266,841269,739997,
Kosovo,2021-11-09,"Oxford/AstraZeneca, Pfizer/BioNTech",https://www.facebook.com/Ministria.Shendetesise.RKS/photos/a.597758140381777/2133881033436139/,1585044,842214,742830,
Kosovo,2021-11-10,"Oxford/AstraZeneca, Pfizer/BioNTech",https://www.facebook.com/Ministria.Shendetesise.RKS/posts/2134713600019549,1587467,842796,744671,
Kosovo,2021-11-11,"Oxford/AstraZeneca, Pfizer/BioNTech",https://www.facebook.com/Ministria.Shendetesise.RKS/photos/a.597758140381777/2135488656608710/,1589739,843507,746232,
Kosovo,2021-11-12,"Oxford/AstraZeneca, Pfizer/BioNTech",https://www.facebook.com/Ministria.Shendetesise.RKS/photos/a.597758140381777/2136350943189148/,1591886,844163,747723,
Kosovo,2021-11-13,"Oxford/AstraZeneca, Pfizer/BioNTech",https://www.facebook.com/Ministria.Shendetesise.RKS/photos/a.597758140381777/2137245753099667/,1594449,845017,749432,
Kosovo,2021-11-16,"Oxford/AstraZeneca, Pfizer/BioNTech",https://www.facebook.com/Ministria.Shendetesise.RKS/photos/a.597758140381777/2139656159525293/,1597345,846214,751131,
Kosovo,2021-11-17,"Oxford/AstraZeneca, Pfizer/BioNTech",https://www.facebook.com/Ministria.Shendetesise.RKS/photos/a.597758140381777/2140530546104521/,1599372,847007,752365,
Kosovo,2021-11-18,"Oxford/AstraZeneca, Pfizer/BioNTech",https://www.facebook.com/Ministria.Shendetesise.RKS/photos/a.597758140381777/2141327889358120/,1601129,847689,753440,
Kosovo,2021-11-19,"Oxford/AstraZeneca, Pfizer/BioNTech",https://www.facebook.com/Ministria.Shendetesise.RKS/photos/a.597758140381777/2142136285943947/,1602881,848452,754429,
Kosovo,2021-11-20,"Oxford/AstraZeneca, Pfizer/BioNTech",https://www.facebook.com/Ministria.Shendetesise.RKS/photos/a.597758140381777/2142991925858383/,1604907,849253,755654,
Kosovo,2021-11-23,"Oxford/AstraZeneca, Pfizer/BioNTech",https://www.facebook.com/Ministria.Shendetesise.RKS/photos/a.597758140381777/2145161478974761/,1607518,850415,757103,
Kosovo,2021-11-24,"Oxford/AstraZeneca, Pfizer/BioNTech",https://www.facebook.com/Ministria.Shendetesise.RKS/photos/a.597758140381777/2145978202226422/,1609325,851075,758250,
Kosovo,2021-11-25,"Oxford/AstraZeneca, Pfizer/BioNTech",https://www.facebook.com/Ministria.Shendetesise.RKS/photos/a.597758140381777/2146770102147232/,1610960,851826,759134,
Kosovo,2021-11-26,"Oxford/AstraZeneca, Pfizer/BioNTech",https://www.facebook.com/Ministria.Shendetesise.RKS/photos/a.597758140381777/2147419928748916/,1612311,852410,759901,
Kosovo,2021-11-27,"Oxford/AstraZeneca, Pfizer/BioNTech",https://www.facebook.com/Ministria.Shendetesise.RKS/photos/a.597758140381777/2148233152000927/,1614212,853209,761003,
Kosovo,2021-11-30,"Oxford/AstraZeneca, Pfizer/BioNTech",https://www.facebook.com/Ministria.Shendetesise.RKS/posts/2150837738407135,1615360,853765,761595,
Kosovo,2021-12-01,"Oxford/AstraZeneca, Pfizer/BioNTech",https://www.facebook.com/Ministria.Shendetesise.RKS/photos/a.597758140381777/2151603234997252,1617512,854837,762675,
Kosovo,2021-12-02,"Oxford/AstraZeneca, Pfizer/BioNTech",https://www.facebook.com/Ministria.Shendetesise.RKS/posts/2152319348258974,1619802,856150,763652,
Kosovo,2021-12-03,"Oxford/AstraZeneca, Pfizer/BioNTech",https://www.facebook.com/Ministria.Shendetesise.RKS/posts/2153169564840619,1621804,857361,764443,
Kosovo,2021-12-04,"Oxford/AstraZeneca, Pfizer/BioNTech",https://www.facebook.com/Ministria.Shendetesise.RKS/posts/2154002294757346,1624584,858915,765669,
Kosovo,2021-12-06,"Oxford/AstraZeneca, Pfizer/BioNTech",https://www.facebook.com/Ministria.Shendetesise.RKS/posts/2155511937939715,1626061,859855,766206,
Kosovo,2021-12-07,"Oxford/AstraZeneca, Pfizer/BioNTech",https://www.facebook.com/Ministria.Shendetesise.RKS/photos/a.597758140381777/2156158014541774/,1630082,862340,767742,
Kosovo,2021-12-08,"Oxford/AstraZeneca, Pfizer/BioNTech",https://www.facebook.com/Ministria.Shendetesise.RKS/posts/2157081017782807,1633364,864550,768814,
Kosovo,2021-12-09,"Oxford/AstraZeneca, Pfizer/BioNTech",https://www.facebook.com/Ministria.Shendetesise.RKS/posts/2157879127702996,1638378,868411,769967,
Kosovo,2021-12-10,"Oxford/AstraZeneca, Pfizer/BioNTech",https://www.facebook.com/Ministria.Shendetesise.RKS/posts/2158653514292224,1640380,869439,770941,
Kosovo,2021-12-11,"Oxford/AstraZeneca, Pfizer/BioNTech",https://www.facebook.com/Ministria.Shendetesise.RKS/posts/2159590927531816,1643382,871277,772105,
Kosovo,2021-12-12,"Oxford/AstraZeneca, Pfizer/BioNTech",https://www.facebook.com/Ministria.Shendetesise.RKS/posts/2160332877457621,1644358,871970,772388,
Kosovo,2021-12-13,"Oxford/AstraZeneca, Pfizer/BioNTech",https://www.facebook.com/Ministria.Shendetesise.RKS/posts/2161106854046890,1644733,872196,772537,
Kosovo,2021-12-14,"Oxford/AstraZeneca, Pfizer/BioNTech",https://www.facebook.com/Ministria.Shendetesise.RKS/posts/2161768190647423,1647674,874041,773633,
Kosovo,2021-12-15,"Oxford/AstraZeneca, Pfizer/BioNTech",https://www.facebook.com/Ministria.Shendetesise.RKS/posts/2162587323898843,1650162,875615,774547,
Kosovo,2021-12-17,"Oxford/AstraZeneca, Pfizer/BioNTech",https://www.facebook.com/Ministria.Shendetesise.RKS/posts/2164098273747748,1651845,875947,775898,
Kosovo,2021-12-18,"Oxford/AstraZeneca, Pfizer/BioNTech",https://www.facebook.com/Ministria.Shendetesise.RKS/posts/2164876537003255,1653823,877188,776635,
Kosovo,2021-12-19,"Oxford/AstraZeneca, Pfizer/BioNTech",https://www.facebook.com/Ministria.Shendetesise.RKS/posts/2165687590255483,1654534,877714,776820,
Kosovo,2021-12-20,"Oxford/AstraZeneca, Pfizer/BioNTech",https://www.facebook.com/Ministria.Shendetesise.RKS/posts/2166340433523532,1654843,877962,776881,
Kosovo,2021-12-21,"Oxford/AstraZeneca, Pfizer/BioNTech",https://www.facebook.com/Ministria.Shendetesise.RKS/posts/2167110796779829,1656937,879207,777730,
Kosovo,2021-12-22,"Oxford/AstraZeneca, Pfizer/BioNTech",https://www.facebook.com/Ministria.Shendetesise.RKS/posts/2167967636694145,1659012,880609,778403,
Kosovo,2021-12-23,"Oxford/AstraZeneca, Pfizer/BioNTech",https://www.facebook.com/Ministria.Shendetesise.RKS/posts/2168796823277893,1661024,882012,779012,
Kosovo,2021-12-24,"Oxford/AstraZeneca, Pfizer/BioNTech",https://www.facebook.com/Ministria.Shendetesise.RKS/posts/2169582339866008,1662553,883072,779481,
Kosovo,2021-12-25,"Oxford/AstraZeneca, Pfizer/BioNTech",https://www.facebook.com/Ministria.Shendetesise.RKS/posts/2170325866458322,1663943,883919,780024,
Kosovo,2021-12-26,"Oxford/AstraZeneca, Pfizer/BioNTech",https://worldhealthorg.shinyapps.io/EURO_COVID-19_vaccine_monitor/,,,,7886
Kosovo,2021-12-27,"Oxford/AstraZeneca, Pfizer/BioNTech",https://www.facebook.com/Ministria.Shendetesise.RKS/posts/2171783532979222,1665209,,780327,
Kosovo,2021-12-28,"Oxford/AstraZeneca, Pfizer/BioNTech",https://www.facebook.com/Ministria.Shendetesise.RKS/posts/2172636116227297,1666176,,780594,
Kosovo,2021-12-29,"Oxford/AstraZeneca, Pfizer/BioNTech",https://www.facebook.com/Ministria.Shendetesise.RKS/posts/2173304719493770,1669230,,781351,
Kosovo,2021-12-30,"Oxford/AstraZeneca, Pfizer/BioNTech",https://www.facebook.com/Ministria.Shendetesise.RKS/posts/2174060146084894,1671559,,782060,
Kosovo,2021-12-31,"Oxford/AstraZeneca, Pfizer/BioNTech",https://www.facebook.com/Ministria.Shendetesise.RKS/,1673578,,782696,
Kosovo,2022-01-01,"Oxford/AstraZeneca, Pfizer/BioNTech",https://www.facebook.com/Ministria.Shendetesise.RKS/posts/2175805495910359,1674509,,783074,
Kosovo,2022-01-03,"Oxford/AstraZeneca, Pfizer/BioNTech",https://www.facebook.com/Ministria.Shendetesise.RKS/posts/2177280462429529,1674839,,783180,
Kosovo,2022-01-04,"Oxford/AstraZeneca, Pfizer/BioNTech",https://www.facebook.com/Ministria.Shendetesise.RKS/posts/2178000345690874,1677000,,784166,
Kosovo,2022-01-05,"Oxford/AstraZeneca, Pfizer/BioNTech",https://www.facebook.com/Ministria.Shendetesise.RKS/posts/2178906328933609,1679639,,785291,
Kosovo,2022-01-06,"Oxford/AstraZeneca, Pfizer/BioNTech",https://www.facebook.com/Ministria.Shendetesise.RKS/posts/2179637632193812,1683758,,786859,
Kosovo,2022-01-07,"Oxford/AstraZeneca, Pfizer/BioNTech",https://www.facebook.com/Ministria.Shendetesise.RKS/posts/2180399538784288,1687782,,788240,
Kosovo,2022-01-08,"Oxford/AstraZeneca, Pfizer/BioNTech",https://www.facebook.com/Ministria.Shendetesise.RKS/posts/2181182305372678,1690659,,789306,
Kosovo,2022-01-09,"Oxford/AstraZeneca, Pfizer/BioNTech",https://www.facebook.com/Ministria.Shendetesise.RKS/posts/2181886351968940,1692762,,789946,
Kosovo,2022-01-10,"Oxford/AstraZeneca, Pfizer/BioNTech",https://www.facebook.com/permalink.php?story_fbid=2182618265229082&id=597689407055317,1693666,884665,790175,
Kosovo,2022-01-11,"Oxford/AstraZeneca, Pfizer/BioNTech",https://www.facebook.com/Ministria.Shendetesise.RKS/posts/229078616062628,1697901,885339,791547,
Kosovo,2022-01-13,"Oxford/AstraZeneca, Pfizer/BioNTech",https://www.facebook.com/Ministria.Shendetesise.RKS/posts/230274979276325,1704633,,793574,26978
Kosovo,2022-01-14,"Oxford/AstraZeneca, Pfizer/BioNTech",https://www.facebook.com/Ministria.Shendetesise.RKS/posts/230905115879978,1708466,,794496,29330
Kosovo,2022-01-15,"Oxford/AstraZeneca, Pfizer/BioNTech",https://www.facebook.com/Ministria.Shendetesise.RKS/posts/231546375815852,1713150,,795476,32453
Kosovo,2022-01-16,"Oxford/AstraZeneca, Pfizer/BioNTech",https://www.facebook.com/Ministria.Shendetesise.RKS/posts/232223455748144,1716223,885613,796031,34579
Kosovo,2022-01-17,"Oxford/AstraZeneca, Pfizer/BioNTech",https://www.facebook.com/Ministria.Shendetesise.RKS/posts/232837465686743,1717379,885808,796246,35325
Kosovo,2022-01-18,"Oxford/AstraZeneca, Pfizer/BioNTech",https://www.facebook.com/Ministria.Shendetesise.RKS/posts/233477432289413,1722864,886531,797226,39107
Kosovo,2022-01-19,"Oxford/AstraZeneca, Pfizer/BioNTech",https://www.facebook.com/Ministria.Shendetesise.RKS/posts/234140195556470,1728214,887237,798225,42752
Kosovo,2022-01-20,"Oxford/AstraZeneca, Pfizer/BioNTech",https://www.facebook.com/Ministria.Shendetesise.RKS/posts/234773142159842,1732948,887875,799114,45959
Kosovo,2022-01-21,"Oxford/AstraZeneca, Pfizer/BioNTech",https://www.facebook.com/Ministria.Shendetesise.RKS/posts/235373728766450,1737417,888522,799939,48956
Kosovo,2022-01-22,"Oxford/AstraZeneca, Pfizer/BioNTech",https://www.facebook.com/Ministria.Shendetesise.RKS/posts/235953228708500,1742039,,799939,52009
Kosovo,2022-01-23,"Oxford/AstraZeneca, Pfizer/BioNTech",https://www.facebook.com/Ministria.Shendetesise.RKS/posts/236596365310853,1745974,889769,801281,54924
Kosovo,2022-01-24,"Oxford/AstraZeneca, Pfizer/BioNTech",https://www.facebook.com/Ministria.Shendetesise.RKS/posts/237205075249982,1747841,889974,801524,56343
Kosovo,2022-01-25,"Oxford/AstraZeneca, Pfizer/BioNTech",https://www.facebook.com/Ministria.Shendetesise.RKS/posts/237803791856777,1754334,890899,802301,61134
Kosovo,2022-01-26,"Oxford/AstraZeneca, Pfizer/BioNTech",https://www.facebook.com/Ministria.Shendetesise.RKS/posts/238475745122915,1759797,891630,803020,65147
Kosovo,2022-01-27,"Oxford/AstraZeneca, Pfizer/BioNTech",https://www.facebook.com/Ministria.Shendetesise.RKS/posts/239068051730351,1764421,892257,803638,68526
Kosovo,2022-01-28,"Oxford/AstraZeneca, Pfizer/BioNTech",https://www.facebook.com/Ministria.Shendetesise.RKS/posts/239675501669606,1769170,892797,804251,72122
Kosovo,2022-01-29,"Oxford/AstraZeneca, Pfizer/BioNTech",https://www.facebook.com/Ministria.Shendetesise.RKS/posts/240275851609571,1773577,893331,804801,75445
Kosovo,2022-01-30,"Oxford/AstraZeneca, Pfizer/BioNTech",https://www.facebook.com/Ministria.Shendetesise.RKS/posts/240848098219013,1776133,893610,805086,77437
Kosovo,2022-01-31,"Oxford/AstraZeneca, Pfizer/BioNTech",https://www.facebook.com/Ministria.Shendetesise.RKS/posts/241496551487501,1777085,893743,805226,78116
Kosovo,2022-02-01,"Oxford/AstraZeneca, Pfizer/BioNTech",https://www.facebook.com/Ministria.Shendetesise.RKS/posts/242099318093891,1781110,894288,805802,81020
Kosovo,2022-02-02,"Oxford/AstraZeneca, Pfizer/BioNTech",https://www.facebook.com/Ministria.Shendetesise.RKS/posts/242699914700498,1783672,894653,806268,82751
Kosovo,2022-02-03,"Oxford/AstraZeneca, Pfizer/BioNTech",https://www.facebook.com/Ministria.Shendetesise.RKS/posts/243339431303213,1786709,894887,807003,84819
Kosovo,2022-02-04,"Oxford/AstraZeneca, Pfizer/BioNTech",https://www.facebook.com/Ministria.Shendetesise.RKS/posts/244031454567344,1789127,895183,807507,86437
Kosovo,2022-02-05,"Oxford/AstraZeneca, Pfizer/BioNTech",https://www.facebook.com/Ministria.Shendetesise.RKS/posts/244755294494960,1791536,895545,808026,87965
Kosovo,2022-02-06,"Oxford/AstraZeneca, Pfizer/BioNTech",https://www.facebook.com/Ministria.Shendetesise.RKS/posts/245385001098656,1792775,895713,808344,88718
Kosovo,2022-02-07,"Oxford/AstraZeneca, Pfizer/BioNTech",https://www.facebook.com/Ministria.Shendetesise.RKS/posts/246031597700663,1793326,895792,808546,88988
Kosovo,2022-02-08,"Oxford/AstraZeneca, Pfizer/BioNTech",https://www.facebook.com/Ministria.Shendetesise.RKS/posts/246666890970467,1794993,896107,808959,89927
Kosovo,2022-02-09,"Oxford/AstraZeneca, Pfizer/BioNTech",https://www.facebook.com/Ministria.Shendetesise.RKS/posts/247348270902329,1796305,896328,809358,90619
Kosovo,2022-02-11,"Oxford/AstraZeneca, Pfizer/BioNTech",https://www.facebook.com/Ministria.Shendetesise.RKS/posts/248737474096742,1798980,896749,810114,92117
Kosovo,2022-02-13,"Oxford/AstraZeneca, Pfizer/BioNTech",https://www.facebook.com/Ministria.Shendetesise.RKS/posts/250054073965082,1801246,897068,810844,93334
Kosovo,2022-02-14,"Oxford/AstraZeneca, Pfizer/BioNTech",https://www.facebook.com/Ministria.Shendetesise.RKS/posts/250832223887267,1801548,897109,810932,93507
Kosovo,2022-02-15,"Oxford/AstraZeneca, Pfizer/BioNTech",https://www.facebook.com/Ministria.Shendetesise.RKS/posts/251420647161758,1802978,897359,811470,94149
Kosovo,2022-02-16,"Oxford/AstraZeneca, Pfizer/BioNTech",https://www.facebook.com/Ministria.Shendetesise.RKS/posts/252034067100416,1804256,897602,811944,94710
Kosovo,2022-02-19,"Oxford/AstraZeneca, Pfizer/BioNTech",https://www.facebook.com/Ministria.Shendetesise.RKS/posts/254338030203353,1806746,898049,812972,95725
Kosovo,2022-02-20,"Oxford/AstraZeneca, Pfizer/BioNTech",https://www.facebook.com/Ministria.Shendetesise.RKS/posts/255182526785570,1807323,898147,813241,95935
Kosovo,2022-02-21,"Oxford/AstraZeneca, Pfizer/BioNTech",https://www.facebook.com/Ministria.Shendetesise.RKS/posts/255836116720211,1807516,898178,813327,96011
Kosovo,2022-02-22,"Oxford/AstraZeneca, Pfizer/BioNTech",https://www.facebook.com/Ministria.Shendetesise.RKS/posts/256639609973195,1808724,898435,813881,96408
Kosovo,2022-02-23,"Oxford/AstraZeneca, Pfizer/BioNTech",https://www.facebook.com/Ministria.Shendetesise.RKS/posts/257403276563495,1809730,898639,814448,96643
Kosovo,2022-02-24,"Oxford/AstraZeneca, Pfizer/BioNTech",https://www.facebook.com/Ministria.Shendetesise.RKS/posts/258127183157771,1810642,898870,814899,96873
Kosovo,2022-02-25,"Oxford/AstraZeneca, Pfizer/BioNTech",https://www.facebook.com/Ministria.Shendetesise.RKS/posts/259135949723561,1811481,899104,815306,97071
Kosovo,2022-02-26,"Oxford/AstraZeneca, Pfizer/BioNTech",https://www.facebook.com/Ministria.Shendetesise.RKS/posts/259782366325586,1812244,899310,815673,97261
Kosovo,2022-02-27,"Oxford/AstraZeneca, Pfizer/BioNTech",https://www.facebook.com/Ministria.Shendetesise.RKS/posts/260442329592923,1812571,899369,815862,97340
Kosovo,2022-03-02,"Oxford/AstraZeneca, Pfizer/BioNTech",https://msh.rks-gov.net/sq/statistikat-covid-19/,1814712,900042,816765,97905
Kosovo,2022-03-03,"Oxford/AstraZeneca, Pfizer/BioNTech",https://msh.rks-gov.net/sq/statistikat-covid-19/,1815139,900148,816978,98013
Kosovo,2022-03-04,"Oxford/AstraZeneca, Pfizer/BioNTech",https://msh.rks-gov.net/sq/statistikat-covid-19/,1815597,900278,817196,98123
Kosovo,2022-03-05,"Oxford/AstraZeneca, Pfizer/BioNTech",https://msh.rks-gov.net/sq/statistikat-covid-19/,1815751,900307,817292,98152
Kosovo,2022-03-06,"Oxford/AstraZeneca, Pfizer/BioNTech",https://msh.rks-gov.net/sq/statistikat-covid-19/,1815864,900326,817367,98171
Kosovo,2022-03-07,"Oxford/AstraZeneca, Pfizer/BioNTech",https://msh.rks-gov.net/sq/statistikat-covid-19/,1816329,900417,817608,98304
Kosovo,2022-03-08,"Oxford/AstraZeneca, Pfizer/BioNTech",https://msh.rks-gov.net/sq/statistikat-covid-19/,1816602,900494,817742,98366
Kosovo,2022-03-09,"Oxford/AstraZeneca, Pfizer/BioNTech",https://msh.rks-gov.net/sq/statistikat-covid-19/,1816890,900565,817900,98425
Kosovo,2022-03-10,"Oxford/AstraZeneca, Pfizer/BioNTech",https://msh.rks-gov.net/sq/statistikat-covid-19/,1817540,900712,818252,98576
Kosovo,2022-03-11,"Oxford/AstraZeneca, Pfizer/BioNTech",https://msh.rks-gov.net/sq/statistikat-covid-19/,1817563,900718,818260,98585
Kosovo,2022-03-12,"Oxford/AstraZeneca, Pfizer/BioNTech",https://msh.rks-gov.net/sq/statistikat-covid-19/,1817705,900736,818336,98633
Kosovo,2022-03-13,"Oxford/AstraZeneca, Pfizer/BioNTech",https://msh.rks-gov.net/sq/statistikat-covid-19/,1817836,900766,818409,98661
Kosovo,2022-03-14,"Oxford/AstraZeneca, Pfizer/BioNTech",https://msh.rks-gov.net/sq/statistikat-covid-19/,1818153,900826,818592,98735
Kosovo,2022-03-15,"Oxford/AstraZeneca, Pfizer/BioNTech",https://msh.rks-gov.net/sq/statistikat-covid-19/,1818495,900910,818758,98827
Kosovo,2022-03-16,"Oxford/AstraZeneca, Pfizer/BioNTech",https://msh.rks-gov.net/sq/statistikat-covid-19/,1818750,900955,818905,98890
Kosovo,2022-03-17,"Oxford/AstraZeneca, Pfizer/BioNTech",https://msh.rks-gov.net/sq/statistikat-covid-19/,1819097,901025,819034,99038
Kosovo,2022-03-18,"Oxford/AstraZeneca, Pfizer/BioNTech",https://msh.rks-gov.net/sq/statistikat-covid-19/,1819481,901108,819209,99164
Kosovo,2022-03-19,"Oxford/AstraZeneca, Pfizer/BioNTech",https://msh.rks-gov.net/sq/statistikat-covid-19/,1819600,901130,819268,99202
Kosovo,2022-03-20,"Oxford/AstraZeneca, Pfizer/BioNTech",https://msh.rks-gov.net/sq/statistikat-covid-19/,1819736,901155,819329,99252
Kosovo,2022-03-21,"Oxford/AstraZeneca, Pfizer/BioNTech",https://msh.rks-gov.net/sq/statistikat-covid-19/,1820094,901225,819496,99373
Kosovo,2022-03-22,"Oxford/AstraZeneca, Pfizer/BioNTech",https://msh.rks-gov.net/sq/statistikat-covid-19/,1820441,901311,819634,99496
Kosovo,2022-03-23,"Oxford/AstraZeneca, Pfizer/BioNTech",https://msh.rks-gov.net/sq/statistikat-covid-19/,1820882,901393,819841,99648
Kosovo,2022-03-24,"Oxford/AstraZeneca, Pfizer/BioNTech",https://msh.rks-gov.net/sq/statistikat-covid-19/,1820975,901402,819887,99686
Kosovo,2022-03-25,"Oxford/AstraZeneca, Pfizer/BioNTech",https://msh.rks-gov.net/sq/statistikat-covid-19/,1821176,901438,819983,99755
Kosovo,2022-03-26,"Oxford/AstraZeneca, Pfizer/BioNTech",https://msh.rks-gov.net/sq/statistikat-covid-19/,1821268,901461,820019,99788
Kosovo,2022-03-27,"Oxford/AstraZeneca, Pfizer/BioNTech",https://msh.rks-gov.net/sq/statistikat-covid-19/,1821355,901479,820056,99820
Kosovo,2022-03-28,"Oxford/AstraZeneca, Pfizer/BioNTech",https://msh.rks-gov.net/sq/statistikat-covid-19/,1821541,901524,820147,99870
Kosovo,2022-03-29,"Oxford/AstraZeneca, Pfizer/BioNTech",https://msh.rks-gov.net/sq/statistikat-covid-19/,1821917,901602,820317,99998
Kosovo,2022-03-30,"Oxford/AstraZeneca, Pfizer/BioNTech",https://msh.rks-gov.net/sq/statistikat-covid-19/,1822329,901705,820513,100111
Kosovo,2022-03-31,"Oxford/AstraZeneca, Pfizer/BioNTech",https://msh.rks-gov.net/sq/statistikat-covid-19/,1822431,901730,820551,100150
Kosovo,2022-04-03,"Oxford/AstraZeneca, Pfizer/BioNTech",https://msh.rks-gov.net/sq/statistikat-covid-19/,1822794,901819,820711,100264
Kosovo,2022-04-04,"Oxford/AstraZeneca, Pfizer/BioNTech",https://msh.rks-gov.net/sq/statistikat-covid-19/,1822959,901850,820783,100326
Kosovo,2022-04-05,"Oxford/AstraZeneca, Pfizer/BioNTech",https://msh.rks-gov.net/sq/statistikat-covid-19/,1823261,901928,820899,100434
Kosovo,2022-04-06,"Oxford/AstraZeneca, Pfizer/BioNTech",https://msh.rks-gov.net/sq/statistikat-covid-19/,1823358,901945,820941,100472
Kosovo,2022-04-07,"Oxford/AstraZeneca, Pfizer/BioNTech",https://msh.rks-gov.net/sq/statistikat-covid-19/,1823483,901975,820985,100523
Kosovo,2022-04-08,"Oxford/AstraZeneca, Pfizer/BioNTech",https://msh.rks-gov.net/sq/statistikat-covid-19/,1823638,902011,821065,100562
Kosovo,2022-04-09,"Oxford/AstraZeneca, Pfizer/BioNTech",https://msh.rks-gov.net/sq/statistikat-covid-19/,1823684,902023,821082,100579
Kosovo,2022-04-10,"Oxford/AstraZeneca, Pfizer/BioNTech",https://msh.rks-gov.net/sq/statistikat-covid-19/,1823725,902026,821096,100603
Kosovo,2022-04-11,"Oxford/AstraZeneca, Pfizer/BioNTech",https://msh.rks-gov.net/sq/statistikat-covid-19/,1823943,902075,821191,100677
Kosovo,2022-04-12,"Oxford/AstraZeneca, Pfizer/BioNTech",https://msh.rks-gov.net/sq/statistikat-covid-19/,1824020,902089,821229,100702
Kosovo,2022-04-13,"Oxford/AstraZeneca, Pfizer/BioNTech",https://msh.rks-gov.net/sq/statistikat-covid-19/,1824184,902127,821291,100766
Kosovo,2022-04-14,"Oxford/AstraZeneca, Pfizer/BioNTech",https://msh.rks-gov.net/sq/statistikat-covid-19/,1824357,902173,821361,100823
Kosovo,2022-04-17,"Oxford/AstraZeneca, Pfizer/BioNTech",https://msh.rks-gov.net/sq/statistikat-covid-19/,1824587,902233,821444,100910
Kosovo,2022-04-18,"Oxford/AstraZeneca, Pfizer/BioNTech",https://msh.rks-gov.net/sq/statistikat-covid-19/,1824802,902287,821538,100977
Kosovo,2022-04-19,"Oxford/AstraZeneca, Pfizer/BioNTech",https://msh.rks-gov.net/sq/statistikat-covid-19/,1824882,902312,821564,101006
Kosovo,2022-04-20,"Oxford/AstraZeneca, Pfizer/BioNTech",https://msh.rks-gov.net/sq/statistikat-covid-19/,1825022,902342,821627,101053
Kosovo,2022-04-21,"Oxford/AstraZeneca, Pfizer/BioNTech",https://msh.rks-gov.net/sq/statistikat-covid-19/,1825161,902379,821675,101107
Kosovo,2022-04-22,"Oxford/AstraZeneca, Pfizer/BioNTech",https://msh.rks-gov.net/sq/statistikat-covid-19/,1825381,902426,821764,101191
Kosovo,2022-04-25,"Oxford/AstraZeneca, Pfizer/BioNTech",https://msh.rks-gov.net/sq/statistikat-covid-19/,1825488,902450,821798,101240
Kosovo,2022-04-26,"Oxford/AstraZeneca, Pfizer/BioNTech",https://msh.rks-gov.net/sq/statistikat-covid-19/,1825723,902492,821896,101335
Kosovo,2022-04-27,"Oxford/AstraZeneca, Pfizer/BioNTech",https://msh.rks-gov.net/sq/statistikat-covid-19/,1825853,902521,821937,101395
Kosovo,2022-04-28,"Oxford/AstraZeneca, Pfizer/BioNTech",https://msh.rks-gov.net/sq/statistikat-covid-19/,1826049,902548,821994,101507
Kosovo,2022-04-29,"Oxford/AstraZeneca, Pfizer/BioNTech",https://msh.rks-gov.net/sq/statistikat-covid-19/,1826165,902569,822028,101568
Kosovo,2022-04-30,"Oxford/AstraZeneca, Pfizer/BioNTech",https://msh.rks-gov.net/sq/statistikat-covid-19/,1826228,902575,822042,101611
Kosovo,2022-05-01,"Oxford/AstraZeneca, Pfizer/BioNTech",https://msh.rks-gov.net/sq/statistikat-covid-19/,1826254,902577,822046,101631
Kosovo,2022-05-03,"Oxford/AstraZeneca, Pfizer/BioNTech",https://msh.rks-gov.net/sq/statistikat-covid-19/,1826331,902584,822074,101673
Kosovo,2022-05-04,"Oxford/AstraZeneca, Pfizer/BioNTech",https://msh.rks-gov.net/sq/statistikat-covid-19/,1826596,902634,822170,101792
Kosovo,2022-05-05,"Oxford/AstraZeneca, Pfizer/BioNTech",https://msh.rks-gov.net/sq/statistikat-covid-19/,1826799,902674,822245,101880
Kosovo,2022-05-06,"Oxford/AstraZeneca, Pfizer/BioNTech",https://msh.rks-gov.net/sq/statistikat-covid-19/,1826992,902718,822312,101962
Kosovo,2022-05-07,"Oxford/AstraZeneca, Pfizer/BioNTech",https://msh.rks-gov.net/sq/statistikat-covid-19/,1827035,902726,822324,101985
Kosovo,2022-05-08,"Oxford/AstraZeneca, Pfizer/BioNTech",https://msh.rks-gov.net/sq/statistikat-covid-19/,1827058,902731,822331,101996
Kosovo,2022-05-09,"Oxford/AstraZeneca, Pfizer/BioNTech",https://msh.rks-gov.net/sq/statistikat-covid-19/,1827131,902738,822356,102037
Kosovo,2022-05-10,"Oxford/AstraZeneca, Pfizer/BioNTech",https://msh.rks-gov.net/sq/statistikat-covid-19/,1827353,902786,822431,102136
Kosovo,2022-05-11,"Oxford/AstraZeneca, Pfizer/BioNTech",https://msh.rks-gov.net/sq/statistikat-covid-19/,1827513,902827,822487,102199
Kosovo,2022-05-12,"Oxford/AstraZeneca, Pfizer/BioNTech",https://msh.rks-gov.net/sq/statistikat-covid-19/,1827662,902862,822523,102277
Kosovo,2022-05-13,"Oxford/AstraZeneca, Pfizer/BioNTech",https://msh.rks-gov.net/sq/statistikat-covid-19/,1827786,902884,822575,102327
Kosovo,2022-05-14,"Oxford/AstraZeneca, Pfizer/BioNTech",https://msh.rks-gov.net/sq/statistikat-covid-19/,1827810,902891,822581,102338
Kosovo,2022-05-15,"Oxford/AstraZeneca, Pfizer/BioNTech",https://msh.rks-gov.net/sq/statistikat-covid-19/,1827852,902904,822594,102354
Kosovo,2022-05-16,"Oxford/AstraZeneca, Pfizer/BioNTech",https://msh.rks-gov.net/sq/statistikat-covid-19/,1828001,902946,822644,102411
Kosovo,2022-05-17,"Oxford/AstraZeneca, Pfizer/BioNTech",https://msh.rks-gov.net/sq/statistikat-covid-19/,1828100,902962,822696,102442
Kosovo,2022-05-18,"Oxford/AstraZeneca, Pfizer/BioNTech",https://msh.rks-gov.net/sq/statistikat-covid-19/,1828193,902986,822735,102472
Kosovo,2022-05-19,"Oxford/AstraZeneca, Pfizer/BioNTech",https://msh.rks-gov.net/sq/statistikat-covid-19/,1828331,903025,822784,102522
Kosovo,2022-05-20,"Oxford/AstraZeneca, Pfizer/BioNTech",https://msh.rks-gov.net/sq/statistikat-covid-19/,1828431,903057,822829,102545
Kosovo,2022-05-21,"Oxford/AstraZeneca, Pfizer/BioNTech",https://msh.rks-gov.net/sq/statistikat-covid-19/,1828472,903066,822842,102564
Kosovo,2022-05-22,"Oxford/AstraZeneca, Pfizer/BioNTech",https://msh.rks-gov.net/sq/statistikat-covid-19/,1828499,903072,822850,102577
Kosovo,2022-05-23,"Oxford/AstraZeneca, Pfizer/BioNTech",https://msh.rks-gov.net/sq/statistikat-covid-19/,1828624,903116,822899,102609
Kosovo,2022-05-24,"Oxford/AstraZeneca, Pfizer/BioNTech",https://msh.rks-gov.net/sq/statistikat-covid-19/,1828721,903146,822936,102639
Kosovo,2022-05-25,"Oxford/AstraZeneca, Pfizer/BioNTech",https://msh.rks-gov.net/sq/statistikat-covid-19/,1828804,903171,822962,102671
Kosovo,2022-05-26,"Oxford/AstraZeneca, Pfizer/BioNTech",https://msh.rks-gov.net/sq/statistikat-covid-19/,1828870,903193,822988,102689
Kosovo,2022-05-27,"Oxford/AstraZeneca, Pfizer/BioNTech",https://msh.rks-gov.net/sq/statistikat-covid-19/,1828962,903217,823032,102713
Kosovo,2022-05-28,"Oxford/AstraZeneca, Pfizer/BioNTech",https://msh.rks-gov.net/sq/statistikat-covid-19/,1828983,903226,823036,102721
Kosovo,2022-05-29,"Oxford/AstraZeneca, Pfizer/BioNTech",https://msh.rks-gov.net/sq/statistikat-covid-19/,1828996,903228,823040,102728
Kosovo,2022-05-30,"Oxford/AstraZeneca, Pfizer/BioNTech",https://msh.rks-gov.net/sq/statistikat-covid-19/,1829112,903257,823087,102768
Kosovo,2022-05-31,"Oxford/AstraZeneca, Pfizer/BioNTech",https://msh.rks-gov.net/sq/statistikat-covid-19/,1829189,903279,823117,102793
Kosovo,2022-06-01,"Oxford/AstraZeneca, Pfizer/BioNTech",https://msh.rks-gov.net/sq/statistikat-covid-19/,1829274,903306,823162,102806
Kosovo,2022-06-02,"Oxford/AstraZeneca, Pfizer/BioNTech",https://msh.rks-gov.net/sq/statistikat-covid-19/,1829334,903323,823191,102820
Kosovo,2022-06-03,"Oxford/AstraZeneca, Pfizer/BioNTech",https://msh.rks-gov.net/sq/statistikat-covid-19/,1829409,903344,823225,102840
Kosovo,2022-06-04,"Oxford/AstraZeneca, Pfizer/BioNTech",https://msh.rks-gov.net/sq/statistikat-covid-19/,1829424,903349,823232,102843
Kosovo,2022-06-05,"Oxford/AstraZeneca, Pfizer/BioNTech",https://msh.rks-gov.net/sq/statistikat-covid-19/,1829433,903350,823237,102846
Kosovo,2022-06-06,"Oxford/AstraZeneca, Pfizer/BioNTech",https://msh.rks-gov.net/sq/statistikat-covid-19/,1829528,903380,823279,102869
Kosovo,2022-06-07,"Oxford/AstraZeneca, Pfizer/BioNTech",https://msh.rks-gov.net/sq/statistikat-covid-19/,1829619,903405,823315,102899
Kosovo,2022-06-08,"Oxford/AstraZeneca, Pfizer/BioNTech",https://msh.rks-gov.net/sq/statistikat-covid-19/,1829686,903420,823349,102917
Kosovo,2022-06-09,"Oxford/AstraZeneca, Pfizer/BioNTech",https://msh.rks-gov.net/sq/statistikat-covid-19/,1829763,903439,823388,102936
Kosovo,2022-06-10,"Oxford/AstraZeneca, Pfizer/BioNTech",https://msh.rks-gov.net/sq/statistikat-covid-19/,1829820,903454,823409,102957
Kosovo,2022-06-13,"Oxford/AstraZeneca, Pfizer/BioNTech",https://msh.rks-gov.net/sq/statistikat-covid-19/,1829948,903486,823467,102995
Kosovo,2022-06-14,"Oxford/AstraZeneca, Pfizer/BioNTech",https://msh.rks-gov.net/sq/statistikat-covid-19/,1830016,903501,823496,103019
Kosovo,2022-06-15,"Oxford/AstraZeneca, Pfizer/BioNTech",https://msh.rks-gov.net/sq/statistikat-covid-19/,1830080,903514,823516,103050
Kosovo,2022-06-16,"Oxford/AstraZeneca, Pfizer/BioNTech",https://msh.rks-gov.net/sq/statistikat-covid-19/,1830106,903523,823526,103057
Kosovo,2022-06-17,"Oxford/AstraZeneca, Pfizer/BioNTech",https://msh.rks-gov.net/sq/statistikat-covid-19/,1830149,903529,823550,103070
Kosovo,2022-06-18,"Oxford/AstraZeneca, Pfizer/BioNTech",https://msh.rks-gov.net/sq/statistikat-covid-19/,1830153,903530,823550,103073
Kosovo,2022-06-19,"Oxford/AstraZeneca, Pfizer/BioNTech",https://msh.rks-gov.net/sq/statistikat-covid-19/,1830159,903530,823555,103074
Kosovo,2022-06-20,"Oxford/AstraZeneca, Pfizer/BioNTech",https://msh.rks-gov.net/sq/statistikat-covid-19/,1830206,903537,823586,103083
Kosovo,2022-06-21,"Oxford/AstraZeneca, Pfizer/BioNTech",https://msh.rks-gov.net/sq/statistikat-covid-19/,1830250,903541,823611,103098
Kosovo,2022-06-22,"Oxford/AstraZeneca, Pfizer/BioNTech",https://msh.rks-gov.net/sq/statistikat-covid-19/,1830292,903556,823634,103102
Kosovo,2022-06-23,"Oxford/AstraZeneca, Pfizer/BioNTech",https://msh.rks-gov.net/sq/statistikat-covid-19/,1830347,903571,823660,103116
Kosovo,2022-06-24,"Oxford/AstraZeneca, Pfizer/BioNTech",https://msh.rks-gov.net/sq/statistikat-covid-19/,1830399,903581,823674,103144
Kosovo,2022-06-25,"Oxford/AstraZeneca, Pfizer/BioNTech",https://msh.rks-gov.net/sq/statistikat-covid-19/,1830403,903584,823674,103145
Kosovo,2022-06-26,"Oxford/AstraZeneca, Pfizer/BioNTech",https://msh.rks-gov.net/sq/statistikat-covid-19/,1830411,903586,823676,103149
Kosovo,2022-06-27,"Oxford/AstraZeneca, Pfizer/BioNTech",https://msh.rks-gov.net/sq/statistikat-covid-19/,1830482,903604,823704,103174
Kosovo,2022-06-28,"Oxford/AstraZeneca, Pfizer/BioNTech",https://msh.rks-gov.net/sq/statistikat-covid-19/,1830544,903615,823720,103209
Kosovo,2022-06-29,"Oxford/AstraZeneca, Pfizer/BioNTech",https://msh.rks-gov.net/sq/statistikat-covid-19/,1830592,903627,823741,103224
Kosovo,2022-06-30,"Oxford/AstraZeneca, Pfizer/BioNTech",https://msh.rks-gov.net/sq/statistikat-covid-19/,1830622,903637,823746,103239
Kosovo,2022-07-01,"Oxford/AstraZeneca, Pfizer/BioNTech",https://msh.rks-gov.net/sq/statistikat-covid-19/,1830688,903657,823766,103265
Kosovo,2022-07-03,"Oxford/AstraZeneca, Pfizer/BioNTech",https://msh.rks-gov.net/sq/statistikat-covid-19/,1830700,903659,823769,103272
Kosovo,2022-07-04,"Oxford/AstraZeneca, Pfizer/BioNTech",https://msh.rks-gov.net/sq/statistikat-covid-19/,1830809,903696,823800,103313
Kosovo,2022-07-05,"Oxford/AstraZeneca, Pfizer/BioNTech",https://msh.rks-gov.net/sq/statistikat-covid-19/,1830914,903711,823837,103366
Kosovo,2022-07-06,"Oxford/AstraZeneca, Pfizer/BioNTech",https://msh.rks-gov.net/sq/statistikat-covid-19/,1830938,903714,823844,103380
Kosovo,2022-07-07,"Oxford/AstraZeneca, Pfizer/BioNTech",https://msh.rks-gov.net/sq/statistikat-covid-19/,1831019,903733,823852,103434
Kosovo,2022-07-09,"Oxford/AstraZeneca, Pfizer/BioNTech",https://msh.rks-gov.net/sq/statistikat-covid-19/,1831127,903785,823872,103470
Kosovo,2022-07-10,"Oxford/AstraZeneca, Pfizer/BioNTech",https://msh.rks-gov.net/sq/statistikat-covid-19/,1831128,903785,823872,103471
Kosovo,2022-07-11,"Oxford/AstraZeneca, Pfizer/BioNTech",https://msh.rks-gov.net/sq/statistikat-covid-19/,1831167,903814,823874,103479
Kosovo,2022-07-12,"Oxford/AstraZeneca, Pfizer/BioNTech",https://msh.rks-gov.net/sq/statistikat-covid-19/,1831452,903964,823906,103582
Kosovo,2022-07-13,"Oxford/AstraZeneca, Pfizer/BioNTech",https://msh.rks-gov.net/sq/statistikat-covid-19/,1831724,904107,823925,103692
Kosovo,2022-07-14,"Oxford/AstraZeneca, Pfizer/BioNTech",https://msh.rks-gov.net/sq/statistikat-covid-19/,1831991,904261,823958,103772
Kosovo,2022-07-15,"Oxford/AstraZeneca, Pfizer/BioNTech",https://msh.rks-gov.net/sq/statistikat-covid-19/,1832235,904394,823977,103864
Kosovo,2022-07-17,"Oxford/AstraZeneca, Pfizer/BioNTech",https://msh.rks-gov.net/sq/statistikat-covid-19/,1832395,904484,823988,103923
Kosovo,2022-07-18,"Oxford/AstraZeneca, Pfizer/BioNTech",https://msh.rks-gov.net/sq/statistikat-covid-19/,1832760,904690,824012,104058
Kosovo,2022-07-19,"Oxford/AstraZeneca, Pfizer/BioNTech",https://msh.rks-gov.net/sq/statistikat-covid-19/,1833005,904820,824042,104143
Kosovo,2022-07-20,"Oxford/AstraZeneca, Pfizer/BioNTech",https://msh.rks-gov.net/sq/statistikat-covid-19/,1833189,904903,824067,104219
Kosovo,2022-07-21,"Oxford/AstraZeneca, Pfizer/BioNTech",https://msh.rks-gov.net/sq/statistikat-covid-19/,1833408,905005,824089,104314
Kosovo,2022-07-22,"Oxford/AstraZeneca, Pfizer/BioNTech",https://msh.rks-gov.net/sq/statistikat-covid-19/,1833539,905071,824111,104357
Kosovo,2022-07-23,"Oxford/AstraZeneca, Pfizer/BioNTech",https://msh.rks-gov.net/sq/statistikat-covid-19/,1833554,905076,824111,104367
Kosovo,2022-07-24,"Oxford/AstraZeneca, Pfizer/BioNTech",https://msh.rks-gov.net/sq/statistikat-covid-19/,1833583,905095,824115,104373
Kosovo,2022-07-25,"Oxford/AstraZeneca, Pfizer/BioNTech",https://msh.rks-gov.net/sq/statistikat-covid-19/,1833768,905188,824129,104451
Kosovo,2022-07-26,"Oxford/AstraZeneca, Pfizer/BioNTech",https://msh.rks-gov.net/sq/statistikat-covid-19/,1833896,905253,824144,104499
Kosovo,2022-07-27,"Oxford/AstraZeneca, Pfizer/BioNTech",https://msh.rks-gov.net/sq/statistikat-covid-19/,1834028,905336,824166,104526
Kosovo,2022-07-28,"Oxford/AstraZeneca, Pfizer/BioNTech",https://msh.rks-gov.net/sq/statistikat-covid-19/,1834134,905401,824174,104559
Kosovo,2022-07-29,"Oxford/AstraZeneca, Pfizer/BioNTech",https://msh.rks-gov.net/sq/statistikat-covid-19/,1834246,905456,824186,104604
Kosovo,2022-07-30,"Oxford/AstraZeneca, Pfizer/BioNTech",https://msh.rks-gov.net/sq/statistikat-covid-19/,1834256,905461,824186,104609
Kosovo,2022-07-31,"Oxford/AstraZeneca, Pfizer/BioNTech",https://msh.rks-gov.net/sq/statistikat-covid-19/,1834274,905471,824187,104616
Kosovo,2022-08-01,"Oxford/AstraZeneca, Pfizer/BioNTech",https://msh.rks-gov.net/sq/statistikat-covid-19/,1834397,905542,824210,104645
Kosovo,2022-08-02,"Oxford/AstraZeneca, Pfizer/BioNTech",https://msh.rks-gov.net/sq/statistikat-covid-19/,1834474,905581,824221,104672
Kosovo,2022-08-03,"Oxford/AstraZeneca, Pfizer/BioNTech",https://msh.rks-gov.net/sq/statistikat-covid-19/,1834540,905617,824232,104691
Kosovo,2022-08-04,"Oxford/AstraZeneca, Pfizer/BioNTech",https://msh.rks-gov.net/sq/statistikat-covid-19/,1834595,905648,824239,104708
Kosovo,2022-08-05,"Oxford/AstraZeneca, Pfizer/BioNTech",https://msh.rks-gov.net/sq/statistikat-covid-19/,1834654,905677,824249,104728
Kosovo,2022-08-06,"Oxford/AstraZeneca, Pfizer/BioNTech",https://msh.rks-gov.net/sq/statistikat-covid-19/,1834658,905679,824249,104730
Kosovo,2022-08-08,"Oxford/AstraZeneca, Pfizer/BioNTech",https://msh.rks-gov.net/sq/statistikat-covid-19/,1834747,905722,824268,104757
Kosovo,2022-08-09,"Oxford/AstraZeneca, Pfizer/BioNTech",https://msh.rks-gov.net/sq/statistikat-covid-19/,1834797,905745,824281,104771
Kosovo,2022-08-10,"Oxford/AstraZeneca, Pfizer/BioNTech",https://msh.rks-gov.net/sq/statistikat-covid-19/,1834853,905778,824292,104783
Kosovo,2022-08-11,"Oxford/AstraZeneca, Pfizer/BioNTech",https://msh.rks-gov.net/sq/statistikat-covid-19/,1834914,905795,824315,104804
Kosovo,2022-08-12,"Oxford/AstraZeneca, Pfizer/BioNTech",https://msh.rks-gov.net/sq/statistikat-covid-19/,1834957,905808,824325,104824
Kosovo,2022-08-13,"Oxford/AstraZeneca, Pfizer/BioNTech",https://msh.rks-gov.net/sq/statistikat-covid-19/,1834964,905811,824325,104828
Kosovo,2022-08-14,"Oxford/AstraZeneca, Pfizer/BioNTech",https://msh.rks-gov.net/sq/statistikat-covid-19/,1834969,905813,824327,104829
Kosovo,2022-08-15,"Oxford/AstraZeneca, Pfizer/BioNTech",https://msh.rks-gov.net/sq/statistikat-covid-19/,1835042,905843,824354,104845
Kosovo,2022-08-16,"Oxford/AstraZeneca, Pfizer/BioNTech",https://msh.rks-gov.net/sq/statistikat-covid-19/,1835115,905879,824373,104863
Kosovo,2022-08-17,"Oxford/AstraZeneca, Pfizer/BioNTech",https://msh.rks-gov.net/sq/statistikat-covid-19/,1835165,905902,824390,104873
Kosovo,2022-08-18,"Oxford/AstraZeneca, Pfizer/BioNTech",https://msh.rks-gov.net/sq/statistikat-covid-19/,1835205,905914,824407,104884
Kosovo,2022-08-19,"Oxford/AstraZeneca, Pfizer/BioNTech",https://msh.rks-gov.net/sq/statistikat-covid-19/,1835242,905930,824416,104896
Kosovo,2022-08-21,"Oxford/AstraZeneca, Pfizer/BioNTech",https://msh.rks-gov.net/sq/statistikat-covid-19/,1835257,905937,824419,104901
Kosovo,2022-08-22,"Oxford/AstraZeneca, Pfizer/BioNTech",https://msh.rks-gov.net/sq/statistikat-covid-19/,1835304,905958,824433,104913
Kosovo,2022-08-23,"Oxford/AstraZeneca, Pfizer/BioNTech",https://msh.rks-gov.net/sq/statistikat-covid-19/,1835369,905980,824449,104940
Kosovo,2022-08-24,"Oxford/AstraZeneca, Pfizer/BioNTech",https://msh.rks-gov.net/sq/statistikat-covid-19/,1835416,905992,824468,104956
Kosovo,2022-08-25,"Oxford/AstraZeneca, Pfizer/BioNTech",https://msh.rks-gov.net/sq/statistikat-covid-19/,1835458,906013,824478,104967
Kosovo,2022-08-26,"Oxford/AstraZeneca, Pfizer/BioNTech",https://msh.rks-gov.net/sq/statistikat-covid-19/,1835493,906020,824487,104986
Kosovo,2022-08-31,"Oxford/AstraZeneca, Pfizer/BioNTech",https://msh.rks-gov.net/sq/statistikat-covid-19/,1835582,906057,824516,105009
Kosovo,2022-09-04,"Oxford/AstraZeneca, Pfizer/BioNTech",https://msh.rks-gov.net/sq/statistikat-covid-19/,1835688,906095,824555,105038
Kosovo,2022-09-06,"Oxford/AstraZeneca, Pfizer/BioNTech",https://msh.rks-gov.net/sq/statistikat-covid-19/,1835722,906113,824562,105047
Kosovo,2022-09-11,"Oxford/AstraZeneca, Pfizer/BioNTech",https://msh.rks-gov.net/sq/statistikat-covid-19/,1835799,906150,824585,105064
Kosovo,2022-09-14,"Oxford/AstraZeneca, Pfizer/BioNTech",https://msh.rks-gov.net/sq/statistikat-covid-19/,1835918,906200,824617,105101
Kosovo,2022-09-15,"Oxford/AstraZeneca, Pfizer/BioNTech",https://msh.rks-gov.net/sq/statistikat-covid-19/,1835946,906216,824625,105105
Kosovo,2022-09-16,"Oxford/AstraZeneca, Pfizer/BioNTech",https://msh.rks-gov.net/sq/statistikat-covid-19/,1835965,906223,824630,105112
Kosovo,2022-09-18,"Oxford/AstraZeneca, Pfizer/BioNTech",https://msh.rks-gov.net/sq/statistikat-covid-19/,1835968,906225,824631,105112
Kosovo,2022-09-19,"Oxford/AstraZeneca, Pfizer/BioNTech",https://msh.rks-gov.net/sq/statistikat-covid-19/,1836003,906239,824648,105116
Kosovo,2022-09-20,"Oxford/AstraZeneca, Pfizer/BioNTech",https://msh.rks-gov.net/sq/statistikat-covid-19/,1836030,906251,824655,105124
Kosovo,2022-09-21,"Oxford/AstraZeneca, Pfizer/BioNTech",https://msh.rks-gov.net/sq/statistikat-covid-19/,1836045,906258,824657,105130
Kosovo,2022-09-22,"Oxford/AstraZeneca, Pfizer/BioNTech",https://msh.rks-gov.net/sq/statistikat-covid-19/,1836064,906263,824663,105138
Kosovo,2022-09-23,"Oxford/AstraZeneca, Pfizer/BioNTech",https://msh.rks-gov.net/sq/statistikat-covid-19/,1836080,906267,824667,105146
Kosovo,2022-09-24,"Oxford/AstraZeneca, Pfizer/BioNTech",https://msh.rks-gov.net/sq/statistikat-covid-19/,1836082,906267,824668,105147
Kosovo,2022-09-25,"Oxford/AstraZeneca, Pfizer/BioNTech",https://msh.rks-gov.net/sq/statistikat-covid-19/,1836085,906269,824669,105147
Kosovo,2022-09-26,"Oxford/AstraZeneca, Pfizer/BioNTech",https://msh.rks-gov.net/sq/statistikat-covid-19/,1836106,906276,824675,105155
Kosovo,2022-09-27,"Oxford/AstraZeneca, Pfizer/BioNTech",https://msh.rks-gov.net/sq/statistikat-covid-19/,1836134,906281,824684,105169
Kosovo,2022-09-28,"Oxford/AstraZeneca, Pfizer/BioNTech",https://msh.rks-gov.net/sq/statistikat-covid-19/,1836171,906291,824694,105186
Kosovo,2022-09-29,"Oxford/AstraZeneca, Pfizer/BioNTech",https://msh.rks-gov.net/sq/statistikat-covid-19/,1836186,906297,824697,105192
Kosovo,2022-09-30,"Oxford/AstraZeneca, Pfizer/BioNTech",https://msh.rks-gov.net/sq/statistikat-covid-19/,1836213,906308,824706,105199
Kosovo,2022-10-01,"Oxford/AstraZeneca, Pfizer/BioNTech",https://msh.rks-gov.net/sq/statistikat-covid-19/,1836216,906310,824706,105200
Kosovo,2022-10-02,"Oxford/AstraZeneca, Pfizer/BioNTech",https://msh.rks-gov.net/sq/statistikat-covid-19/,1836218,906311,824706,105201
Kosovo,2022-10-03,"Oxford/AstraZeneca, Pfizer/BioNTech",https://msh.rks-gov.net/sq/statistikat-covid-19/,1836243,906319,824715,105209
Kosovo,2022-10-04,"Oxford/AstraZeneca, Pfizer/BioNTech",https://msh.rks-gov.net/sq/statistikat-covid-19/,1836250,906320,824719,105211
Kosovo,2022-10-05,"Oxford/AstraZeneca, Pfizer/BioNTech",https://msh.rks-gov.net/sq/statistikat-covid-19/,1836265,906325,824723,105217
Kosovo,2022-10-06,"Oxford/AstraZeneca, Pfizer/BioNTech",https://msh.rks-gov.net/sq/statistikat-covid-19/,1836287,906333,824730,105224
Kosovo,2022-10-07,"Oxford/AstraZeneca, Pfizer/BioNTech",https://msh.rks-gov.net/sq/statistikat-covid-19/,1836309,906342,824737,105230
Kosovo,2022-10-08,"Oxford/AstraZeneca, Pfizer/BioNTech",https://msh.rks-gov.net/sq/statistikat-covid-19/,1836310,906342,824737,105231
Kosovo,2022-10-09,"Oxford/AstraZeneca, Pfizer/BioNTech",https://msh.rks-gov.net/sq/statistikat-covid-19/,1836318,906344,824738,105236
Kosovo,2022-10-10,"Oxford/AstraZeneca, Pfizer/BioNTech",https://msh.rks-gov.net/sq/statistikat-covid-19/,1836331,906350,824743,105238
Kosovo,2022-10-11,"Oxford/AstraZeneca, Pfizer/BioNTech",https://msh.rks-gov.net/sq/statistikat-covid-19/,1836348,906355,824751,105242
Kosovo,2022-10-13,"Oxford/AstraZeneca, Pfizer/BioNTech",https://msh.rks-gov.net/sq/statistikat-covid-19/,1836363,906359,824759,105245
Kosovo,2022-10-14,"Oxford/AstraZeneca, Pfizer/BioNTech",https://msh.rks-gov.net/sq/statistikat-covid-19/,1836378,906361,824767,105250
Kosovo,2022-10-18,"Oxford/AstraZeneca, Pfizer/BioNTech",https://msh.rks-gov.net/sq/statistikat-covid-19/,1836424,906374,824789,105261
Kosovo,2022-10-19,"Oxford/AstraZeneca, Pfizer/BioNTech",https://msh.rks-gov.net/sq/statistikat-covid-19/,1836434,906378,824792,105264
Kosovo,2022-10-20,"Oxford/AstraZeneca, Pfizer/BioNTech",https://msh.rks-gov.net/sq/statistikat-covid-19/,1836448,906387,824795,105266
Kosovo,2022-10-21,"Oxford/AstraZeneca, Pfizer/BioNTech",https://msh.rks-gov.net/sq/statistikat-covid-19/,1836468,906392,824806,105270
Kosovo,2022-10-23,"Oxford/AstraZeneca, Pfizer/BioNTech",https://msh.rks-gov.net/sq/statistikat-covid-19/,1836473,906393,824808,105272
Kosovo,2022-10-24,"Oxford/AstraZeneca, Pfizer/BioNTech",https://msh.rks-gov.net/sq/statistikat-covid-19/,1836494,906400,824816,105278
Kosovo,2022-10-25,"Oxford/AstraZeneca, Pfizer/BioNTech",https://msh.rks-gov.net/sq/statistikat-covid-19/,1836507,906401,824822,105284
Kosovo,2022-10-26,"Oxford/AstraZeneca, Pfizer/BioNTech",https://msh.rks-gov.net/sq/statistikat-covid-19/,1836512,906406,824822,105284
Kosovo,2022-10-27,"Oxford/AstraZeneca, Pfizer/BioNTech",https://msh.rks-gov.net/sq/statistikat-covid-19/,1836533,906418,824828,105287
Kosovo,2022-10-28,"Oxford/AstraZeneca, Pfizer/BioNTech",https://msh.rks-gov.net/sq/statistikat-covid-19/,1836543,906419,824830,105294
Kosovo,2022-10-31,"Oxford/AstraZeneca, Pfizer/BioNTech",https://msh.rks-gov.net/sq/statistikat-covid-19/,1836572,906432,824836,105304
Kosovo,2022-11-01,"Oxford/AstraZeneca, Pfizer/BioNTech",https://msh.rks-gov.net/sq/statistikat-covid-19/,1836594,906442,824843,105309
Kosovo,2022-11-02,"Oxford/AstraZeneca, Pfizer/BioNTech",https://msh.rks-gov.net/sq/statistikat-covid-19/,1836613,906450,824849,105314
Kosovo,2022-11-03,"Oxford/AstraZeneca, Pfizer/BioNTech",https://msh.rks-gov.net/sq/statistikat-covid-19/,1836637,906465,824854,105318
Kosovo,2022-11-04,"Oxford/AstraZeneca, Pfizer/BioNTech",https://msh.rks-gov.net/sq/statistikat-covid-19/,1836647,906469,824859,105319
Kosovo,2022-11-05,"Oxford/AstraZeneca, Pfizer/BioNTech",https://msh.rks-gov.net/sq/statistikat-covid-19/,1836651,906472,824860,105319
Kosovo,2022-11-07,"Oxford/AstraZeneca, Pfizer/BioNTech",https://msh.rks-gov.net/sq/statistikat-covid-19/,1836678,906483,824868,105327
Kosovo,2022-11-08,"Oxford/AstraZeneca, Pfizer/BioNTech",https://msh.rks-gov.net/sq/statistikat-covid-19/,1836689,906487,824872,105330
Kosovo,2022-11-09,"Oxford/AstraZeneca, Pfizer/BioNTech",https://msh.rks-gov.net/sq/statistikat-covid-19/,1836694,906487,824875,105332
Kosovo,2022-11-10,"Oxford/AstraZeneca, Pfizer/BioNTech",https://msh.rks-gov.net/sq/statistikat-covid-19/,1836703,906489,824877,105337
Kosovo,2022-11-11,"Oxford/AstraZeneca, Pfizer/BioNTech",https://msh.rks-gov.net/sq/statistikat-covid-19/,1836717,906495,824883,105339
Kosovo,2022-11-14,"Oxford/AstraZeneca, Pfizer/BioNTech",https://msh.rks-gov.net/sq/statistikat-covid-19/,1836726,906498,824886,105342
Kosovo,2022-11-16,"Oxford/AstraZeneca, Pfizer/BioNTech",https://msh.rks-gov.net/sq/statistikat-covid-19/,1836752,906507,824893,105352
Kosovo,2022-11-17,"Oxford/AstraZeneca, Pfizer/BioNTech",https://msh.rks-gov.net/sq/statistikat-covid-19/,1836767,906514,824896,105357
Kosovo,2022-11-18,"Oxford/AstraZeneca, Pfizer/BioNTech",https://msh.rks-gov.net/sq/statistikat-covid-19/,1836782,906519,824901,105362
Kosovo,2022-11-21,"Oxford/AstraZeneca, Pfizer/BioNTech",https://msh.rks-gov.net/sq/statistikat-covid-19/,1836805,906528,824913,105364
Kosovo,2022-11-22,"Oxford/AstraZeneca, Pfizer/BioNTech",https://msh.rks-gov.net/sq/statistikat-covid-19/,1836819,906533,824920,105366
Kosovo,2022-11-23,"Oxford/AstraZeneca, Pfizer/BioNTech",https://msh.rks-gov.net/sq/statistikat-covid-19/,1836828,906539,824921,105368
Kosovo,2022-11-24,"Oxford/AstraZeneca, Pfizer/BioNTech",https://msh.rks-gov.net/sq/statistikat-covid-19/,1836838,906542,824924,105372
Kosovo,2022-11-25,"Oxford/AstraZeneca, Pfizer/BioNTech",https://msh.rks-gov.net/sq/statistikat-covid-19/,1836845,906545,824927,105373
Kosovo,2022-11-26,"Oxford/AstraZeneca, Pfizer/BioNTech",https://msh.rks-gov.net/sq/statistikat-covid-19/,1836846,906546,824927,105373
Kosovo,2022-11-28,"Oxford/AstraZeneca, Pfizer/BioNTech",https://msh.rks-gov.net/sq/statistikat-covid-19/,1836852,906548,824928,105376
Kosovo,2022-11-29,"Oxford/AstraZeneca, Pfizer/BioNTech",https://msh.rks-gov.net/sq/statistikat-covid-19/,1836858,906550,824929,105379
Kosovo,2022-12-01,"Oxford/AstraZeneca, Pfizer/BioNTech",https://msh.rks-gov.net/sq/statistikat-covid-19/,1836861,906550,824931,105380
Kosovo,2022-12-02,"Oxford/AstraZeneca, Pfizer/BioNTech",https://msh.rks-gov.net/sq/statistikat-covid-19/,1836875,906559,824933,105383
Kosovo,2022-12-05,"Oxford/AstraZeneca, Pfizer/BioNTech",https://msh.rks-gov.net/sq/statistikat-covid-19/,1836893,906569,824937,105387
Kosovo,2022-12-06,"Oxford/AstraZeneca, Pfizer/BioNTech",https://msh.rks-gov.net/sq/statistikat-covid-19/,1836900,906573,824939,105388
Kosovo,2022-12-07,"Oxford/AstraZeneca, Pfizer/BioNTech",https://msh.rks-gov.net/sq/statistikat-covid-19/,1836911,906578,824939,105394
Kosovo,2022-12-08,"Oxford/AstraZeneca, Pfizer/BioNTech",https://msh.rks-gov.net/sq/statistikat-covid-19/,1836923,906584,824942,105397
Kosovo,2022-12-09,"Oxford/AstraZeneca, Pfizer/BioNTech",https://msh.rks-gov.net/sq/statistikat-covid-19/,1836937,906592,824943,105402
Kosovo,2022-12-10,"Oxford/AstraZeneca, Pfizer/BioNTech",https://msh.rks-gov.net/sq/statistikat-covid-19/,1836938,906592,824943,105403
Kosovo,2022-12-12,"Oxford/AstraZeneca, Pfizer/BioNTech",https://msh.rks-gov.net/sq/statistikat-covid-19/,1836947,906598,824944,105405
Kosovo,2022-12-13,"Oxford/AstraZeneca, Pfizer/BioNTech",https://msh.rks-gov.net/sq/statistikat-covid-19/,1836956,906602,824946,105408
Kosovo,2022-12-14,"Oxford/AstraZeneca, Pfizer/BioNTech",https://msh.rks-gov.net/sq/statistikat-covid-19/,1836959,906602,824946,105411
Kosovo,2022-12-15,"Oxford/AstraZeneca, Pfizer/BioNTech",https://msh.rks-gov.net/sq/statistikat-covid-19/,1836978,906617,824947,105414
Kosovo,2022-12-16,"Oxford/AstraZeneca, Pfizer/BioNTech",https://msh.rks-gov.net/sq/statistikat-covid-19/,1836989,906621,824953,105415
Kosovo,2022-12-19,"Oxford/AstraZeneca, Pfizer/BioNTech",https://msh.rks-gov.net/sq/statistikat-covid-19/,1837007,906634,824957,105416
Kosovo,2022-12-21,"Oxford/AstraZeneca, Pfizer/BioNTech",https://msh.rks-gov.net/sq/statistikat-covid-19/,1837022,906639,824962,105421
Kosovo,2022-12-22,"Oxford/AstraZeneca, Pfizer/BioNTech",https://msh.rks-gov.net/sq/statistikat-covid-19/,1837034,906645,824965,105424
Kosovo,2022-12-28,"Oxford/AstraZeneca, Pfizer/BioNTech",https://msh.rks-gov.net/sq/statistikat-covid-19/,1837075,906668,824972,105435
Kosovo,2022-12-30,"Oxford/AstraZeneca, Pfizer/BioNTech",https://msh.rks-gov.net/sq/statistikat-covid-19/,1837093,906680,824977,105436
Kosovo,2023-01-04,"Oxford/AstraZeneca, Pfizer/BioNTech",https://msh.rks-gov.net/sq/statistikat-covid-19/,1837102,906682,824981,105439
Kosovo,2023-01-05,"Oxford/AstraZeneca, Pfizer/BioNTech",https://msh.rks-gov.net/sq/statistikat-covid-19/,1837122,906692,824987,105443
Kosovo,2023-01-06,"Oxford/AstraZeneca, Pfizer/BioNTech",https://msh.rks-gov.net/sq/statistikat-covid-19/,1837138,906703,824991,105444
Kosovo,2023-01-07,"Oxford/AstraZeneca, Pfizer/BioNTech",https://msh.rks-gov.net/sq/statistikat-covid-19/,1837142,906706,824992,105444
Kosovo,2023-01-14,"Oxford/AstraZeneca, Pfizer/BioNTech",https://msh.rks-gov.net/sq/statistikat-covid-19/,1837224,906747,825008,105469
Kosovo,2023-01-15,"Oxford/AstraZeneca, Pfizer/BioNTech",https://msh.rks-gov.net/sq/statistikat-covid-19/,1837225,906747,825008,105470
Kosovo,2023-01-27,"Oxford/AstraZeneca, Pfizer/BioNTech",https://msh.rks-gov.net/sq/statistikat-covid-19/,1837363,906807,825060,105496
Kosovo,2023-02-12,"Oxford/AstraZeneca, Pfizer/BioNTech",https://msh.rks-gov.net/sq/statistikat-covid-19/,1837446,906858,825082,105506
