location,date,vaccine,source_url,total_vaccinations,people_vaccinated,people_fully_vaccinated,total_boosters
Kuwait,2020-12-28,Pfizer/BioNTech,https://alqabas.com/article/5828928-2500-شخص-حصلوا-على-لقاح-كورونا-في-يومين?id=5828928,2500,,,
Kuwait,2021-01-26,Pfizer/BioNTech,https://gulfnews.com/world/gulf/kuwait/covid-19-35000-vaccinated-in-kuwait-in-one-month-1.76746518,35000,,,
Kuwait,2021-02-15,Pfizer/BioNTech,https://news.kuwaittimes.net/website/compliance-or-lockdown-virus-here-to-stay-till-judgment-day/,175000,137000,38000,
Kuwait,2021-03-08,Pfizer/BioNTech,https://twitter.com/KUWAIT_MOH/status/1368961318095626243,360000,322000,38000,
Kuwait,2021-03-22,Pfizer/BioNTech,https://twitter.com/Almajlliss/status/1374039548192247808,538000,500000,38000,
Kuwait,2021-03-29,Pfizer/BioNTech,https://twitter.com/drayalsanad/status/1376585974948499459,604861,,38000,
Kuwait,2021-04-18,Pfizer/BioNTech,https://gulfnews.com/world/gulf/kuwait/covid-19-882000-people-get-vaccine-in-kuwait-1.78587417,860000,822000,38000,
Kuwait,2021-04-25,Pfizer/BioNTech,https://news.kuwaittimes.net/website/one-million-vaccine-doses-given-in-kuwait/,1000000,,,
Kuwait,2021-05-04,Pfizer/BioNTech,https://twitter.com/alqabas/status/1389614756483510276,1367000,,,
Kuwait,2021-05-06,Pfizer/BioNTech,https://twitter.com/aljarida/status/1390363657381494784,1440000,,,
Kuwait,2021-05-16,Pfizer/BioNTech,https://www.aljarida.com/articles/1621187972024941600/,1820000,,,
Kuwait,2021-07-03,Pfizer/BioNTech,https://twitter.com/KUWAIT_MOH/status/1411777117713543173,2375455,1452148,923307,
Kuwait,2021-08-14,Pfizer/BioNTech,https://covid19.who.int,2668082,,,
Kuwait,2021-11-30,Pfizer/BioNTech,https://www.moh.gov.kw/en/Pages/default.aspx,6578646,3304574,3165385,108687
Kuwait,2021-12-05,"Johnson&Johnson, Moderna, Oxford/AstraZeneca, Pfizer/BioNTech, Sinopharm/Beijing",https://covid19.who.int/,6591711,,,
Kuwait,2021-12-09,"Johnson&Johnson, Moderna, Oxford/AstraZeneca, Pfizer/BioNTech, Sinopharm/Beijing",https://covid19.who.int/,6636245,3314143,3179881,
Kuwait,2021-12-13,"Johnson&Johnson, Moderna, Oxford/AstraZeneca, Pfizer/BioNTech, Sinopharm/Beijing",https://covid19.who.int/,6677397,3317686,3187039,
Kuwait,2021-12-15,"Johnson&Johnson, Moderna, Oxford/AstraZeneca, Pfizer/BioNTech, Sinopharm/Beijing",https://covid19.who.int/,6719055,3320794,3193897,
Kuwait,2021-12-20,"Johnson&Johnson, Moderna, Oxford/AstraZeneca, Pfizer/BioNTech, Sinopharm/Beijing",https://covid19.who.int/,6790606,3325463,3203278,
Kuwait,2021-12-23,"Johnson&Johnson, Moderna, Oxford/AstraZeneca, Pfizer/BioNTech, Sinopharm/Beijing",https://covid19.who.int/,6853262,3329713,3210223,
Kuwait,2021-12-27,"Johnson&Johnson, Moderna, Oxford/AstraZeneca, Pfizer/BioNTech, Sinopharm/Beijing",https://www.moh.gov.kw/en/Pages/default.aspx,6930770,3333850,,380911
Kuwait,2021-12-28,"Johnson&Johnson, Moderna, Oxford/AstraZeneca, Pfizer/BioNTech, Sinopharm/Beijing",https://covid19.who.int/,6942690,3334421,3216700,
Kuwait,2022-01-05,"Johnson&Johnson, Moderna, Oxford/AstraZeneca, Pfizer/BioNTech, Sinopharm/Beijing",https://covid19.who.int/,7062411,3341309,3224987,
Kuwait,2022-01-09,"Johnson&Johnson, Moderna, Oxford/AstraZeneca, Pfizer/BioNTech, Sinopharm/Beijing",https://covid19.who.int/,7100784,3344173,3228399,
Kuwait,2022-01-10,"Johnson&Johnson, Moderna, Oxford/AstraZeneca, Pfizer/BioNTech, Sinopharm/Beijing",https://covid19.who.int/,7119791,3345561,3230155,
Kuwait,2022-01-13,"Johnson&Johnson, Moderna, Oxford/AstraZeneca, Pfizer/BioNTech, Sinopharm/Beijing",https://covid19.who.int/,7166114,3348999,3234464,
Kuwait,2022-01-17,"Johnson&Johnson, Moderna, Oxford/AstraZeneca, Pfizer/BioNTech, Sinopharm/Beijing",https://covid19.who.int/,7198089,3352444,3238463,
Kuwait,2022-01-19,"Johnson&Johnson, Moderna, Oxford/AstraZeneca, Pfizer/BioNTech, Sinopharm/Beijing",https://covid19.who.int/,7214597,3353921,3240675,
Kuwait,2022-01-23,"Johnson&Johnson, Moderna, Oxford/AstraZeneca, Pfizer/BioNTech, Sinopharm/Beijing",https://covid19.who.int/,7243697,3357463,3244850,
Kuwait,2022-01-25,"Johnson&Johnson, Moderna, Oxford/AstraZeneca, Pfizer/BioNTech, Sinopharm/Beijing",https://covid19.who.int/,7301108,3362105,3250307,
Kuwait,2022-01-27,"Johnson&Johnson, Moderna, Oxford/AstraZeneca, Pfizer/BioNTech, Sinopharm/Beijing",https://covid19.who.int/,7311606,3363551,3252071,
Kuwait,2022-01-31,"Johnson&Johnson, Moderna, Oxford/AstraZeneca, Pfizer/BioNTech, Sinopharm/Beijing",https://covid19.who.int/,7332551,3366671,3256029,
Kuwait,2022-02-02,"Johnson&Johnson, Moderna, Oxford/AstraZeneca, Pfizer/BioNTech, Sinopharm/Beijing",https://covid19.who.int/,7345882,3368291,3258446,
Kuwait,2022-02-07,"Johnson&Johnson, Moderna, Oxford/AstraZeneca, Pfizer/BioNTech, Sinopharm/Beijing",https://covid19.who.int/,7371952,3372412,3262695,
Kuwait,2022-02-10,"Johnson&Johnson, Moderna, Oxford/AstraZeneca, Pfizer/BioNTech, Sinopharm/Beijing",https://covid19.who.int/,,3376127,,
Kuwait,2022-02-20,"Johnson&Johnson, Moderna, Oxford/AstraZeneca, Pfizer/BioNTech, Sinopharm/Beijing",https://covid19.who.int/,7502337,3382899,3271835,
Kuwait,2022-02-27,"Johnson&Johnson, Moderna, Oxford/AstraZeneca, Pfizer/BioNTech, Sinopharm/Beijing",https://covid19.who.int/,7567520,3391299,3275680,
Kuwait,2022-03-06,"Johnson&Johnson, Moderna, Oxford/AstraZeneca, Pfizer/BioNTech, Sinopharm/Beijing",https://covid19.who.int/,7592265,3393521,3277287,
Kuwait,2022-03-17,"Johnson&Johnson, Moderna, Oxford/AstraZeneca, Pfizer/BioNTech, Sinopharm/Beijing",https://covid19.who.int/,7752791,3406769,3281631,
Kuwait,2022-03-24,"Johnson&Johnson, Moderna, Oxford/AstraZeneca, Pfizer/BioNTech, Sinopharm/Beijing",https://covid19.who.int/,7814545,3410314,3283891,1120340
Kuwait,2022-04-04,"Johnson&Johnson, Moderna, Oxford/AstraZeneca, Pfizer/BioNTech, Sinopharm/Beijing",https://covid19.who.int/,7879349,3413831,3287244,1178274
Kuwait,2022-04-12,"Johnson&Johnson, Moderna, Oxford/AstraZeneca, Pfizer/BioNTech, Sinopharm/Beijing",https://covid19.who.int/,7917422,3415828,3289299,1212295
Kuwait,2022-04-18,"Johnson&Johnson, Moderna, Oxford/AstraZeneca, Pfizer/BioNTech, Sinopharm/Beijing",https://covid19.who.int/,7939118,3416986,3290775,1231357
Kuwait,2022-04-26,"Johnson&Johnson, Moderna, Oxford/AstraZeneca, Pfizer/BioNTech, Sinopharm/Beijing",https://covid19.who.int/,7964451,3419301,3293862,1251288
Kuwait,2022-04-27,"Johnson&Johnson, Moderna, Oxford/AstraZeneca, Pfizer/BioNTech, Sinopharm/Beijing",https://covid19.who.int/,7969160,3419874,3294466,1254820
Kuwait,2022-05-05,"CanSino, Covaxin, Johnson&Johnson, Moderna, Oxford/AstraZeneca, Pfizer/BioNTech, Sinopharm/Beijing, Sinovac, Sputnik Light, Sputnik V",https://covid19.who.int/,7976507,3420874,3296175,1259458
Kuwait,2022-05-08,"CanSino, Covaxin, Johnson&Johnson, Moderna, Oxford/AstraZeneca, Pfizer/BioNTech, Sinopharm/Beijing, Sinovac, Sputnik Light, Sputnik V",https://covid19.who.int/,7980459,3421205,3298011,1261243
Kuwait,2022-05-10,"CanSino, Covaxin, Johnson&Johnson, Moderna, Oxford/AstraZeneca, Pfizer/BioNTech, Sinopharm/Beijing, Sinovac, Sputnik Light, Sputnik V",https://covid19.who.int/,7990026,3421731,3300602,1267693
Kuwait,2022-05-15,"CanSino, Covaxin, Johnson&Johnson, Moderna, Oxford/AstraZeneca, Pfizer/BioNTech, Sinopharm/Beijing, Sinovac, Sputnik Light, Sputnik V",https://covid19.who.int/,8002689,3422607,3303573,1276509
Kuwait,2022-05-23,"CanSino, Covaxin, Johnson&Johnson, Moderna, Oxford/AstraZeneca, Pfizer/BioNTech, Sinopharm/Beijing, Sinovac, Sputnik Light, Sputnik V",https://covid19.who.int/,8022755,3424619,3307357,1290779
Kuwait,2022-06-01,"CanSino, Covaxin, Johnson&Johnson, Moderna, Oxford/AstraZeneca, Pfizer/BioNTech, Sinopharm/Beijing, Sinovac, Sputnik Light, Sputnik V",https://covid19.who.int/,8043969,3426459,3310871,1306639
Kuwait,2022-06-15,"CanSino, Covaxin, Johnson&Johnson, Moderna, Oxford/AstraZeneca, Pfizer/BioNTech, Sinopharm/Beijing, Sinovac, Sputnik Light, Sputnik V",https://covid19.who.int/,8079566,3429780,3316630,1333156
Kuwait,2022-06-21,"CanSino, Covaxin, Johnson&Johnson, Moderna, Oxford/AstraZeneca, Pfizer/BioNTech, Sinopharm/Beijing, Sinovac, Sputnik Light, Sputnik V",https://covid19.who.int/,8098448,3431562,3319074,1347812
Kuwait,2022-06-27,"CanSino, Covaxin, Johnson&Johnson, Moderna, Oxford/AstraZeneca, Pfizer/BioNTech, Sinopharm/Beijing, Sinovac, Sputnik Light, Sputnik V",https://covid19.who.int/,8112363,3432854,3320935,1358574
Kuwait,2022-06-30,"CanSino, Covaxin, Johnson&Johnson, Moderna, Oxford/AstraZeneca, Pfizer/BioNTech, Sinopharm/Beijing, Sinovac, Sputnik Light, Sputnik V",https://covid19.who.int/,8120613,3433696,3322065,1364852
Kuwait,2022-07-10,"CanSino, Covaxin, Johnson&Johnson, Moderna, Oxford/AstraZeneca, Pfizer/BioNTech, Sinopharm/Beijing, Sinovac, Sputnik Light, Sputnik V",https://covid19.who.int/,8141439,3435840,3324867,1380732
Kuwait,2022-07-19,"CanSino, Covaxin, Johnson&Johnson, Moderna, Oxford/AstraZeneca, Pfizer/BioNTech, Sinopharm/Beijing, Sinovac, Sputnik Light, Sputnik V",https://covid19.who.int/,8164098,3438215,3328032,1397851
Kuwait,2022-07-27,"CanSino, Covaxin, Johnson&Johnson, Moderna, Oxford/AstraZeneca, Pfizer/BioNTech, Sinopharm/Beijing, Sinovac, Sputnik Light, Sputnik V",https://covid19.who.int/,8173067,3439433,3329555,1404079
Kuwait,2022-08-02,"CanSino, Covaxin, Johnson&Johnson, Moderna, Oxford/AstraZeneca, Pfizer/BioNTech, Sinopharm/Beijing, Sinovac, Sputnik Light, Sputnik V",https://covid19.who.int/,8179003,3440132,3330480,1408391
Kuwait,2022-08-09,"CanSino, Covaxin, Johnson&Johnson, Moderna, Oxford/AstraZeneca, Pfizer/BioNTech, Sinopharm/Beijing, Sinovac, Sputnik Light, Sputnik V",https://covid19.who.int/,8188392,3441269,3331844,1415279
Kuwait,2022-08-22,"CanSino, Covaxin, Johnson&Johnson, Moderna, Oxford/AstraZeneca, Pfizer/BioNTech, Sinopharm/Beijing, Sinovac, Sputnik Light, Sputnik V",https://covid19.who.int/,8193294,3441784,3332703,1418807
Kuwait,2022-08-30,"CanSino, Covaxin, Johnson&Johnson, Moderna, Oxford/AstraZeneca, Pfizer/BioNTech, Sinopharm/Beijing, Sinovac, Sputnik Light, Sputnik V",https://covid19.who.int/,8201395,3442938,3334424,1424033
Kuwait,2022-09-04,"CanSino, Covaxin, Johnson&Johnson, Moderna, Oxford/AstraZeneca, Pfizer/BioNTech, Sinopharm/Beijing, Sinovac, Sputnik Light, Sputnik V",https://covid19.who.int/,8203261,3443212,3334827,1425222
Kuwait,2022-09-11,"CanSino, Covaxin, Johnson&Johnson, Moderna, Oxford/AstraZeneca, Pfizer/BioNTech, Sinopharm/Beijing, Sinovac, Sputnik Light, Sputnik V",https://covid19.who.int/,8206793,3443742,3335554,1427497
Kuwait,2022-09-18,"CanSino, Covaxin, Johnson&Johnson, Moderna, Oxford/AstraZeneca, Pfizer/BioNTech, Sinopharm/Beijing, Sinovac, Sputnik Light, Sputnik V",https://covid19.who.int/,8209255,3444145,3336088,1429022
Kuwait,2022-09-26,"CanSino, Covaxin, Johnson&Johnson, Moderna, Oxford/AstraZeneca, Pfizer/BioNTech, Sinopharm/Beijing, Sinovac, Sputnik Light, Sputnik V",https://covid19.who.int/,8213542,3444927,3337033,1431582
Kuwait,2022-09-28,"CanSino, Covaxin, Johnson&Johnson, Moderna, Oxford/AstraZeneca, Pfizer/BioNTech, Sinopharm/Beijing, Sinovac, Sputnik Light, Sputnik V",https://covid19.who.int/,8214656,3445141,3337299,1432216
Kuwait,2022-10-04,"CanSino, Covaxin, Johnson&Johnson, Moderna, Oxford/AstraZeneca, Pfizer/BioNTech, Sinopharm/Beijing, Sinovac, Sputnik Light, Sputnik V",https://covid19.who.int/,8216506,3445426,3337702,1433378
Kuwait,2022-10-11,"CanSino, Covaxin, Johnson&Johnson, Moderna, Oxford/AstraZeneca, Pfizer/BioNTech, Sinopharm/Beijing, Sinovac, Sputnik Light, Sputnik V",https://covid19.who.int/,8219531,3446004,3338272,1435255
Kuwait,2022-10-16,"CanSino, Covaxin, Johnson&Johnson, Moderna, Oxford/AstraZeneca, Pfizer/BioNTech, Sinopharm/Beijing, Sinovac, Sputnik Light, Sputnik V",https://covid19.who.int/,8223203,3446920,3338781,1437502
Kuwait,2022-10-23,"CanSino, Covaxin, Johnson&Johnson, Moderna, Oxford/AstraZeneca, Pfizer/BioNTech, Sinopharm/Beijing, Sinovac, Sputnik Light, Sputnik V",https://covid19.who.int/,8227208,3447845,3339301,1440062
Kuwait,2022-11-01,"CanSino, Covaxin, Johnson&Johnson, Moderna, Oxford/AstraZeneca, Pfizer/BioNTech, Sinopharm/Beijing, Sinovac, Sputnik Light, Sputnik V",https://covid19.who.int/,8234633,3449660,3340106,1444867
Kuwait,2022-11-02,"CanSino, Covaxin, Johnson&Johnson, Moderna, Oxford/AstraZeneca, Pfizer/BioNTech, Sinopharm/Beijing, Sinovac, Sputnik Light, Sputnik V",https://covid19.who.int/,8235679,3449971,3340204,1445504
Kuwait,2022-11-08,"CanSino, Covaxin, Johnson&Johnson, Moderna, Oxford/AstraZeneca, Pfizer/BioNTech, Sinopharm/Beijing, Sinovac, Sputnik Light, Sputnik V",https://covid19.who.int/,8240035,3450995,3340860,1448180
Kuwait,2022-11-15,"CanSino, Covaxin, Johnson&Johnson, Moderna, Oxford/AstraZeneca, Pfizer/BioNTech, Sinopharm/Beijing, Sinovac, Sputnik Light, Sputnik V",https://covid19.who.int/,8245449,3452387,3341295,1451767
Kuwait,2022-11-20,"CanSino, Covaxin, Johnson&Johnson, Moderna, Oxford/AstraZeneca, Pfizer/BioNTech, Sinopharm/Beijing, Sinovac, Sputnik Light, Sputnik V",https://covid19.who.int/,8248248,3453073,3341726,1453449
Kuwait,2022-11-28,"CanSino, Covaxin, Johnson&Johnson, Moderna, Oxford/AstraZeneca, Pfizer/BioNTech, Sinopharm/Beijing, Sinovac, Sputnik Light, Sputnik V",https://covid19.who.int/,8250357,3453545,3342147,1454665
Kuwait,2022-12-05,"CanSino, Covaxin, Johnson&Johnson, Moderna, Oxford/AstraZeneca, Pfizer/BioNTech, Sinopharm/Beijing, Sinovac, Sputnik Light, Sputnik V",https://covid19.who.int/,8252463,3453960,3342557,1455946
Kuwait,2022-12-11,"CanSino, Covaxin, Johnson&Johnson, Moderna, Oxford/AstraZeneca, Pfizer/BioNTech, Sinopharm/Beijing, Sinovac, Sputnik Light, Sputnik V",https://covid19.who.int/,8253973,3454275,3342877,1456821
Kuwait,2022-12-12,"CanSino, Covaxin, Johnson&Johnson, Moderna, Oxford/AstraZeneca, Pfizer/BioNTech, Sinopharm/Beijing, Sinovac, Sputnik Light, Sputnik V",https://covid19.who.int/,8254305,3454344,3342954,1457007
Kuwait,2022-12-22,"CanSino, Covaxin, Johnson&Johnson, Moderna, Oxford/AstraZeneca, Pfizer/BioNTech, Sinopharm/Beijing, Sinovac, Sputnik Light, Sputnik V",https://covid19.who.int/,8255386,3454823,3343442,1457121
Kuwait,2023-01-06,"CanSino, Covaxin, Johnson&Johnson, Moderna, Oxford/AstraZeneca, Pfizer/BioNTech, Sinopharm/Beijing, Sinovac, Sputnik Light, Sputnik V",https://covid19.who.int/,8256563,3455425,3343911,1457227
Kuwait,2023-01-09,"CanSino, Covaxin, Johnson&Johnson, Moderna, Oxford/AstraZeneca, Pfizer/BioNTech, Sinopharm/Beijing, Sinovac, Sputnik Light, Sputnik V",https://covid19.who.int/,8256588,3455437,3343924,1457227
Kuwait,2023-01-22,"CanSino, Covaxin, Johnson&Johnson, Moderna, Oxford/AstraZeneca, Pfizer/BioNTech, Sinopharm/Beijing, Sinovac, Sputnik Light, Sputnik V",https://covid19.who.int/,8257593,3455871,3344375,1457347
Kuwait,2023-01-29,"CanSino, Covaxin, Johnson&Johnson, Moderna, Oxford/AstraZeneca, Pfizer/BioNTech, Sinopharm/Beijing, Sinovac, Sputnik Light, Sputnik V",https://covid19.who.int/,8258076,3456075,3344576,1457425
Kuwait,2023-02-13,"CanSino, Covaxin, Johnson&Johnson, Moderna, Oxford/AstraZeneca, Pfizer/BioNTech, Sinopharm/Beijing, Sinovac, Sputnik Light, Sputnik V",https://covid19.who.int/,8258460,3456247,3344750,1457463
Kuwait,2023-02-14,"CanSino, Covaxin, Johnson&Johnson, Moderna, Oxford/AstraZeneca, Pfizer/BioNTech, Sinopharm/Beijing, Sinovac, Sputnik Light, Sputnik V",https://covid19.who.int/,8258569,3456298,3344805,1457466
Kuwait,2023-02-19,"CanSino, Covaxin, Johnson&Johnson, Moderna, Oxford/AstraZeneca, Pfizer/BioNTech, Sinopharm/Beijing, Sinovac, Sputnik Light, Sputnik V",https://covid19.who.int/,8258614,3456328,3344818,1457468
Kuwait,2023-02-21,"CanSino, Covaxin, Johnson&Johnson, Moderna, Oxford/AstraZeneca, Pfizer/BioNTech, Sinopharm/Beijing, Sinovac, Sputnik Light, Sputnik V",https://covid19.who.int/,8258651,3456345,3344837,1457469
Kuwait,2023-02-26,"CanSino, Covaxin, Johnson&Johnson, Moderna, Oxford/AstraZeneca, Pfizer/BioNTech, Sinopharm/Beijing, Sinovac, Sputnik Light, Sputnik V",https://covid19.who.int/,8258689,3456358,3344861,1457470
Kuwait,2023-02-28,"CanSino, Covaxin, Johnson&Johnson, Moderna, Oxford/AstraZeneca, Pfizer/BioNTech, Sinopharm/Beijing, Sinovac, Sputnik Light, Sputnik V",https://covid19.who.int/,8258789,3456391,3344924,1457474
Kuwait,2023-03-05,"CanSino, Covaxin, Johnson&Johnson, Moderna, Oxford/AstraZeneca, Pfizer/BioNTech, Sinopharm/Beijing, Sinovac, Sputnik Light, Sputnik V",https://covid19.who.int/,8258884,3456423,3344983,1457478
Kuwait,2023-03-07,"CanSino, Covaxin, Johnson&Johnson, Moderna, Oxford/AstraZeneca, Pfizer/BioNTech, Sinopharm/Beijing, Sinovac, Sputnik Light, Sputnik V",https://covid19.who.int/,8258948,3456454,3345016,1457478
Kuwait,2023-03-12,"CanSino, Covaxin, Johnson&Johnson, Moderna, Oxford/AstraZeneca, Pfizer/BioNTech, Sinopharm/Beijing, Sinovac, Sputnik Light, Sputnik V",https://covid19.who.int/,8259024,3456481,3345064,1457479
Kuwait,2023-03-14,"CanSino, Covaxin, Johnson&Johnson, Moderna, Oxford/AstraZeneca, Pfizer/BioNTech, Sinopharm/Beijing, Sinovac, Sputnik Light, Sputnik V",https://covid19.who.int/,8259065,3456497,3345089,1457479
Kuwait,2023-03-19,"CanSino, Covaxin, Johnson&Johnson, Moderna, Oxford/AstraZeneca, Pfizer/BioNTech, Sinopharm/Beijing, Sinovac, Sputnik Light, Sputnik V",https://covid19.who.int/,8259149,3456530,3345134,1457485
Kuwait,2023-03-21,"CanSino, Covaxin, Johnson&Johnson, Moderna, Oxford/AstraZeneca, Pfizer/BioNTech, Sinopharm/Beijing, Sinovac, Sputnik Light, Sputnik V",https://covid19.who.int/,8259228,3456560,3345178,1457490
Kuwait,2023-03-26,"CanSino, Covaxin, Johnson&Johnson, Moderna, Oxford/AstraZeneca, Pfizer/BioNTech, Sinopharm/Beijing, Sinovac, Sputnik Light, Sputnik V",https://covid19.who.int/,8259275,3456579,3345205,1457491
Kuwait,2023-03-28,"CanSino, Covaxin, Johnson&Johnson, Moderna, Oxford/AstraZeneca, Pfizer/BioNTech, Sinopharm/Beijing, Sinovac, Sputnik Light, Sputnik V",https://covid19.who.int/,8259320,3456597,3345232,1457491
Kuwait,2023-04-02,"CanSino, Covaxin, Johnson&Johnson, Moderna, Oxford/AstraZeneca, Pfizer/BioNTech, Sinopharm/Beijing, Sinovac, Sputnik Light, Sputnik V",https://covid19.who.int/,8259373,3456620,3345262,1457491
Kuwait,2023-04-09,"CanSino, Covaxin, Johnson&Johnson, Moderna, Oxford/AstraZeneca, Pfizer/BioNTech, Sinopharm/Beijing, Sinovac, Sputnik Light, Sputnik V",https://covid19.who.int/,8259575,3456716,3345363,1457496
Kuwait,2023-04-16,"CanSino, Covaxin, Johnson&Johnson, Moderna, Oxford/AstraZeneca, Pfizer/BioNTech, Sinopharm/Beijing, Sinovac, Sputnik Light, Sputnik V",https://covid19.who.int/,8259742,3456794,3345440,1457508
Kuwait,2023-04-24,"CanSino, Covaxin, Johnson&Johnson, Moderna, Oxford/AstraZeneca, Pfizer/BioNTech, Sinopharm/Beijing, Sinovac, Sputnik Light, Sputnik V",https://covid19.who.int/,8259811,3456825,3345476,1457510
Kuwait,2023-04-25,"CanSino, Covaxin, Johnson&Johnson, Moderna, Oxford/AstraZeneca, Pfizer/BioNTech, Sinopharm/Beijing, Sinovac, Sputnik Light, Sputnik V",https://covid19.who.int/,8259850,3456834,3345503,1457513
Kuwait,2023-04-30,"CanSino, Covaxin, Johnson&Johnson, Moderna, Oxford/AstraZeneca, Pfizer/BioNTech, Sinopharm/Beijing, Sinovac, Sputnik Light, Sputnik V",https://covid19.who.int/,8259894,3456856,3345524,1457514
Kuwait,2023-05-03,"CanSino, Covaxin, Johnson&Johnson, Moderna, Oxford/AstraZeneca, Pfizer/BioNTech, Sinopharm/Beijing, Sinovac, Sputnik Light, Sputnik V",https://covid19.who.int/,8259935,3456874,3345546,1457515
Kuwait,2023-05-07,"CanSino, Covaxin, Johnson&Johnson, Moderna, Oxford/AstraZeneca, Pfizer/BioNTech, Sinopharm/Beijing, Sinovac, Sputnik Light, Sputnik V",https://covid19.who.int/,8259985,3456895,3345574,1457516
Kuwait,2023-05-09,"CanSino, Covaxin, Johnson&Johnson, Moderna, Oxford/AstraZeneca, Pfizer/BioNTech, Sinopharm/Beijing, Sinovac, Sputnik Light, Sputnik V",https://covid19.who.int/,8260050,3456926,3345608,1457516
Kuwait,2023-05-14,"CanSino, Covaxin, Johnson&Johnson, Moderna, Oxford/AstraZeneca, Pfizer/BioNTech, Sinopharm/Beijing, Sinovac, Sputnik Light, Sputnik V",https://covid19.who.int/,8260099,3456952,3345629,1457518
Kuwait,2023-05-21,"CanSino, Covaxin, Johnson&Johnson, Moderna, Oxford/AstraZeneca, Pfizer/BioNTech, Sinopharm/Beijing, Sinovac, Sputnik Light, Sputnik V",https://covid19.who.int/,8260247,3457022,3345706,1457519
Kuwait,2023-05-29,"CanSino, Covaxin, Johnson&Johnson, Moderna, Oxford/AstraZeneca, Pfizer/BioNTech, Sinopharm/Beijing, Sinovac, Sputnik Light, Sputnik V",https://covid19.who.int/,8260362,3457067,3345772,1457523
Kuwait,2023-05-30,"CanSino, Covaxin, Johnson&Johnson, Moderna, Oxford/AstraZeneca, Pfizer/BioNTech, Sinopharm/Beijing, Sinovac, Sputnik Light, Sputnik V",https://covid19.who.int/,8260414,3457089,3345802,1457523
Kuwait,2023-06-04,"CanSino, Covaxin, Johnson&Johnson, Moderna, Oxford/AstraZeneca, Pfizer/BioNTech, Sinopharm/Beijing, Sinovac, Sputnik Light, Sputnik V",https://covid19.who.int/,8260427,3457096,3345808,1457523
Kuwait,2023-06-06,"CanSino, Covaxin, Johnson&Johnson, Moderna, Oxford/AstraZeneca, Pfizer/BioNTech, Sinopharm/Beijing, Sinovac, Sputnik Light, Sputnik V",https://covid19.who.int/,8260442,3457104,3345815,1457523
Kuwait,2023-06-11,"CanSino, Covaxin, Johnson&Johnson, Moderna, Oxford/AstraZeneca, Pfizer/BioNTech, Sinopharm/Beijing, Sinovac, Sputnik Light, Sputnik V",https://covid19.who.int/,8260478,3457121,3345834,1457523
Kuwait,2023-06-13,"CanSino, Covaxin, Johnson&Johnson, Moderna, Oxford/AstraZeneca, Pfizer/BioNTech, Sinopharm/Beijing, Sinovac, Sputnik Light, Sputnik V",https://covid19.who.int/,8260485,3457124,3345838,1457523
Kuwait,2023-06-18,"CanSino, Covaxin, Johnson&Johnson, Moderna, Oxford/AstraZeneca, Pfizer/BioNTech, Sinopharm/Beijing, Sinovac, Sputnik Light, Sputnik V",https://covid19.who.int/,8260540,3457150,3345866,1457524
Kuwait,2023-06-27,"CanSino, Covaxin, Johnson&Johnson, Moderna, Oxford/AstraZeneca, Pfizer/BioNTech, Sinopharm/Beijing, Sinovac, Sputnik Light, Sputnik V",https://covid19.who.int/,8260583,3457171,3345888,1457524
Kuwait,2023-07-04,"CanSino, Covaxin, Johnson&Johnson, Moderna, Oxford/AstraZeneca, Pfizer/BioNTech, Sinopharm/Beijing, Sinovac, Sputnik Light, Sputnik V",https://covid19.who.int/,8260637,3457197,3345916,1457524
Kuwait,2023-07-11,"CanSino, Covaxin, Johnson&Johnson, Moderna, Oxford/AstraZeneca, Pfizer/BioNTech, Sinopharm/Beijing, Sinovac, Sputnik Light, Sputnik V",https://covid19.who.int/,8260660,3457209,3345927,1457524
Kuwait,2023-07-23,"CanSino, Covaxin, Johnson&Johnson, Moderna, Oxford/AstraZeneca, Pfizer/BioNTech, Sinopharm/Beijing, Sinovac, Sputnik Light, Sputnik V",https://covid19.who.int/,8260690,3457227,3345939,1457524
Kuwait,2023-07-25,"CanSino, Covaxin, Johnson&Johnson, Moderna, Oxford/AstraZeneca, Pfizer/BioNTech, Sinopharm/Beijing, Sinovac, Sputnik Light, Sputnik V",https://covid19.who.int/,8260744,3457258,3345962,1457524
Kuwait,2023-07-30,"CanSino, Covaxin, Johnson&Johnson, Moderna, Oxford/AstraZeneca, Pfizer/BioNTech, Sinopharm/Beijing, Sinovac, Sputnik Light, Sputnik V",https://covid19.who.int/,8260751,3457264,3345963,1457524
Kuwait,2023-08-01,"CanSino, Covaxin, Johnson&Johnson, Moderna, Oxford/AstraZeneca, Pfizer/BioNTech, Sinopharm/Beijing, Sinovac, Sputnik Light, Sputnik V",https://covid19.who.int/,8260787,3457284,3345979,1457524
Kuwait,2023-08-06,"CanSino, Covaxin, Johnson&Johnson, Moderna, Oxford/AstraZeneca, Pfizer/BioNTech, Sinopharm/Beijing, Sinovac, Sputnik Light, Sputnik V",https://covid19.who.int/,8260813,3457297,3345992,1457524
Kuwait,2023-08-08,"CanSino, Covaxin, Johnson&Johnson, Moderna, Oxford/AstraZeneca, Pfizer/BioNTech, Sinopharm/Beijing, Sinovac, Sputnik Light, Sputnik V",https://covid19.who.int/,8260831,3457309,3345998,1457524
Kuwait,2023-08-13,"CanSino, Covaxin, Johnson&Johnson, Moderna, Oxford/AstraZeneca, Pfizer/BioNTech, Sinopharm/Beijing, Sinovac, Sputnik Light, Sputnik V",https://covid19.who.int/,8260850,3457320,3346006,1457524
Kuwait,2023-08-15,"CanSino, Covaxin, Johnson&Johnson, Moderna, Oxford/AstraZeneca, Pfizer/BioNTech, Sinopharm/Beijing, Sinovac, Sputnik Light, Sputnik V",https://covid19.who.int/,8260870,3457332,3346014,1457524
Kuwait,2023-08-20,"CanSino, Covaxin, Johnson&Johnson, Moderna, Oxford/AstraZeneca, Pfizer/BioNTech, Sinopharm/Beijing, Sinovac, Sputnik Light, Sputnik V",https://covid19.who.int/,8260904,3457352,3346028,1457524
Kuwait,2023-08-27,"CanSino, Covaxin, Johnson&Johnson, Moderna, Oxford/AstraZeneca, Pfizer/BioNTech, Sinopharm/Beijing, Sinovac, Sputnik Light, Sputnik V",https://covid19.who.int/,8260934,3457371,3346039,1457524
Kuwait,2023-09-01,"CanSino, Covaxin, Johnson&Johnson, Moderna, Oxford/AstraZeneca, Pfizer/BioNTech, Sinopharm/Beijing, Sinovac, Sputnik Light, Sputnik V",https://covid19.who.int/,8260972,3457388,3346057,1457527
Kuwait,2023-09-05,"CanSino, Covaxin, Johnson&Johnson, Moderna, Oxford/AstraZeneca, Pfizer/BioNTech, Sinopharm/Beijing, Sinovac, Sputnik Light, Sputnik V",https://covid19.who.int/,8260979,3457391,3346061,1457527
Kuwait,2023-09-10,"CanSino, Covaxin, Johnson&Johnson, Moderna, Oxford/AstraZeneca, Pfizer/BioNTech, Sinopharm/Beijing, Sinovac, Sputnik Light, Sputnik V",https://covid19.who.int/,8261000,3457402,3346071,1457527
Kuwait,2023-09-17,"CanSino, Covaxin, Johnson&Johnson, Moderna, Oxford/AstraZeneca, Pfizer/BioNTech, Sinopharm/Beijing, Sinovac, Sputnik Light, Sputnik V",https://covid19.who.int/,8261007,3457404,3346074,1457529
Kuwait,2023-09-19,"CanSino, Covaxin, Johnson&Johnson, Moderna, Oxford/AstraZeneca, Pfizer/BioNTech, Sinopharm/Beijing, Sinovac, Sputnik Light, Sputnik V",https://covid19.who.int/,8261024,3457412,3346082,1457530
Kuwait,2023-09-26,"CanSino, Covaxin, Johnson&Johnson, Moderna, Oxford/AstraZeneca, Pfizer/BioNTech, Sinopharm/Beijing, Sinovac, Sputnik Light, Sputnik V",https://covid19.who.int/,8261067,3457430,3346100,1457537
Kuwait,2023-10-08,"CanSino, Covaxin, Johnson&Johnson, Moderna, Oxford/AstraZeneca, Pfizer/BioNTech, Sinopharm/Beijing, Sinovac, Sputnik Light, Sputnik V",https://covid19.who.int/,8261099,3457446,3346114,1457539
Kuwait,2023-10-16,"CanSino, Covaxin, Johnson&Johnson, Moderna, Oxford/AstraZeneca, Pfizer/BioNTech, Sinopharm/Beijing, Sinovac, Sputnik Light, Sputnik V",https://covid19.who.int/,8261122,3457455,3346127,1457540
Kuwait,2023-10-24,"CanSino, Covaxin, Johnson&Johnson, Moderna, Oxford/AstraZeneca, Pfizer/BioNTech, Sinopharm/Beijing, Sinovac, Sputnik Light, Sputnik V",https://covid19.who.int/,8261153,3457468,3346141,1457544
Kuwait,2023-11-05,"CanSino, Covaxin, Johnson&Johnson, Moderna, Oxford/AstraZeneca, Pfizer/BioNTech, Sinopharm/Beijing, Sinovac, Sputnik Light, Sputnik V",https://covid19.who.int/,8261159,3457471,3346144,1457544
Kuwait,2023-11-07,"CanSino, Covaxin, Johnson&Johnson, Moderna, Oxford/AstraZeneca, Pfizer/BioNTech, Sinopharm/Beijing, Sinovac, Sputnik Light, Sputnik V",https://covid19.who.int/,8261171,3457475,3346151,1457545
