location,date,vaccine,source_url,total_vaccinations,people_vaccinated,people_fully_vaccinated,total_boosters
New Caledonia,2021-02-02,Pfizer/BioNTech,https://stats.pacificdata.org/vis?tm=covid&pg=0&df[ds]=SPC2&df[id]=DF_COVID_VACCINATION&df[ag]=SPC&df[vs]=1.0,1118,1118,0,
New Caledonia,2021-02-10,Pfizer/BioNTech,https://stats.pacificdata.org/vis?tm=covid&pg=0&df[ds]=SPC2&df[id]=DF_COVID_VACCINATION&df[ag]=SPC&df[vs]=1.0,1672,1672,0,
New Caledonia,2021-02-16,Pfizer/BioNTech,https://stats.pacificdata.org/vis?tm=covid&pg=0&df[ds]=SPC2&df[id]=DF_COVID_VACCINATION&df[ag]=SPC&df[vs]=1.0,2726,2454,272,
New Caledonia,2021-02-23,Pfizer/BioNTech,https://stats.pacificdata.org/vis?tm=covid&pg=0&df[ds]=SPC2&df[id]=DF_COVID_VACCINATION&df[ag]=SPC&df[vs]=1.0,4457,3432,1025,
New Caledonia,2021-03-09,Pfizer/BioNTech,https://stats.pacificdata.org/vis?tm=covid&pg=0&df[ds]=SPC2&df[id]=DF_COVID_VACCINATION&df[ag]=SPC&df[vs]=1.0,9765,7343,2422,
New Caledonia,2021-03-16,Pfizer/BioNTech,https://stats.pacificdata.org/vis?tm=covid&pg=0&df[ds]=SPC2&df[id]=DF_COVID_VACCINATION&df[ag]=SPC&df[vs]=1.0,15767,12133,3634,
New Caledonia,2021-03-23,Pfizer/BioNTech,https://stats.pacificdata.org/vis?tm=covid&pg=0&df[ds]=SPC2&df[id]=DF_COVID_VACCINATION&df[ag]=SPC&df[vs]=1.0,22707,17564,5143,
New Caledonia,2021-03-30,Pfizer/BioNTech,https://stats.pacificdata.org/vis?tm=covid&pg=0&df[ds]=SPC2&df[id]=DF_COVID_VACCINATION&df[ag]=SPC&df[vs]=1.0,28913,21192,7721,
New Caledonia,2021-04-07,Pfizer/BioNTech,https://stats.pacificdata.org/vis?tm=covid&pg=0&df[ds]=SPC2&df[id]=DF_COVID_VACCINATION&df[ag]=SPC&df[vs]=1.0,37258,24679,12579,
New Caledonia,2021-04-13,Pfizer/BioNTech,https://stats.pacificdata.org/vis?tm=covid&pg=0&df[ds]=SPC2&df[id]=DF_COVID_VACCINATION&df[ag]=SPC&df[vs]=1.0,44210,26584,17626,
New Caledonia,2021-04-20,Pfizer/BioNTech,https://stats.pacificdata.org/vis?tm=covid&pg=0&df[ds]=SPC2&df[id]=DF_COVID_VACCINATION&df[ag]=SPC&df[vs]=1.0,52881,32071,20810,
New Caledonia,2021-04-27,Pfizer/BioNTech,https://stats.pacificdata.org/vis?tm=covid&pg=0&df[ds]=SPC2&df[id]=DF_COVID_VACCINATION&df[ag]=SPC&df[vs]=1.0,60916,37070,23846,
New Caledonia,2021-05-04,Pfizer/BioNTech,https://stats.pacificdata.org/vis?tm=covid&pg=0&df[ds]=SPC2&df[id]=DF_COVID_VACCINATION&df[ag]=SPC&df[vs]=1.0,67755,41364,26391,
New Caledonia,2021-05-11,Pfizer/BioNTech,https://stats.pacificdata.org/vis?tm=covid&pg=0&df[ds]=SPC2&df[id]=DF_COVID_VACCINATION&df[ag]=SPC&df[vs]=1.0,75580,43941,31639,
New Caledonia,2021-05-18,Pfizer/BioNTech,https://stats.pacificdata.org/vis?tm=covid&pg=0&df[ds]=SPC2&df[id]=DF_COVID_VACCINATION&df[ag]=SPC&df[vs]=1.0,80734,45104,35630,
New Caledonia,2021-05-25,Pfizer/BioNTech,https://stats.pacificdata.org/vis?tm=covid&pg=0&df[ds]=SPC2&df[id]=DF_COVID_VACCINATION&df[ag]=SPC&df[vs]=1.0,86639,46508,40131,
New Caledonia,2021-06-01,Pfizer/BioNTech,https://stats.pacificdata.org/vis?tm=covid&pg=0&df[ds]=SPC2&df[id]=DF_COVID_VACCINATION&df[ag]=SPC&df[vs]=1.0,92594,49881,42713,
New Caledonia,2021-06-08,Pfizer/BioNTech,https://stats.pacificdata.org/vis?tm=covid&pg=0&df[ds]=SPC2&df[id]=DF_COVID_VACCINATION&df[ag]=SPC&df[vs]=1.0,98747,53838,44909,
New Caledonia,2021-06-15,Pfizer/BioNTech,https://stats.pacificdata.org/vis?tm=covid&pg=0&df[ds]=SPC2&df[id]=DF_COVID_VACCINATION&df[ag]=SPC&df[vs]=1.0,101168,55277,45891,
New Caledonia,2021-06-21,Pfizer/BioNTech,https://stats.pacificdata.org/vis?tm=covid&pg=0&df[ds]=SPC2&df[id]=DF_COVID_VACCINATION&df[ag]=SPC&df[vs]=1.0,104683,56691,47992,
New Caledonia,2021-06-29,Pfizer/BioNTech,https://stats.pacificdata.org/vis?tm=covid&pg=0&df[ds]=SPC2&df[id]=DF_COVID_VACCINATION&df[ag]=SPC&df[vs]=1.0,111259,59316,51943,
New Caledonia,2021-07-06,Pfizer/BioNTech,https://stats.pacificdata.org/vis?tm=covid&pg=0&df[ds]=SPC2&df[id]=DF_COVID_VACCINATION&df[ag]=SPC&df[vs]=1.0,115218,60764,54454,
New Caledonia,2021-07-20,Pfizer/BioNTech,https://stats.pacificdata.org/vis?tm=covid&pg=0&df[ds]=SPC2&df[id]=DF_COVID_VACCINATION&df[ag]=SPC&df[vs]=1.0,123185,64904,58281,
New Caledonia,2021-07-27,Pfizer/BioNTech,https://stats.pacificdata.org/vis?tm=covid&pg=0&df[ds]=SPC2&df[id]=DF_COVID_VACCINATION&df[ag]=SPC&df[vs]=1.0,125742,66159,59583,
New Caledonia,2021-08-02,Pfizer/BioNTech,https://stats.pacificdata.org/vis?tm=covid&pg=0&df[ds]=SPC2&df[id]=DF_COVID_VACCINATION&df[ag]=SPC&df[vs]=1.0,130078,68509,61569,
New Caledonia,2021-08-09,Pfizer/BioNTech,https://stats.pacificdata.org/vis?tm=covid&pg=0&df[ds]=SPC2&df[id]=DF_COVID_VACCINATION&df[ag]=SPC&df[vs]=1.0,133804,70773,63031,
New Caledonia,2021-08-16,Pfizer/BioNTech,https://stats.pacificdata.org/vis?tm=covid&pg=0&df[ds]=SPC2&df[id]=DF_COVID_VACCINATION&df[ag]=SPC&df[vs]=1.0,139022,73556,65466,
New Caledonia,2021-08-23,Pfizer/BioNTech,https://stats.pacificdata.org/vis?tm=covid&pg=0&df[ds]=SPC2&df[id]=DF_COVID_VACCINATION&df[ag]=SPC&df[vs]=1.0,144974,77705,67269,
New Caledonia,2021-08-31,Pfizer/BioNTech,https://stats.pacificdata.org/vis?tm=covid&pg=0&df[ds]=SPC2&df[id]=DF_COVID_VACCINATION&df[ag]=SPC&df[vs]=1.0,151912,82172,69740,
New Caledonia,2021-09-07,Pfizer/BioNTech,https://stats.pacificdata.org/vis?tm=covid&pg=0&df[ds]=SPC2&df[id]=DF_COVID_VACCINATION&df[ag]=SPC&df[vs]=1.0,158270,86125,72145,
New Caledonia,2021-09-14,Pfizer/BioNTech,https://stats.pacificdata.org/vis?tm=covid&pg=0&df[ds]=SPC2&df[id]=DF_COVID_VACCINATION&df[ag]=SPC&df[vs]=1.0,176813,101168,75645,
New Caledonia,2021-09-21,Pfizer/BioNTech,https://stats.pacificdata.org/vis?tm=covid&pg=0&df[ds]=SPC2&df[id]=DF_COVID_VACCINATION&df[ag]=SPC&df[vs]=1.0,206784,127322,79462,
New Caledonia,2021-09-28,Pfizer/BioNTech,https://stats.pacificdata.org/vis?tm=covid&pg=0&df[ds]=SPC2&df[id]=DF_COVID_VACCINATION&df[ag]=SPC&df[vs]=1.0,223735,141094,82641,
New Caledonia,2021-10-05,Pfizer/BioNTech,https://stats.pacificdata.org/vis?tm=covid&pg=0&df[ds]=SPC2&df[id]=DF_COVID_VACCINATION&df[ag]=SPC&df[vs]=1.0,251551,153060,98491,
New Caledonia,2021-10-12,Pfizer/BioNTech,https://stats.pacificdata.org/vis?tm=covid&pg=0&df[ds]=SPC2&df[id]=DF_COVID_VACCINATION&df[ag]=SPC&df[vs]=1.0,286813,163236,123577,
New Caledonia,2021-10-18,Pfizer/BioNTech,https://stats.pacificdata.org/vis?tm=covid&pg=0&df[ds]=SPC2&df[id]=DF_COVID_VACCINATION&df[ag]=SPC&df[vs]=1.0,312524,171401,141123,
New Caledonia,2021-10-25,Pfizer/BioNTech,https://stats.pacificdata.org/vis?tm=covid&pg=0&df[ds]=SPC2&df[id]=DF_COVID_VACCINATION&df[ag]=SPC&df[vs]=1.0,324466,174092,150374,
New Caledonia,2021-11-01,Pfizer/BioNTech,https://stats.pacificdata.org/vis?tm=covid&pg=0&df[ds]=SPC2&df[id]=DF_COVID_VACCINATION&df[ag]=SPC&df[vs]=1.0,333948,176189,157759,
New Caledonia,2021-11-08,Pfizer/BioNTech,https://stats.pacificdata.org/vis?tm=covid&pg=0&df[ds]=SPC2&df[id]=DF_COVID_VACCINATION&df[ag]=SPC&df[vs]=1.0,340002,177450,162552,
New Caledonia,2021-11-15,Pfizer/BioNTech,https://stats.pacificdata.org/vis?tm=covid&pg=0&df[ds]=SPC2&df[id]=DF_COVID_VACCINATION&df[ag]=SPC&df[vs]=1.0,342806,178199,164607,
New Caledonia,2021-11-22,Pfizer/BioNTech,https://stats.pacificdata.org/vis?tm=covid&pg=0&df[ds]=SPC2&df[id]=DF_COVID_VACCINATION&df[ag]=SPC&df[vs]=1.0,347129,179591,167538,
New Caledonia,2021-11-30,Pfizer/BioNTech,https://stats.pacificdata.org/vis?tm=covid&pg=0&df[ds]=SPC2&df[id]=DF_COVID_VACCINATION&df[ag]=SPC&df[vs]=1.0,350362,181074,169288,
New Caledonia,2021-12-06,Pfizer/BioNTech,https://stats.pacificdata.org/vis?tm=covid&pg=0&df[ds]=SPC2&df[id]=DF_COVID_VACCINATION&df[ag]=SPC&df[vs]=1.0,351941,181108,170833,
New Caledonia,2021-12-13,Pfizer/BioNTech,https://stats.pacificdata.org/vis?tm=covid&pg=0&df[ds]=SPC2&df[id]=DF_COVID_VACCINATION&df[ag]=SPC&df[vs]=1.0,354333,182049,172284,
New Caledonia,2021-12-20,Pfizer/BioNTech,https://stats.pacificdata.org/vis?tm=covid&pg=0&df[ds]=SPC2&df[id]=DF_COVID_VACCINATION&df[ag]=SPC&df[vs]=1.0,355717,182486,173231,
New Caledonia,2022-01-04,Pfizer/BioNTech,https://stats.pacificdata.org/vis?tm=covid&pg=0&df[ds]=SPC2&df[id]=DF_COVID_VACCINATION&df[ag]=SPC&df[vs]=1.0,358459,183604,174855,
New Caledonia,2022-01-11,Pfizer/BioNTech,https://stats.pacificdata.org/vis?tm=covid&pg=0&df[ds]=SPC2&df[id]=DF_COVID_VACCINATION&df[ag]=SPC&df[vs]=1.0,359372,184033,175339,
New Caledonia,2022-01-18,Pfizer/BioNTech,https://stats.pacificdata.org/vis?tm=covid&pg=0&df[ds]=SPC2&df[id]=DF_COVID_VACCINATION&df[ag]=SPC&df[vs]=1.0,360890,184796,176094,
New Caledonia,2022-01-24,Pfizer/BioNTech,https://stats.pacificdata.org/vis?tm=covid&pg=0&df[ds]=SPC2&df[id]=DF_COVID_VACCINATION&df[ag]=SPC&df[vs]=1.0,362095,185508,176587,
New Caledonia,2022-01-31,Pfizer/BioNTech,https://stats.pacificdata.org/vis?tm=covid&pg=0&df[ds]=SPC2&df[id]=DF_COVID_VACCINATION&df[ag]=SPC&df[vs]=1.0,363290,186200,177090,
New Caledonia,2022-02-07,Pfizer/BioNTech,https://stats.pacificdata.org/vis?tm=covid&pg=0&df[ds]=SPC2&df[id]=DF_COVID_VACCINATION&df[ag]=SPC&df[vs]=1.0,363926,186403,177523,
New Caledonia,2022-02-14,Pfizer/BioNTech,https://stats.pacificdata.org/vis?tm=covid&pg=0&df[ds]=SPC2&df[id]=DF_COVID_VACCINATION&df[ag]=SPC&df[vs]=1.0,365039,186918,178121,
New Caledonia,2022-02-21,Pfizer/BioNTech,https://stats.pacificdata.org/vis?tm=covid&pg=0&df[ds]=SPC2&df[id]=DF_COVID_VACCINATION&df[ag]=SPC&df[vs]=1.0,366169,187385,178784,
New Caledonia,2022-02-28,Pfizer/BioNTech,https://stats.pacificdata.org/vis?tm=covid&pg=0&df[ds]=SPC2&df[id]=DF_COVID_VACCINATION&df[ag]=SPC&df[vs]=1.0,366924,187685,179239,
New Caledonia,2022-03-07,Pfizer/BioNTech,https://stats.pacificdata.org/vis?tm=covid&pg=0&df[ds]=SPC2&df[id]=DF_COVID_VACCINATION&df[ag]=SPC&df[vs]=1.0,367291,187823,179468,
New Caledonia,2022-03-14,Pfizer/BioNTech,https://stats.pacificdata.org/vis?tm=covid&pg=0&df[ds]=SPC2&df[id]=DF_COVID_VACCINATION&df[ag]=SPC&df[vs]=1.0,367523,187893,179630,
New Caledonia,2022-03-21,Pfizer/BioNTech,https://stats.pacificdata.org/vis?tm=covid&pg=0&df[ds]=SPC2&df[id]=DF_COVID_VACCINATION&df[ag]=SPC&df[vs]=1.0,367690,187946,179744,
New Caledonia,2022-03-28,Pfizer/BioNTech,https://stats.pacificdata.org/vis?tm=covid&pg=0&df[ds]=SPC2&df[id]=DF_COVID_VACCINATION&df[ag]=SPC&df[vs]=1.0,367883,188003,179880,
New Caledonia,2022-04-04,Pfizer/BioNTech,https://stats.pacificdata.org/vis?tm=covid&pg=0&df[ds]=SPC2&df[id]=DF_COVID_VACCINATION&df[ag]=SPC&df[vs]=1.0,458728,188038,179938,90752
New Caledonia,2022-04-11,Pfizer/BioNTech,https://stats.pacificdata.org/vis?tm=covid&pg=0&df[ds]=SPC2&df[id]=DF_COVID_VACCINATION&df[ag]=SPC&df[vs]=1.0,458943,188068,179960,90915
New Caledonia,2022-04-18,Pfizer/BioNTech,https://stats.pacificdata.org/vis?tm=covid&pg=0&df[ds]=SPC2&df[id]=DF_COVID_VACCINATION&df[ag]=SPC&df[vs]=1.0,459073,188078,179961,91034
New Caledonia,2022-04-25,Pfizer/BioNTech,https://stats.pacificdata.org/vis?tm=covid&pg=0&df[ds]=SPC2&df[id]=DF_COVID_VACCINATION&df[ag]=SPC&df[vs]=1.0,459318,188104,179994,91220
New Caledonia,2022-05-02,Pfizer/BioNTech,https://stats.pacificdata.org/vis?tm=covid&pg=0&df[ds]=SPC2&df[id]=DF_COVID_VACCINATION&df[ag]=SPC&df[vs]=1.0,459742,188146,180038,91558
New Caledonia,2022-05-09,Pfizer/BioNTech,https://stats.pacificdata.org/vis?tm=covid&pg=0&df[ds]=SPC2&df[id]=DF_COVID_VACCINATION&df[ag]=SPC&df[vs]=1.0,460164,188188,180065,91911
New Caledonia,2022-05-16,Pfizer/BioNTech,https://stats.pacificdata.org/vis?tm=covid&pg=0&df[ds]=SPC2&df[id]=DF_COVID_VACCINATION&df[ag]=SPC&df[vs]=1.0,460435,188212,180083,92140
New Caledonia,2022-05-23,Pfizer/BioNTech,https://stats.pacificdata.org/vis?tm=covid&pg=0&df[ds]=SPC2&df[id]=DF_COVID_VACCINATION&df[ag]=SPC&df[vs]=1.0,460894,188298,180161,92435
New Caledonia,2022-05-30,Pfizer/BioNTech,https://stats.pacificdata.org/vis?tm=covid&pg=0&df[ds]=SPC2&df[id]=DF_COVID_VACCINATION&df[ag]=SPC&df[vs]=1.0,461075,188325,180201,92549
New Caledonia,2022-06-06,Pfizer/BioNTech,https://stats.pacificdata.org/vis?tm=covid&pg=0&df[ds]=SPC2&df[id]=DF_COVID_VACCINATION&df[ag]=SPC&df[vs]=1.0,461270,188346,180239,92685
New Caledonia,2022-06-13,Pfizer/BioNTech,https://stats.pacificdata.org/vis?tm=covid&pg=0&df[ds]=SPC2&df[id]=DF_COVID_VACCINATION&df[ag]=SPC&df[vs]=1.0,461504,188380,180313,92811
New Caledonia,2022-06-20,Pfizer/BioNTech,https://stats.pacificdata.org/vis?tm=covid&pg=0&df[ds]=SPC2&df[id]=DF_COVID_VACCINATION&df[ag]=SPC&df[vs]=1.0,461709,188411,180351,92947
New Caledonia,2022-07-04,Pfizer/BioNTech,https://stats.pacificdata.org/vis?tm=covid&pg=0&df[ds]=SPC2&df[id]=DF_COVID_VACCINATION&df[ag]=SPC&df[vs]=1.0,462133,188475,180445,93213
New Caledonia,2022-07-18,Pfizer/BioNTech,https://stats.pacificdata.org/vis?tm=covid&pg=0&df[ds]=SPC2&df[id]=DF_COVID_VACCINATION&df[ag]=SPC&df[vs]=1.0,462522,188554,180518,93450
New Caledonia,2022-09-12,Pfizer/BioNTech,https://stats.pacificdata.org/vis?tm=covid&pg=0&df[ds]=SPC2&df[id]=DF_COVID_VACCINATION&df[ag]=SPC&df[vs]=1.0,469037,191526,183966,93545
New Caledonia,2022-09-19,Pfizer/BioNTech,https://stats.pacificdata.org/vis?tm=covid&pg=0&df[ds]=SPC2&df[id]=DF_COVID_VACCINATION&df[ag]=SPC&df[vs]=1.0,469146,191547,183991,93608
New Caledonia,2022-09-26,Pfizer/BioNTech,https://stats.pacificdata.org/vis?tm=covid&pg=0&df[ds]=SPC2&df[id]=DF_COVID_VACCINATION&df[ag]=SPC&df[vs]=1.0,469223,191568,184013,93642
New Caledonia,2022-10-04,Pfizer/BioNTech,https://stats.pacificdata.org/vis?tm=covid&pg=0&df[ds]=SPC2&df[id]=DF_COVID_VACCINATION&df[ag]=SPC&df[vs]=1.0,469300,191584,184032,93684
New Caledonia,2022-10-10,Pfizer/BioNTech,https://stats.pacificdata.org/vis?tm=covid&pg=0&df[ds]=SPC2&df[id]=DF_COVID_VACCINATION&df[ag]=SPC&df[vs]=1.0,469378,191595,184049,93734
New Caledonia,2022-10-17,Pfizer/BioNTech,https://stats.pacificdata.org/vis?tm=covid&pg=0&df[ds]=SPC2&df[id]=DF_COVID_VACCINATION&df[ag]=SPC&df[vs]=1.0,469464,,184077,93770
New Caledonia,2022-10-24,Pfizer/BioNTech,https://stats.pacificdata.org/vis?tm=covid&pg=0&df[ds]=SPC2&df[id]=DF_COVID_VACCINATION&df[ag]=SPC&df[vs]=1.0,469512,,,93790
New Caledonia,2022-10-31,Pfizer/BioNTech,https://stats.pacificdata.org/vis?tm=covid&pg=0&df[ds]=SPC2&df[id]=DF_COVID_VACCINATION&df[ag]=SPC&df[vs]=1.0,469516,191613,184081,93822
New Caledonia,2022-11-07,Pfizer/BioNTech,https://stats.pacificdata.org/vis?tm=covid&pg=0&df[ds]=SPC2&df[id]=DF_COVID_VACCINATION&df[ag]=SPC&df[vs]=1.0,469584,191619,184092,93873
New Caledonia,2022-11-14,Pfizer/BioNTech,https://stats.pacificdata.org/vis?tm=covid&pg=0&df[ds]=SPC2&df[id]=DF_COVID_VACCINATION&df[ag]=SPC&df[vs]=1.0,469631,191637,184099,93895
New Caledonia,2022-11-21,Pfizer/BioNTech,https://stats.pacificdata.org/vis?tm=covid&pg=0&df[ds]=SPC2&df[id]=DF_COVID_VACCINATION&df[ag]=SPC&df[vs]=1.0,469705,191651,184113,93941
New Caledonia,2022-11-28,Pfizer/BioNTech,https://stats.pacificdata.org/vis?tm=covid&pg=0&df[ds]=SPC2&df[id]=DF_COVID_VACCINATION&df[ag]=SPC&df[vs]=1.0,469759,191660,184116,93983
New Caledonia,2022-12-05,Pfizer/BioNTech,https://stats.pacificdata.org/vis?tm=covid&pg=0&df[ds]=SPC2&df[id]=DF_COVID_VACCINATION&df[ag]=SPC&df[vs]=1.0,469849,,,94041
New Caledonia,2022-12-12,Pfizer/BioNTech,https://stats.pacificdata.org/vis?tm=covid&pg=0&df[ds]=SPC2&df[id]=DF_COVID_VACCINATION&df[ag]=SPC&df[vs]=1.0,469900,191668,,94103
New Caledonia,2022-12-19,Pfizer/BioNTech,https://stats.pacificdata.org/vis?tm=covid&pg=0&df[ds]=SPC2&df[id]=DF_COVID_VACCINATION&df[ag]=SPC&df[vs]=1.0,469996,191672,184123,94201
New Caledonia,2023-01-04,Pfizer/BioNTech,https://stats.pacificdata.org/vis?tm=covid&pg=0&df[ds]=SPC2&df[id]=DF_COVID_VACCINATION&df[ag]=SPC&df[vs]=1.0,478127,192206,184645,101276
New Caledonia,2023-01-16,Pfizer/BioNTech,https://stats.pacificdata.org/vis?tm=covid&pg=0&df[ds]=SPC2&df[id]=DF_COVID_VACCINATION&df[ag]=SPC&df[vs]=1.0,478524,192213,184656,101655
New Caledonia,2023-01-23,Pfizer/BioNTech,https://stats.pacificdata.org/vis?tm=covid&pg=0&df[ds]=SPC2&df[id]=DF_COVID_VACCINATION&df[ag]=SPC&df[vs]=1.0,478738,192229,184660,101849
New Caledonia,2023-01-31,Pfizer/BioNTech,https://stats.pacificdata.org/vis?tm=covid&pg=0&df[ds]=SPC2&df[id]=DF_COVID_VACCINATION&df[ag]=SPC&df[vs]=1.0,479043,192241,184675,102127
New Caledonia,2023-02-06,Pfizer/BioNTech,https://stats.pacificdata.org/vis?tm=covid&pg=0&df[ds]=SPC2&df[id]=DF_COVID_VACCINATION&df[ag]=SPC&df[vs]=1.0,479233,192248,184675,102310
New Caledonia,2023-02-13,Pfizer/BioNTech,https://stats.pacificdata.org/vis?tm=covid&pg=0&df[ds]=SPC2&df[id]=DF_COVID_VACCINATION&df[ag]=SPC&df[vs]=1.0,479552,192274,184693,102585
New Caledonia,2023-02-20,Pfizer/BioNTech,https://stats.pacificdata.org/vis?tm=covid&pg=0&df[ds]=SPC2&df[id]=DF_COVID_VACCINATION&df[ag]=SPC&df[vs]=1.0,479745,192285,184709,102751
New Caledonia,2023-02-27,Pfizer/BioNTech,https://stats.pacificdata.org/vis?tm=covid&pg=0&df[ds]=SPC2&df[id]=DF_COVID_VACCINATION&df[ag]=SPC&df[vs]=1.0,479880,192302,184726,102852
New Caledonia,2023-03-06,Pfizer/BioNTech,https://stats.pacificdata.org/vis?tm=covid&pg=0&df[ds]=SPC2&df[id]=DF_COVID_VACCINATION&df[ag]=SPC&df[vs]=1.0,479950,192310,184730,102910
New Caledonia,2023-03-13,Pfizer/BioNTech,https://stats.pacificdata.org/vis?tm=covid&pg=0&df[ds]=SPC2&df[id]=DF_COVID_VACCINATION&df[ag]=SPC&df[vs]=1.0,480100,192323,184749,103028
New Caledonia,2023-03-20,Pfizer/BioNTech,https://stats.pacificdata.org/vis?tm=covid&pg=0&df[ds]=SPC2&df[id]=DF_COVID_VACCINATION&df[ag]=SPC&df[vs]=1.0,480246,192345,184760,103141
New Caledonia,2023-03-27,Pfizer/BioNTech,https://stats.pacificdata.org/vis?tm=covid&pg=0&df[ds]=SPC2&df[id]=DF_COVID_VACCINATION&df[ag]=SPC&df[vs]=1.0,480346,192367,184780,103199
New Caledonia,2023-04-03,Pfizer/BioNTech,https://stats.pacificdata.org/vis?tm=covid&pg=0&df[ds]=SPC2&df[id]=DF_COVID_VACCINATION&df[ag]=SPC&df[vs]=1.0,480408,192367,184784,103257
New Caledonia,2023-04-11,Pfizer/BioNTech,https://stats.pacificdata.org/vis?tm=covid&pg=0&df[ds]=SPC2&df[id]=DF_COVID_VACCINATION&df[ag]=SPC&df[vs]=1.0,480497,192371,184801,103325
New Caledonia,2023-04-17,Pfizer/BioNTech,https://stats.pacificdata.org/vis?tm=covid&pg=0&df[ds]=SPC2&df[id]=DF_COVID_VACCINATION&df[ag]=SPC&df[vs]=1.0,480555,192371,184806,103378
New Caledonia,2023-04-24,Pfizer/BioNTech,https://stats.pacificdata.org/vis?tm=covid&pg=0&df[ds]=SPC2&df[id]=DF_COVID_VACCINATION&df[ag]=SPC&df[vs]=1.0,480624,192371,184810,103443
New Caledonia,2023-05-01,Pfizer/BioNTech,https://stats.pacificdata.org/vis?tm=covid&pg=0&df[ds]=SPC2&df[id]=DF_COVID_VACCINATION&df[ag]=SPC&df[vs]=1.0,480674,192375,184816,103483
New Caledonia,2023-05-09,Pfizer/BioNTech,https://stats.pacificdata.org/vis?tm=covid&pg=0&df[ds]=SPC2&df[id]=DF_COVID_VACCINATION&df[ag]=SPC&df[vs]=1.0,480702,192375,184816,103511
