location,date,vaccine,source_url,total_vaccinations,people_vaccinated,people_fully_vaccinated,total_boosters
Panama,2021-01-20,Pfizer/BioNTech,https://twitter.com/EstrellaOnline/status/1362232004868194312,641,641,0,
Panama,2021-01-21,Pfizer/BioNTech,https://twitter.com/EstrellaOnline/status/1362232004868194312,2728,2728,0,
Panama,2021-01-22,Pfizer/BioNTech,https://twitter.com/EstrellaOnline/status/1362232004868194312,5081,5081,0,
Panama,2021-01-23,Pfizer/BioNTech,https://twitter.com/EstrellaOnline/status/1362232004868194312,5594,5594,0,
Panama,2021-01-24,Pfizer/BioNTech,https://twitter.com/EstrellaOnline/status/1362232004868194312,6420,6420,0,
Panama,2021-01-25,Pfizer/BioNTech,https://twitter.com/EstrellaOnline/status/1362232004868194312,6597,6597,0,
Panama,2021-01-26,Pfizer/BioNTech,https://twitter.com/EstrellaOnline/status/1362232004868194312,7497,7497,0,
Panama,2021-01-27,Pfizer/BioNTech,https://twitter.com/EstrellaOnline/status/1362232004868194312,8546,8546,0,
Panama,2021-01-28,Pfizer/BioNTech,https://twitter.com/EstrellaOnline/status/1362232004868194312,8723,8723,0,
Panama,2021-01-29,Pfizer/BioNTech,https://twitter.com/EstrellaOnline/status/1362232004868194312,8772,8772,0,
Panama,2021-02-01,Pfizer/BioNTech,https://twitter.com/EstrellaOnline/status/1362232004868194312,10549,10549,0,
Panama,2021-02-02,Pfizer/BioNTech,https://twitter.com/EstrellaOnline/status/1362232004868194312,12013,12013,0,
Panama,2021-02-03,Pfizer/BioNTech,https://twitter.com/EstrellaOnline/status/1362232004868194312,12362,12362,0,
Panama,2021-02-04,Pfizer/BioNTech,https://twitter.com/EstrellaOnline/status/1362232004868194312,12428,12428,0,
Panama,2021-02-05,Pfizer/BioNTech,https://twitter.com/EstrellaOnline/status/1362232004868194312,12441,12441,0,
Panama,2021-02-09,Pfizer/BioNTech,https://twitter.com/MINSAPma/status/1359303504859381760,12806,12806,0,
Panama,2021-02-18,Pfizer/BioNTech,https://twitter.com/MINSAPma/status/1362557418790617090,30776,28549,2227,
Panama,2021-02-19,Pfizer/BioNTech,https://twitter.com/MINSAPma/status/1362933407471255556,40830,38262,2568,
Panama,2021-02-20,Pfizer/BioNTech,https://twitter.com/MINSAPma/status/1363278482596388864,45535,42867,2668,
Panama,2021-02-21,Pfizer/BioNTech,https://twitter.com/MINSAPma/status/1363635393103597569,47848,45014,2834,
Panama,2021-02-22,Pfizer/BioNTech,https://twitter.com/MINSAPma/status/1364009616124878848,61168,57896,3272,
Panama,2021-02-23,Pfizer/BioNTech,https://twitter.com/MINSAPma/status/1364406068848263168,64636,61104,3534,
Panama,2021-02-24,Pfizer/BioNTech,https://twitter.com/MINSAPma/status/1364744967843962882,79989,74711,5278,
Panama,2021-02-25,Pfizer/BioNTech,https://twitter.com/MINSAPma/status/1365092686705930241,89419,83733,5686,
Panama,2021-02-26,Pfizer/BioNTech,https://twitter.com/MINSAPma/status/1365468967503089665,106667,100819,5848,
Panama,2021-02-27,Pfizer/BioNTech,https://twitter.com/MINSAPma/status/1365813317542031363,114529,108675,5854,
Panama,2021-02-28,Pfizer/BioNTech,https://twitter.com/MINSAPma/status/1366177026168791046,119176,113320,5856,
Panama,2021-03-01,Pfizer/BioNTech,https://twitter.com/MINSAPma/status/1366559904119414785,122189,116326,5863,
Panama,2021-03-02,Pfizer/BioNTech,https://twitter.com/MINSAPma/status/1366920535129657348,132610,126732,5878,
Panama,2021-03-03,Pfizer/BioNTech,https://twitter.com/MINSAPma/status/1367254075000119297,136343,130462,5881,
Panama,2021-03-04,Pfizer/BioNTech,https://twitter.com/MINSAPma/status/1367614807063601154,150411,144529,5882,
Panama,2021-03-05,Pfizer/BioNTech,https://twitter.com/MINSAPma/status/1367995799452409856,166931,161039,5892,
Panama,2021-03-06,Pfizer/BioNTech,https://twitter.com/MINSAPma/status/1368360967390822403,194715,191140,5892,
Panama,2021-03-07,Pfizer/BioNTech,https://twitter.com/MINSAPma/status/1368733547956219907,208415,202522,5893,
Panama,2021-03-08,Pfizer/BioNTech,https://twitter.com/MINSAPma/status/1369072778230501376,211751,205850,5901,
Panama,2021-03-09,Pfizer/BioNTech,https://twitter.com/MINSAPma/status/1369457216869306371,214492,208590,5902,
Panama,2021-03-10,Pfizer/BioNTech,https://twitter.com/MINSAPma/status/1369826724284923914,224765,218861,5904,
Panama,2021-03-11,Pfizer/BioNTech,https://twitter.com/MINSAPma/status/1370185311289016326,233365,227461,5904,
Panama,2021-03-18,Pfizer/BioNTech,https://twitter.com/MINSAPma/status/1372715275716558855,287086,235570,51516,
Panama,2021-03-25,Pfizer/BioNTech,https://twitter.com/MINSAPma/status/1375225055714623488,329822,238228,91594,
Panama,2021-03-26,Pfizer/BioNTech,https://twitter.com/MINSAPma/status/1375583976727977985,342716,243926,98790,
Panama,2021-04-04,Pfizer/BioNTech,https://ais.paho.org/imm/IM_DosisAdmin-Vacunacion.asp,357431,247327,110104,
Panama,2021-04-11,Pfizer/BioNTech,https://ais.paho.org/imm/IM_DosisAdmin-Vacunacion.asp,457124,273120,184004,
Panama,2021-04-18,Pfizer/BioNTech,https://ais.paho.org/imm/IM_DosisAdmin-Vacunacion.asp,551046,337116,213930,
Panama,2021-04-25,"Oxford/AstraZeneca, Pfizer/BioNTech",https://ais.paho.org/imm/IM_DosisAdmin-Vacunacion.asp,591802,367920,223882,
Panama,2021-05-02,"Oxford/AstraZeneca, Pfizer/BioNTech",https://ais.paho.org/imm/IM_DosisAdmin-Vacunacion.asp,660961,430671,230290,
Panama,2021-05-09,"Oxford/AstraZeneca, Pfizer/BioNTech",https://ais.paho.org/imm/IM_DosisAdmin-Vacunacion.asp,731666,467692,263974,
Panama,2021-05-16,"Oxford/AstraZeneca, Pfizer/BioNTech",https://ais.paho.org/imm/IM_DosisAdmin-Vacunacion.asp,787434,480975,306459,
Panama,2021-05-23,"Oxford/AstraZeneca, Pfizer/BioNTech",https://ais.paho.org/imm/IM_DosisAdmin-Vacunacion.asp,882282,545595,336687,
Panama,2021-05-30,"Oxford/AstraZeneca, Pfizer/BioNTech",https://ais.paho.org/imm/IM_DosisAdmin-Vacunacion.asp,959588,611280,348308,
Panama,2021-06-06,"Oxford/AstraZeneca, Pfizer/BioNTech",https://ais.paho.org/imm/IM_DosisAdmin-Vacunacion.asp,1055623,668382,387241,
Panama,2021-06-13,"Oxford/AstraZeneca, Pfizer/BioNTech",https://ais.paho.org/imm/IM_DosisAdmin-Vacunacion.asp,1189620,768029,421591,
Panama,2021-06-20,"Oxford/AstraZeneca, Pfizer/BioNTech",https://ais.paho.org/imm/IM_DosisAdmin-Vacunacion.asp,1370895,849977,,
Panama,2021-06-27,"Oxford/AstraZeneca, Pfizer/BioNTech",https://ais.paho.org/imm/IM_DosisAdmin-Vacunacion.asp,1435876,924456,511420,
Panama,2021-07-04,"Oxford/AstraZeneca, Pfizer/BioNTech",https://ais.paho.org/imm/IM_DosisAdmin-Vacunacion.asp,1537469,982065,555404,
Panama,2021-07-11,"Oxford/AstraZeneca, Pfizer/BioNTech",https://ais.paho.org/imm/IM_DosisAdmin-Vacunacion.asp,1647147,1050609,596538,
Panama,2021-07-18,"Oxford/AstraZeneca, Pfizer/BioNTech",https://ais.paho.org/imm/IM_DosisAdmin-Vacunacion.asp,1810019,1096619,,
Panama,2021-07-25,"Oxford/AstraZeneca, Pfizer/BioNTech",https://ais.paho.org/imm/IM_DosisAdmin-Vacunacion.asp,1983864,1305681,678183,
Panama,2021-08-01,"Oxford/AstraZeneca, Pfizer/BioNTech",https://ais.paho.org/imm/IM_DosisAdmin-Vacunacion.asp,2311172,1543487,767685,
Panama,2021-08-08,"Oxford/AstraZeneca, Pfizer/BioNTech",https://ais.paho.org/imm/IM_DosisAdmin-Vacunacion.asp,2797947,2011051,786896,
Panama,2021-08-15,"Oxford/AstraZeneca, Pfizer/BioNTech",https://ais.paho.org/imm/IM_DosisAdmin-Vacunacion.asp,3187124,2357733,829391,
Panama,2021-08-22,"Oxford/AstraZeneca, Pfizer/BioNTech",https://ais.paho.org/imm/IM_DosisAdmin-Vacunacion.asp,3644906,2636525,1008381,
Panama,2021-08-29,"Oxford/AstraZeneca, Pfizer/BioNTech",https://ais.paho.org/imm/IM_DosisAdmin-Vacunacion.asp,4124375,2733279,1391096,
Panama,2021-09-05,"Oxford/AstraZeneca, Pfizer/BioNTech",https://ais.paho.org/imm/IM_DosisAdmin-Vacunacion.asp,4626623,2786251,1840372,
Panama,2021-09-12,"Oxford/AstraZeneca, Pfizer/BioNTech",https://ais.paho.org/imm/IM_DosisAdmin-Vacunacion.asp,5017746,2869828,2147918,
Panama,2021-09-19,"Oxford/AstraZeneca, Pfizer/BioNTech",https://ais.paho.org/imm/IM_DosisAdmin-Vacunacion.asp,5252959,2907280,2345679,
Panama,2021-09-26,"Oxford/AstraZeneca, Pfizer/BioNTech",https://ais.paho.org/imm/IM_DosisAdmin-Vacunacion.asp,5367816,2939999,2427817,
Panama,2021-10-03,"Oxford/AstraZeneca, Pfizer/BioNTech",https://ais.paho.org/imm/IM_DosisAdmin-Vacunacion.asp,5501067,2975514,2523880,1673
Panama,2021-10-10,"Oxford/AstraZeneca, Pfizer/BioNTech",https://ais.paho.org/imm/IM_DosisAdmin-Vacunacion.asp,5597294,3004816,2588582,3896
Panama,2021-10-17,"Oxford/AstraZeneca, Pfizer/BioNTech",https://ais.paho.org/imm/IM_DosisAdmin-Vacunacion.asp,5630863,3015469,2610560,4834
Panama,2021-10-24,"Oxford/AstraZeneca, Pfizer/BioNTech",https://ais.paho.org/imm/IM_DosisAdmin-Vacunacion.asp,5741258,3029679,2649359,62220
Panama,2021-10-31,"Oxford/AstraZeneca, Pfizer/BioNTech",https://ais.paho.org/imm/IM_DosisAdmin-Vacunacion.asp,5797679,3037711,2667214,92754
Panama,2021-11-07,"Oxford/AstraZeneca, Pfizer/BioNTech",https://ais.paho.org/imm/IM_DosisAdmin-Vacunacion.asp,5844266,,2688131,110175
Panama,2021-11-14,"Oxford/AstraZeneca, Pfizer/BioNTech",https://ais.paho.org/imm/IM_DosisAdmin-Vacunacion.asp,5866011,3045802,2701735,118474
Panama,2021-11-21,"Oxford/AstraZeneca, Pfizer/BioNTech",https://ais.paho.org/imm/IM_DosisAdmin-Vacunacion.asp,5944438,3068531,2728658,147249
Panama,2021-11-28,"Oxford/AstraZeneca, Pfizer/BioNTech",https://ais.paho.org/imm/IM_DosisAdmin-Vacunacion.asp,5985389,3087258,2736459,161672
Panama,2021-12-05,"Oxford/AstraZeneca, Pfizer/BioNTech",https://ais.paho.org/imm/IM_DosisAdmin-Vacunacion.asp,6049840,3097385,2756457,195998
Panama,2021-12-12,"Oxford/AstraZeneca, Pfizer/BioNTech",https://ais.paho.org/imm/IM_DosisAdmin-Vacunacion.asp,6089201,3103139,2769469,216593
Panama,2021-12-19,"Oxford/AstraZeneca, Pfizer/BioNTech",https://ais.paho.org/imm/IM_DosisAdmin-Vacunacion.asp,6156520,3114713,2792463,249344
Panama,2021-12-26,"Oxford/AstraZeneca, Pfizer/BioNTech",https://ais.paho.org/imm/IM_DosisAdmin-Vacunacion.asp,6193744,3120802,2804103,268839
Panama,2022-01-02,"Oxford/AstraZeneca, Pfizer/BioNTech",https://ais.paho.org/imm/IM_DosisAdmin-Vacunacion.asp,6245648,3123296,2809036,313316
Panama,2022-01-09,"Oxford/AstraZeneca, Pfizer/BioNTech",https://ais.paho.org/imm/IM_DosisAdmin-Vacunacion.asp,6410766,3129595,2820976,460195
Panama,2022-01-16,"Oxford/AstraZeneca, Pfizer/BioNTech",https://ais.paho.org/imm/IM_DosisAdmin-Vacunacion.asp,6558918,3139649,2829281,589988
Panama,2022-01-23,"Oxford/AstraZeneca, Pfizer/BioNTech",https://ais.paho.org/imm/IM_DosisAdmin-Vacunacion.asp,6861327,3183137,2845191,832999
Panama,2022-01-30,"Oxford/AstraZeneca, Pfizer/BioNTech",https://ais.paho.org/imm/IM_DosisAdmin-Vacunacion.asp,7040071,3207514,2855480,977077
Panama,2022-02-06,"Oxford/AstraZeneca, Pfizer/BioNTech",https://ais.paho.org/imm/IM_DosisAdmin-Vacunacion.asp,7210528,3246200,2883404,1080924
Panama,2022-02-13,"Oxford/AstraZeneca, Pfizer/BioNTech",https://ais.paho.org/imm/IM_DosisAdmin-Vacunacion.asp,7326028,3269553,2891293,1165182
Panama,2022-02-20,"Oxford/AstraZeneca, Pfizer/BioNTech",https://ais.paho.org/imm/IM_DosisAdmin-Vacunacion.asp,7471181,3309691,2919200,1242290
Panama,2022-02-27,"Oxford/AstraZeneca, Pfizer/BioNTech",https://ais.paho.org/imm/IM_DosisAdmin-Vacunacion.asp,7544898,3331140,2923513,1290245
Panama,2022-03-06,"Oxford/AstraZeneca, Pfizer/BioNTech",https://ais.paho.org/imm/IM_DosisAdmin-Vacunacion.asp,7636945,3357826,2939118,1340001
Panama,2022-03-10,"Oxford/AstraZeneca, Pfizer/BioNTech",https://ais.paho.org/imm/IM_DosisAdmin-Vacunacion.asp,7731977,3384833,2964968,1382176
Panama,2022-03-11,"Oxford/AstraZeneca, Pfizer/BioNTech",https://ais.paho.org/imm/IM_DosisAdmin-Vacunacion.asp,7737902,3386244,2966931,1384727
Panama,2022-03-16,"Oxford/AstraZeneca, Pfizer/BioNTech",https://ais.paho.org/imm/IM_DosisAdmin-Vacunacion.asp,7775051,3395412,2979743,1399896
Panama,2022-03-18,"Oxford/AstraZeneca, Pfizer/BioNTech",https://ais.paho.org/imm/IM_DosisAdmin-Vacunacion.asp,7789018,3401715,2984157,1403146
Panama,2022-03-23,"Oxford/AstraZeneca, Pfizer/BioNTech",https://ais.paho.org/imm/IM_DosisAdmin-Vacunacion.asp,7869265,3429338,3011586,1428341
Panama,2022-03-25,"Oxford/AstraZeneca, Pfizer/BioNTech",https://ais.paho.org/imm/IM_DosisAdmin-Vacunacion.asp,7889044,3434847,3017898,1436299
Panama,2022-03-30,"Oxford/AstraZeneca, Pfizer/BioNTech",https://ais.paho.org/imm/IM_DosisAdmin-Vacunacion.asp,7930788,3445966,3031909,1452913
Panama,2022-04-01,"Oxford/AstraZeneca, Pfizer/BioNTech",https://ais.paho.org/imm/IM_DosisAdmin-Vacunacion.asp,7945389,3449723,3037058,1458608
Panama,2022-04-08,"Oxford/AstraZeneca, Pfizer/BioNTech",https://ais.paho.org/imm/IM_DosisAdmin-Vacunacion.asp,7973312,3453594,3043431,1476287
Panama,2022-04-15,"Oxford/AstraZeneca, Pfizer/BioNTech",https://ais.paho.org/imm/IM_DosisAdmin-Vacunacion.asp,7995825,3455675,3049398,1490752
Panama,2022-04-22,"Oxford/AstraZeneca, Pfizer/BioNTech",https://ais.paho.org/imm/IM_DosisAdmin-Vacunacion.asp,8012183,,3056567,1500175
Panama,2022-04-29,"Oxford/AstraZeneca, Pfizer/BioNTech",https://ais.paho.org/imm/IM_DosisAdmin-Vacunacion.asp,8057560,3464188,3074298,1519074
Panama,2022-05-06,"Oxford/AstraZeneca, Pfizer/BioNTech",https://ais.paho.org/imm/IM_DosisAdmin-Vacunacion.asp,8079415,3466298,3079475,1533642
Panama,2022-05-13,"Oxford/AstraZeneca, Pfizer/BioNTech",https://ais.paho.org/imm/IM_DosisAdmin-Vacunacion.asp,8138086,3471050,3090346,1576690
Panama,2022-05-20,"Oxford/AstraZeneca, Pfizer/BioNTech",https://ais.paho.org/imm/IM_DosisAdmin-Vacunacion.asp,8167735,3473068,3094587,1600080
Panama,2022-05-27,"Oxford/AstraZeneca, Pfizer/BioNTech",https://ais.paho.org/imm/IM_DosisAdmin-Vacunacion.asp,8216856,3476550,3101392,1638914
Panama,2022-06-03,"Oxford/AstraZeneca, Pfizer/BioNTech",https://ais.paho.org/imm/IM_DosisAdmin-Vacunacion.asp,8242621,3477600,3103529,1661492
Panama,2022-06-08,"Oxford/AstraZeneca, Pfizer/BioNTech",https://ais.paho.org/imm/IM_DosisAdmin-Vacunacion.asp,8279995,3479337,3107272,1693386
Panama,2022-06-10,"Oxford/AstraZeneca, Pfizer/BioNTech",https://ais.paho.org/imm/IM_DosisAdmin-Vacunacion.asp,8288767,3479337,3107272,1702158
Panama,2022-06-15,"Oxford/AstraZeneca, Pfizer/BioNTech",https://ais.paho.org/imm/IM_DosisAdmin-Vacunacion.asp,8320768,3481249,3110890,1728629
Panama,2022-06-17,"Oxford/AstraZeneca, Pfizer/BioNTech",https://ais.paho.org/imm/IM_DosisAdmin-Vacunacion.asp,8326845,3481615,3111772,
Panama,2022-06-22,"Oxford/AstraZeneca, Pfizer/BioNTech",https://ais.paho.org/imm/IM_DosisAdmin-Vacunacion.asp,8327773,3482654,3113725,1731394
Panama,2022-06-24,"Oxford/AstraZeneca, Pfizer/BioNTech",https://ais.paho.org/imm/IM_DosisAdmin-Vacunacion.asp,8358729,3482802,3114030,1761897
Panama,2022-07-01,"Oxford/AstraZeneca, Pfizer/BioNTech",https://ais.paho.org/imm/IM_DosisAdmin-Vacunacion.asp,8366229,3484500,3117315,1764414
Panama,2022-07-07,"Oxford/AstraZeneca, Pfizer/BioNTech",https://ais.paho.org/imm/IM_DosisAdmin-Vacunacion.asp,8389315,3485214,3118815,1785286
Panama,2022-07-08,"Oxford/AstraZeneca, Pfizer/BioNTech",https://ais.paho.org/imm/IM_DosisAdmin-Vacunacion.asp,8415997,3485515,3119290,1811192
Panama,2022-07-15,"Oxford/AstraZeneca, Pfizer/BioNTech",https://ais.paho.org/imm/IM_DosisAdmin-Vacunacion.asp,8449454,3487798,3123937,1837719
Panama,2022-07-29,"Oxford/AstraZeneca, Pfizer/BioNTech",https://ais.paho.org/imm/IM_DosisAdmin-Vacunacion.asp,8484779,3490333,3128973,1865473
Panama,2022-08-05,"Oxford/AstraZeneca, Pfizer/BioNTech",https://ais.paho.org/imm/IM_DosisAdmin-Vacunacion.asp,8517984,3493065,3133918,1891001
Panama,2022-08-19,"Oxford/AstraZeneca, Pfizer/BioNTech",https://ais.paho.org/imm/IM_DosisAdmin-Vacunacion.asp,8538113,3494917,3137646,1905550
Panama,2022-09-02,"Oxford/AstraZeneca, Pfizer/BioNTech",https://ais.paho.org/imm/IM_DosisAdmin-Vacunacion.asp,8553279,3496186,3140231,1916862
Panama,2022-09-09,"Oxford/AstraZeneca, Pfizer/BioNTech",https://ais.paho.org/imm/IM_DosisAdmin-Vacunacion.asp,8581558,3498561,3144655,1938342
Panama,2022-09-16,"Oxford/AstraZeneca, Pfizer/BioNTech",https://ais.paho.org/imm/IM_DosisAdmin-Vacunacion.asp,8596144,3500120,3147019,1949005
Panama,2022-09-30,"Oxford/AstraZeneca, Pfizer/BioNTech",https://ais.paho.org/imm/IM_DosisAdmin-Vacunacion.asp,8622442,3503598,3151403,1967441
Panama,2022-10-14,"Oxford/AstraZeneca, Pfizer/BioNTech",https://ais.paho.org/imm/IM_DosisAdmin-Vacunacion.asp,8645001,3507326,3155231,1982444
Panama,2022-10-28,"Oxford/AstraZeneca, Pfizer/BioNTech",https://ais.paho.org/imm/IM_DosisAdmin-Vacunacion.asp,8654073,3509310,3156571,1988192
Panama,2022-11-11,"Oxford/AstraZeneca, Pfizer/BioNTech",https://ais.paho.org/imm/IM_DosisAdmin-Vacunacion.asp,8671222,3513104,3159050,1999068
Panama,2022-11-18,"Oxford/AstraZeneca, Pfizer/BioNTech",https://ais.paho.org/imm/IM_DosisAdmin-Vacunacion.asp,,3514297,3159760,2000414
Panama,2022-12-02,"Oxford/AstraZeneca, Pfizer/BioNTech",https://ais.paho.org/imm/IM_DosisAdmin-Vacunacion.asp,8674471,,,
Panama,2022-12-22,"Oxford/AstraZeneca, Pfizer/BioNTech",https://ais.paho.org/imm/IM_DosisAdmin-Vacunacion.asp,8688567,3518414,3162983,2007170
Panama,2023-01-03,"Oxford/AstraZeneca, Pfizer/BioNTech",https://ais.paho.org/imm/IM_DosisAdmin-Vacunacion.asp,8696911,3520586,3164398,2011927
Panama,2023-01-20,"Oxford/AstraZeneca, Pfizer/BioNTech",https://ais.paho.org/imm/IM_DosisAdmin-Vacunacion.asp,8705166,3522278,3165765,2017123
Panama,2023-01-27,"Oxford/AstraZeneca, Pfizer/BioNTech",https://ais.paho.org/imm/IM_DosisAdmin-Vacunacion.asp,8720218,3523328,3166438,2020055
Panama,2023-02-03,"Oxford/AstraZeneca, Pfizer/BioNTech",https://ais.paho.org/imm/IM_DosisAdmin-Vacunacion.asp,8729975,3525536,3168213,2025829
Panama,2023-02-10,"Oxford/AstraZeneca, Pfizer/BioNTech",https://ais.paho.org/imm/IM_DosisAdmin-Vacunacion.asp,8756680,3526529,3168992,2027869
Panama,2023-03-10,"Oxford/AstraZeneca, Pfizer/BioNTech",https://ais.paho.org/imm/IM_DosisAdmin-Vacunacion.asp,8778943,3529545,3171502,2030910
Panama,2023-04-21,"Oxford/AstraZeneca, Pfizer/BioNTech",https://ais.paho.org/imm/IM_DosisAdmin-Vacunacion.asp,8869423,3531965,3173485,2033287
Panama,2023-05-12,"Oxford/AstraZeneca, Pfizer/BioNTech",https://ais.paho.org/imm/IM_DosisAdmin-Vacunacion.asp,8893001,3533477,3174155,2033783
