location,date,vaccine,source_url,total_vaccinations,people_vaccinated,people_fully_vaccinated,total_boosters
Papua New Guinea,2021-03-30,Oxford/AstraZeneca,https://stats.pacificdata.org/vis?tm=covid&pg=0&df[ds]=SPC2&df[id]=DF_COVID_VACCINATION&df[ag]=SPC&df[vs]=1.0,0,0,,
Papua New Guinea,2021-04-13,Oxford/AstraZeneca,https://stats.pacificdata.org/vis?tm=covid&pg=0&df[ds]=SPC2&df[id]=DF_COVID_VACCINATION&df[ag]=SPC&df[vs]=1.0,197,197,0,
Papua New Guinea,2021-04-20,Oxford/AstraZeneca,https://stats.pacificdata.org/vis?tm=covid&pg=0&df[ds]=SPC2&df[id]=DF_COVID_VACCINATION&df[ag]=SPC&df[vs]=1.0,1081,1081,0,
Papua New Guinea,2021-04-27,Oxford/AstraZeneca,https://stats.pacificdata.org/vis?tm=covid&pg=0&df[ds]=SPC2&df[id]=DF_COVID_VACCINATION&df[ag]=SPC&df[vs]=1.0,1508,1508,0,
Papua New Guinea,2021-05-04,Oxford/AstraZeneca,https://stats.pacificdata.org/vis?tm=covid&pg=0&df[ds]=SPC2&df[id]=DF_COVID_VACCINATION&df[ag]=SPC&df[vs]=1.0,3000,3000,0,
Papua New Guinea,2021-05-18,Oxford/AstraZeneca,https://stats.pacificdata.org/vis?tm=covid&pg=0&df[ds]=SPC2&df[id]=DF_COVID_VACCINATION&df[ag]=SPC&df[vs]=1.0,8921,8921,,
Papua New Guinea,2021-05-25,Oxford/AstraZeneca,https://stats.pacificdata.org/vis?tm=covid&pg=0&df[ds]=SPC2&df[id]=DF_COVID_VACCINATION&df[ag]=SPC&df[vs]=1.0,16459,16459,,
Papua New Guinea,2021-06-01,Oxford/AstraZeneca,https://stats.pacificdata.org/vis?tm=covid&pg=0&df[ds]=SPC2&df[id]=DF_COVID_VACCINATION&df[ag]=SPC&df[vs]=1.0,30000,30000,,
Papua New Guinea,2021-06-08,Oxford/AstraZeneca,https://stats.pacificdata.org/vis?tm=covid&pg=0&df[ds]=SPC2&df[id]=DF_COVID_VACCINATION&df[ag]=SPC&df[vs]=1.0,30425,30425,,
Papua New Guinea,2021-06-15,Oxford/AstraZeneca,https://stats.pacificdata.org/vis?tm=covid&pg=0&df[ds]=SPC2&df[id]=DF_COVID_VACCINATION&df[ag]=SPC&df[vs]=1.0,40736,40736,,
Papua New Guinea,2021-06-21,Oxford/AstraZeneca,https://stats.pacificdata.org/vis?tm=covid&pg=0&df[ds]=SPC2&df[id]=DF_COVID_VACCINATION&df[ag]=SPC&df[vs]=1.0,44327,44327,0,
Papua New Guinea,2021-06-29,Oxford/AstraZeneca,https://stats.pacificdata.org/vis?tm=covid&pg=0&df[ds]=SPC2&df[id]=DF_COVID_VACCINATION&df[ag]=SPC&df[vs]=1.0,49333,49333,0,
Papua New Guinea,2021-07-13,Oxford/AstraZeneca,https://stats.pacificdata.org/vis?tm=covid&pg=0&df[ds]=SPC2&df[id]=DF_COVID_VACCINATION&df[ag]=SPC&df[vs]=1.0,61688,61688,0,
Papua New Guinea,2021-07-27,Oxford/AstraZeneca,https://stats.pacificdata.org/vis?tm=covid&pg=0&df[ds]=SPC2&df[id]=DF_COVID_VACCINATION&df[ag]=SPC&df[vs]=1.0,83123,74771,8352,
Papua New Guinea,2021-08-02,Oxford/AstraZeneca,https://stats.pacificdata.org/vis?tm=covid&pg=0&df[ds]=SPC2&df[id]=DF_COVID_VACCINATION&df[ag]=SPC&df[vs]=1.0,100409,83122,17287,
Papua New Guinea,2021-08-16,Oxford/AstraZeneca,https://stats.pacificdata.org/vis?tm=covid&pg=0&df[ds]=SPC2&df[id]=DF_COVID_VACCINATION&df[ag]=SPC&df[vs]=1.0,113052,91962,21090,
Papua New Guinea,2021-08-31,Oxford/AstraZeneca,https://stats.pacificdata.org/vis?tm=covid&pg=0&df[ds]=SPC2&df[id]=DF_COVID_VACCINATION&df[ag]=SPC&df[vs]=1.0,127334,98373,28961,
Papua New Guinea,2021-09-07,Oxford/AstraZeneca,https://stats.pacificdata.org/vis?tm=covid&pg=0&df[ds]=SPC2&df[id]=DF_COVID_VACCINATION&df[ag]=SPC&df[vs]=1.0,134444,102739,31705,
Papua New Guinea,2021-09-14,Oxford/AstraZeneca,https://stats.pacificdata.org/vis?tm=covid&pg=0&df[ds]=SPC2&df[id]=DF_COVID_VACCINATION&df[ag]=SPC&df[vs]=1.0,154710,114419,40291,
Papua New Guinea,2021-09-28,Oxford/AstraZeneca,https://stats.pacificdata.org/vis?tm=covid&pg=0&df[ds]=SPC2&df[id]=DF_COVID_VACCINATION&df[ag]=SPC&df[vs]=1.0,165070,119996,45074,
Papua New Guinea,2021-10-05,Oxford/AstraZeneca,https://stats.pacificdata.org/vis?tm=covid&pg=0&df[ds]=SPC2&df[id]=DF_COVID_VACCINATION&df[ag]=SPC&df[vs]=1.0,194962,133741,61221,
Papua New Guinea,2021-10-25,Oxford/AstraZeneca,https://stats.pacificdata.org/vis?tm=covid&pg=0&df[ds]=SPC2&df[id]=DF_COVID_VACCINATION&df[ag]=SPC&df[vs]=1.0,290513,183856,106657,
Papua New Guinea,2021-11-22,Oxford/AstraZeneca,https://stats.pacificdata.org/vis?tm=covid&pg=0&df[ds]=SPC2&df[id]=DF_COVID_VACCINATION&df[ag]=SPC&df[vs]=1.0,435991,254708,181283,
Papua New Guinea,2021-11-30,Oxford/AstraZeneca,https://stats.pacificdata.org/vis?tm=covid&pg=0&df[ds]=SPC2&df[id]=DF_COVID_VACCINATION&df[ag]=SPC&df[vs]=1.0,467166,269366,197800,
Papua New Guinea,2021-12-13,Oxford/AstraZeneca,https://stats.pacificdata.org/vis?tm=covid&pg=0&df[ds]=SPC2&df[id]=DF_COVID_VACCINATION&df[ag]=SPC&df[vs]=1.0,498598,282571,216027,
Papua New Guinea,2021-12-20,Oxford/AstraZeneca,https://stats.pacificdata.org/vis?tm=covid&pg=0&df[ds]=SPC2&df[id]=DF_COVID_VACCINATION&df[ag]=SPC&df[vs]=1.0,504018,283915,220103,
Papua New Guinea,2022-01-04,Oxford/AstraZeneca,https://stats.pacificdata.org/vis?tm=covid&pg=0&df[ds]=SPC2&df[id]=DF_COVID_VACCINATION&df[ag]=SPC&df[vs]=1.0,510910,286837,224073,
Papua New Guinea,2022-01-11,Oxford/AstraZeneca,https://stats.pacificdata.org/vis?tm=covid&pg=0&df[ds]=SPC2&df[id]=DF_COVID_VACCINATION&df[ag]=SPC&df[vs]=1.0,515459,288879,226580,
Papua New Guinea,2022-01-18,Oxford/AstraZeneca,https://stats.pacificdata.org/vis?tm=covid&pg=0&df[ds]=SPC2&df[id]=DF_COVID_VACCINATION&df[ag]=SPC&df[vs]=1.0,516457,289244,227213,
Papua New Guinea,2022-01-24,Oxford/AstraZeneca,https://stats.pacificdata.org/vis?tm=covid&pg=0&df[ds]=SPC2&df[id]=DF_COVID_VACCINATION&df[ag]=SPC&df[vs]=1.0,521934,291678,230256,
Papua New Guinea,2022-01-31,Oxford/AstraZeneca,https://stats.pacificdata.org/vis?tm=covid&pg=0&df[ds]=SPC2&df[id]=DF_COVID_VACCINATION&df[ag]=SPC&df[vs]=1.0,522939,292091,230848,
Papua New Guinea,2022-02-07,Oxford/AstraZeneca,https://stats.pacificdata.org/vis?tm=covid&pg=0&df[ds]=SPC2&df[id]=DF_COVID_VACCINATION&df[ag]=SPC&df[vs]=1.0,530320,295610,234710,
Papua New Guinea,2022-02-14,Oxford/AstraZeneca,https://stats.pacificdata.org/vis?tm=covid&pg=0&df[ds]=SPC2&df[id]=DF_COVID_VACCINATION&df[ag]=SPC&df[vs]=1.0,534612,297688,236924,
Papua New Guinea,2022-02-21,Oxford/AstraZeneca,https://stats.pacificdata.org/vis?tm=covid&pg=0&df[ds]=SPC2&df[id]=DF_COVID_VACCINATION&df[ag]=SPC&df[vs]=1.0,542857,301838,241019,
Papua New Guinea,2022-02-28,Oxford/AstraZeneca,https://stats.pacificdata.org/vis?tm=covid&pg=0&df[ds]=SPC2&df[id]=DF_COVID_VACCINATION&df[ag]=SPC&df[vs]=1.0,547855,304082,243773,
Papua New Guinea,2022-03-07,Oxford/AstraZeneca,https://stats.pacificdata.org/vis?tm=covid&pg=0&df[ds]=SPC2&df[id]=DF_COVID_VACCINATION&df[ag]=SPC&df[vs]=1.0,560915,310659,250256,
Papua New Guinea,2022-03-14,Oxford/AstraZeneca,https://stats.pacificdata.org/vis?tm=covid&pg=0&df[ds]=SPC2&df[id]=DF_COVID_VACCINATION&df[ag]=SPC&df[vs]=1.0,561863,311111,250752,
Papua New Guinea,2022-03-28,Oxford/AstraZeneca,https://stats.pacificdata.org/vis?tm=covid&pg=0&df[ds]=SPC2&df[id]=DF_COVID_VACCINATION&df[ag]=SPC&df[vs]=1.0,574716,317150,257566,
Papua New Guinea,2022-04-18,Oxford/AstraZeneca,https://stats.pacificdata.org/vis?tm=covid&pg=0&df[ds]=SPC2&df[id]=DF_COVID_VACCINATION&df[ag]=SPC&df[vs]=1.0,586000,322687,263313,
Papua New Guinea,2022-05-23,Oxford/AstraZeneca,https://stats.pacificdata.org/vis?tm=covid&pg=0&df[ds]=SPC2&df[id]=DF_COVID_VACCINATION&df[ag]=SPC&df[vs]=1.0,587340,323345,263995,
Papua New Guinea,2022-06-06,Oxford/AstraZeneca,https://stats.pacificdata.org/vis?tm=covid&pg=0&df[ds]=SPC2&df[id]=DF_COVID_VACCINATION&df[ag]=SPC&df[vs]=1.0,602174,330825,271349,
Papua New Guinea,2022-06-27,Oxford/AstraZeneca,https://stats.pacificdata.org/vis?tm=covid&pg=0&df[ds]=SPC2&df[id]=DF_COVID_VACCINATION&df[ag]=SPC&df[vs]=1.0,615156,337243,277913,
Papua New Guinea,2022-07-11,Oxford/AstraZeneca,https://stats.pacificdata.org/vis?tm=covid&pg=0&df[ds]=SPC2&df[id]=DF_COVID_VACCINATION&df[ag]=SPC&df[vs]=1.0,619590,339482,280108,
Papua New Guinea,2022-07-18,Oxford/AstraZeneca,https://stats.pacificdata.org/vis?tm=covid&pg=0&df[ds]=SPC2&df[id]=DF_COVID_VACCINATION&df[ag]=SPC&df[vs]=1.0,622452,340894,281558,
Papua New Guinea,2022-07-25,Oxford/AstraZeneca,https://stats.pacificdata.org/vis?tm=covid&pg=0&df[ds]=SPC2&df[id]=DF_COVID_VACCINATION&df[ag]=SPC&df[vs]=1.0,623255,341307,281948,
Papua New Guinea,2022-08-08,Oxford/AstraZeneca,https://stats.pacificdata.org/vis?tm=covid&pg=0&df[ds]=SPC2&df[id]=DF_COVID_VACCINATION&df[ag]=SPC&df[vs]=1.0,644840,341307,281948,21585
Papua New Guinea,2022-08-15,Oxford/AstraZeneca,https://stats.pacificdata.org/vis?tm=covid&pg=0&df[ds]=SPC2&df[id]=DF_COVID_VACCINATION&df[ag]=SPC&df[vs]=1.0,647736,342244,282810,22682
Papua New Guinea,2022-08-29,Oxford/AstraZeneca,https://stats.pacificdata.org/vis?tm=covid&pg=0&df[ds]=SPC2&df[id]=DF_COVID_VACCINATION&df[ag]=SPC&df[vs]=1.0,651602,343925,284475,23202
Papua New Guinea,2022-09-12,Oxford/AstraZeneca,https://stats.pacificdata.org/vis?tm=covid&pg=0&df[ds]=SPC2&df[id]=DF_COVID_VACCINATION&df[ag]=SPC&df[vs]=1.0,661244,347753,288304,25187
Papua New Guinea,2022-09-19,Oxford/AstraZeneca,https://stats.pacificdata.org/vis?tm=covid&pg=0&df[ds]=SPC2&df[id]=DF_COVID_VACCINATION&df[ag]=SPC&df[vs]=1.0,663717,348859,289316,25542
Papua New Guinea,2022-09-26,Oxford/AstraZeneca,https://stats.pacificdata.org/vis?tm=covid&pg=0&df[ds]=SPC2&df[id]=DF_COVID_VACCINATION&df[ag]=SPC&df[vs]=1.0,672183,352536,292910,26737
Papua New Guinea,2022-10-10,Oxford/AstraZeneca,https://stats.pacificdata.org/vis?tm=covid&pg=0&df[ds]=SPC2&df[id]=DF_COVID_VACCINATION&df[ag]=SPC&df[vs]=1.0,673966,353277,293579,27110
Papua New Guinea,2022-10-17,Oxford/AstraZeneca,https://stats.pacificdata.org/vis?tm=covid&pg=0&df[ds]=SPC2&df[id]=DF_COVID_VACCINATION&df[ag]=SPC&df[vs]=1.0,676996,354597,294786,27613
Papua New Guinea,2022-10-24,Oxford/AstraZeneca,https://stats.pacificdata.org/vis?tm=covid&pg=0&df[ds]=SPC2&df[id]=DF_COVID_VACCINATION&df[ag]=SPC&df[vs]=1.0,679200,355562,295700,27938
Papua New Guinea,2022-10-31,Oxford/AstraZeneca,https://stats.pacificdata.org/vis?tm=covid&pg=0&df[ds]=SPC2&df[id]=DF_COVID_VACCINATION&df[ag]=SPC&df[vs]=1.0,681413,356545,296607,28261
Papua New Guinea,2022-11-07,Oxford/AstraZeneca,https://stats.pacificdata.org/vis?tm=covid&pg=0&df[ds]=SPC2&df[id]=DF_COVID_VACCINATION&df[ag]=SPC&df[vs]=1.0,684024,357694,297814,28516
Papua New Guinea,2022-11-14,Oxford/AstraZeneca,https://stats.pacificdata.org/vis?tm=covid&pg=0&df[ds]=SPC2&df[id]=DF_COVID_VACCINATION&df[ag]=SPC&df[vs]=1.0,687220,359043,299124,29053
Papua New Guinea,2022-11-21,Oxford/AstraZeneca,https://stats.pacificdata.org/vis?tm=covid&pg=0&df[ds]=SPC2&df[id]=DF_COVID_VACCINATION&df[ag]=SPC&df[vs]=1.0,693524,361900,301769,29855
Papua New Guinea,2022-11-28,Oxford/AstraZeneca,https://stats.pacificdata.org/vis?tm=covid&pg=0&df[ds]=SPC2&df[id]=DF_COVID_VACCINATION&df[ag]=SPC&df[vs]=1.0,698357,364090,303884,30383
Papua New Guinea,2022-12-05,Oxford/AstraZeneca,https://stats.pacificdata.org/vis?tm=covid&pg=0&df[ds]=SPC2&df[id]=DF_COVID_VACCINATION&df[ag]=SPC&df[vs]=1.0,700257,364894,304687,30676
Papua New Guinea,2023-01-04,Oxford/AstraZeneca,https://stats.pacificdata.org/vis?tm=covid&pg=0&df[ds]=SPC2&df[id]=DF_COVID_VACCINATION&df[ag]=SPC&df[vs]=1.0,711981,369998,309599,32384
Papua New Guinea,2023-01-16,Oxford/AstraZeneca,https://stats.pacificdata.org/vis?tm=covid&pg=0&df[ds]=SPC2&df[id]=DF_COVID_VACCINATION&df[ag]=SPC&df[vs]=1.0,713099,369998,310717,32384
Papua New Guinea,2023-01-31,Oxford/AstraZeneca,https://stats.pacificdata.org/vis?tm=covid&pg=0&df[ds]=SPC2&df[id]=DF_COVID_VACCINATION&df[ag]=SPC&df[vs]=1.0,715322,371474,311068,32780
Papua New Guinea,2023-02-20,Oxford/AstraZeneca,https://stats.pacificdata.org/vis?tm=covid&pg=0&df[ds]=SPC2&df[id]=DF_COVID_VACCINATION&df[ag]=SPC&df[vs]=1.0,717736,372646,312188,32902
Papua New Guinea,2023-02-27,Oxford/AstraZeneca,https://stats.pacificdata.org/vis?tm=covid&pg=0&df[ds]=SPC2&df[id]=DF_COVID_VACCINATION&df[ag]=SPC&df[vs]=1.0,720453,373949,313330,33174
Papua New Guinea,2023-03-06,Oxford/AstraZeneca,https://stats.pacificdata.org/vis?tm=covid&pg=0&df[ds]=SPC2&df[id]=DF_COVID_VACCINATION&df[ag]=SPC&df[vs]=1.0,724578,375829,315210,33539
Papua New Guinea,2023-03-13,Oxford/AstraZeneca,https://stats.pacificdata.org/vis?tm=covid&pg=0&df[ds]=SPC2&df[id]=DF_COVID_VACCINATION&df[ag]=SPC&df[vs]=1.0,725729,376350,315711,33668
Papua New Guinea,2023-03-20,Oxford/AstraZeneca,https://stats.pacificdata.org/vis?tm=covid&pg=0&df[ds]=SPC2&df[id]=DF_COVID_VACCINATION&df[ag]=SPC&df[vs]=1.0,728951,377915,317260,33776
Papua New Guinea,2023-04-03,Oxford/AstraZeneca,https://stats.pacificdata.org/vis?tm=covid&pg=0&df[ds]=SPC2&df[id]=DF_COVID_VACCINATION&df[ag]=SPC&df[vs]=1.0,732916,379658,318967,34291
Papua New Guinea,2023-04-11,Oxford/AstraZeneca,https://stats.pacificdata.org/vis?tm=covid&pg=0&df[ds]=SPC2&df[id]=DF_COVID_VACCINATION&df[ag]=SPC&df[vs]=1.0,733363,379859,319168,34336
Papua New Guinea,2023-05-01,Oxford/AstraZeneca,https://stats.pacificdata.org/vis?tm=covid&pg=0&df[ds]=SPC2&df[id]=DF_COVID_VACCINATION&df[ag]=SPC&df[vs]=1.0,737695,382020,321192,34483
