location,date,vaccine,source_url,total_vaccinations,people_vaccinated,people_fully_vaccinated,total_boosters
Qatar,2020-12-22,Pfizer/BioNTech,https://www.aljazeera.com/news/2020/12/23/qatar-begins-coronavirus-vaccination-campaign,0,,,
Qatar,2021-01-28,Pfizer/BioNTech,https://www.gulf-times.com/story/683467/If-Covid-cases-increase-more-restrictions-may-be-e,50000,,,
Qatar,2021-02-17,Pfizer/BioNTech,https://www.gulf-times.com/story/684927/More-than-100-000-vaccinated-in-Qatar-so-far-says-,,100000,,
Qatar,2021-02-18,Pfizer/BioNTech,https://www.gulf-times.com/story/685040,140000,,,
Qatar,2021-03-07,"Moderna, Pfizer/BioNTech",https://twitter.com/MOPHQatar/status/1368573172711370756,327000,,,
Qatar,2021-03-10,"Moderna, Pfizer/BioNTech",https://twitter.com/QNAEnglish/status/1369767228703449106,380000,,,
Qatar,2021-03-16,"Moderna, Pfizer/BioNTech",https://twitter.com/QNAEnglish/status/1371853178195607558,510000,,,
Qatar,2021-03-21,"Moderna, Pfizer/BioNTech",https://covid19.moph.gov.qa/EN/Pages/default.aspx,594613,,,
Qatar,2021-03-22,"Moderna, Pfizer/BioNTech",https://covid19.moph.gov.qa/EN/Pages/default.aspx,615655,,,
Qatar,2021-03-23,"Moderna, Pfizer/BioNTech",https://covid19.moph.gov.qa/EN/Pages/default.aspx,637461,,,
Qatar,2021-03-24,"Moderna, Pfizer/BioNTech",https://covid19.moph.gov.qa/EN/Pages/default.aspx,658325,,,
Qatar,2021-03-25,"Moderna, Pfizer/BioNTech",https://covid19.moph.gov.qa/EN/Pages/default.aspx,679278,,,
Qatar,2021-03-26,"Moderna, Pfizer/BioNTech",https://covid19.moph.gov.qa/EN/Pages/default.aspx,701943,,,
Qatar,2021-03-27,"Moderna, Pfizer/BioNTech",https://covid19.moph.gov.qa/EN/Pages/default.aspx,721236,,,
Qatar,2021-03-28,"Moderna, Pfizer/BioNTech",https://covid19.moph.gov.qa/EN/Pages/default.aspx,740309,,,
Qatar,2021-03-29,"Moderna, Pfizer/BioNTech",https://covid19.moph.gov.qa/EN/Pages/default.aspx,765110,,,
Qatar,2021-03-30,"Moderna, Pfizer/BioNTech",https://covid19.moph.gov.qa/EN/Pages/default.aspx,790676,,,
Qatar,2021-03-31,"Moderna, Pfizer/BioNTech",https://covid19.moph.gov.qa/EN/Pages/default.aspx,816484,,,
Qatar,2021-04-01,"Moderna, Pfizer/BioNTech",https://covid19.moph.gov.qa/EN/Pages/default.aspx,842000,,,
Qatar,2021-04-02,"Moderna, Pfizer/BioNTech",https://covid19.moph.gov.qa/EN/Pages/default.aspx,867209,,,
Qatar,2021-04-03,"Moderna, Pfizer/BioNTech",https://covid19.moph.gov.qa/EN/Pages/default.aspx,889202,,,
Qatar,2021-04-04,"Moderna, Pfizer/BioNTech",https://covid19.moph.gov.qa/EN/Pages/default.aspx,910851,,,
Qatar,2021-04-05,"Moderna, Pfizer/BioNTech",https://covid19.moph.gov.qa/EN/Pages/default.aspx,934843,,,
Qatar,2021-04-06,"Moderna, Pfizer/BioNTech",https://covid19.moph.gov.qa/EN/Pages/default.aspx,961555,,,
Qatar,2021-04-07,"Moderna, Pfizer/BioNTech",https://covid19.moph.gov.qa/EN/Pages/default.aspx,987673,,,
Qatar,2021-04-08,"Moderna, Pfizer/BioNTech",https://covid19.moph.gov.qa/EN/Pages/default.aspx,1012716,,,
Qatar,2021-04-09,"Moderna, Pfizer/BioNTech",https://covid19.moph.gov.qa/EN/Pages/default.aspx,1041632,,,
Qatar,2021-04-10,"Moderna, Pfizer/BioNTech",https://covid19.moph.gov.qa/EN/Pages/default.aspx,1062250,,,
Qatar,2021-04-11,"Moderna, Pfizer/BioNTech",https://covid19.moph.gov.qa/EN/Pages/default.aspx,1079776,,,
Qatar,2021-04-12,"Moderna, Pfizer/BioNTech",https://covid19.moph.gov.qa/EN/Pages/default.aspx,1104726,,,
Qatar,2021-04-13,"Moderna, Pfizer/BioNTech",https://covid19.moph.gov.qa/EN/Pages/default.aspx,1131631,,,
Qatar,2021-04-14,"Moderna, Pfizer/BioNTech",https://covid19.moph.gov.qa/EN/Pages/default.aspx,1159479,,,
Qatar,2021-04-15,"Moderna, Pfizer/BioNTech",https://covid19.moph.gov.qa/EN/Pages/default.aspx,1183191,,,
Qatar,2021-04-16,"Moderna, Pfizer/BioNTech",https://covid19.moph.gov.qa/EN/Pages/default.aspx,1209648,,,
Qatar,2021-04-17,"Moderna, Pfizer/BioNTech",https://covid19.moph.gov.qa/EN/Pages/default.aspx,1225110,,,
Qatar,2021-04-18,"Moderna, Pfizer/BioNTech",https://covid19.moph.gov.qa/EN/Pages/default.aspx,1248229,,,
Qatar,2021-04-19,"Moderna, Pfizer/BioNTech",https://covid19.moph.gov.qa/EN/Pages/default.aspx,1271478,,,
Qatar,2021-04-20,"Moderna, Pfizer/BioNTech",https://covid19.moph.gov.qa/EN/Pages/default.aspx,1296520,,,
Qatar,2021-04-21,"Moderna, Pfizer/BioNTech",https://covid19.moph.gov.qa/EN/Pages/default.aspx,1320866,,,
Qatar,2021-04-22,"Moderna, Pfizer/BioNTech",https://covid19.moph.gov.qa/EN/Pages/default.aspx,1345423,,,
Qatar,2021-04-23,"Moderna, Pfizer/BioNTech",https://covid19.moph.gov.qa/EN/Pages/default.aspx,1372396,,,
Qatar,2021-04-24,"Moderna, Pfizer/BioNTech",https://covid19.moph.gov.qa/EN/Pages/default.aspx,1394781,,,
Qatar,2021-04-25,"Moderna, Pfizer/BioNTech",https://covid19.moph.gov.qa/EN/Pages/default.aspx,1415761,,,
Qatar,2021-04-26,"Moderna, Pfizer/BioNTech",https://covid19.moph.gov.qa/EN/Pages/default.aspx,1442708,,,
Qatar,2021-04-27,"Moderna, Pfizer/BioNTech",https://covid19.moph.gov.qa/EN/Pages/default.aspx,1469633,,,
Qatar,2021-04-28,"Moderna, Pfizer/BioNTech",https://covid19.moph.gov.qa/EN/Pages/default.aspx,1496833,,,
Qatar,2021-04-29,"Moderna, Pfizer/BioNTech",https://covid19.moph.gov.qa/EN/Pages/Vaccination-Program-Data.aspx,1526775,971973,554982,
Qatar,2021-04-30,"Moderna, Pfizer/BioNTech",https://covid19.moph.gov.qa/EN/Pages/Vaccination-Program-Data.aspx,1556203,989627,566576,
Qatar,2021-05-01,"Moderna, Pfizer/BioNTech",https://covid19.moph.gov.qa/EN/Pages/Vaccination-Program-Data.aspx,1579002,1002748,576254,
Qatar,2021-05-02,"Moderna, Pfizer/BioNTech",https://covid19.moph.gov.qa/EN/Pages/Vaccination-Program-Data.aspx,1603913,1017019,586894,
Qatar,2021-05-03,"Moderna, Pfizer/BioNTech",https://covid19.moph.gov.qa/EN/Pages/Vaccination-Program-Data.aspx,1635398,1031300,604098,
Qatar,2021-05-04,"Moderna, Pfizer/BioNTech",https://covid19.moph.gov.qa/EN/Pages/Vaccination-Program-Data.aspx,1670911,1047196,623715,
Qatar,2021-05-05,"Moderna, Pfizer/BioNTech",https://covid19.moph.gov.qa/EN/Pages/Vaccination-Program-Data.aspx,1701914,1064294,637620,
Qatar,2021-05-06,"Moderna, Pfizer/BioNTech",https://covid19.moph.gov.qa/EN/Pages/Vaccination-Program-Data.aspx,1732471,1080415,652056,
Qatar,2021-05-07,"Moderna, Pfizer/BioNTech",https://covid19.moph.gov.qa/EN/Pages/Vaccination-Program-Data.aspx,1762545,1094976,667569,
Qatar,2021-05-08,"Moderna, Pfizer/BioNTech",https://covid19.moph.gov.qa/EN/Pages/Vaccination-Program-Data.aspx,1787160,1103747,683413,
Qatar,2021-05-09,"Moderna, Pfizer/BioNTech",https://covid19.moph.gov.qa/EN/Pages/Vaccination-Program-Data.aspx,1813240,1115842,697398,
Qatar,2021-05-10,"Moderna, Pfizer/BioNTech",https://covid19.moph.gov.qa/EN/Pages/Vaccination-Program-Data.aspx,1844658,1127091,717567,
Qatar,2021-05-11,"Moderna, Pfizer/BioNTech",https://covid19.moph.gov.qa/EN/Pages/Vaccination-Program-Data.aspx,1876178,1137843,738335,
Qatar,2021-05-12,"Moderna, Pfizer/BioNTech",https://covid19.moph.gov.qa/EN/Pages/Vaccination-Program-Data.aspx,1911663,1149854,761809,
Qatar,2021-05-13,"Moderna, Pfizer/BioNTech",https://covid19.moph.gov.qa/EN/Pages/Vaccination-Program-Data.aspx,1944628,1160213,784415,
Qatar,2021-05-14,"Moderna, Pfizer/BioNTech",https://covid19.moph.gov.qa/EN/Pages/Vaccination-Program-Data.aspx,1976748,1168975,807773,
Qatar,2021-05-15,"Moderna, Pfizer/BioNTech",https://covid19.moph.gov.qa/EN/Pages/Vaccination-Program-Data.aspx,2002018,1177725,824293,
Qatar,2021-05-16,"Moderna, Pfizer/BioNTech",https://covid19.moph.gov.qa/EN/Pages/Vaccination-Program-Data.aspx,2035475,1190700,844775,
Qatar,2021-05-17,"Moderna, Pfizer/BioNTech",https://covid19.moph.gov.qa/EN/Pages/Vaccination-Program-Data.aspx,2073354,1206737,866617,
Qatar,2021-05-18,"Moderna, Pfizer/BioNTech",https://covid19.moph.gov.qa/EN/Pages/Vaccination-Program-Data.aspx,2109980,1221996,887984,
Qatar,2021-05-19,"Moderna, Pfizer/BioNTech",https://covid19.moph.gov.qa/EN/Pages/Vaccination-Program-Data.aspx,2150749,1240202,910547,
Qatar,2021-05-20,"Moderna, Pfizer/BioNTech",https://covid19.moph.gov.qa/EN/Pages/Vaccination-Program-Data.aspx,2190807,1261828,928979,
Qatar,2021-05-21,"Moderna, Pfizer/BioNTech",https://covid19.moph.gov.qa/EN/Pages/Vaccination-Program-Data.aspx,2233616,1288584,945022,
Qatar,2021-05-23,"Moderna, Pfizer/BioNTech",https://covid19.moph.gov.qa/EN/Pages/Vaccination-Program-Data.aspx,2293240,1321233,972007,
Qatar,2021-05-24,"Moderna, Pfizer/BioNTech",https://covid19.moph.gov.qa/EN/Pages/Vaccination-Program-Data.aspx,2329338,1341921,987417,
Qatar,2021-05-25,"Moderna, Pfizer/BioNTech",https://covid19.moph.gov.qa/EN/Pages/Vaccination-Program-Data.aspx,2365647,1361511,1004136,
Qatar,2021-05-26,"Moderna, Pfizer/BioNTech",https://covid19.moph.gov.qa/EN/Pages/Vaccination-Program-Data.aspx,2403165,1381456,1021709,
Qatar,2021-05-27,"Moderna, Pfizer/BioNTech",https://covid19.moph.gov.qa/EN/Pages/Vaccination-Program-Data.aspx,2440930,1400720,1040210,
Qatar,2021-05-28,"Moderna, Pfizer/BioNTech",https://covid19.moph.gov.qa/EN/Pages/Vaccination-Program-Data.aspx,2475837,1420090,1055747,
Qatar,2021-05-29,"Moderna, Pfizer/BioNTech",https://covid19.moph.gov.qa/EN/Pages/Vaccination-Program-Data.aspx,2491638,1430121,1061517,
Qatar,2021-05-30,"Moderna, Pfizer/BioNTech",https://covid19.moph.gov.qa/EN/Pages/Vaccination-Program-Data.aspx,2514585,1443882,1070703,
Qatar,2021-05-31,"Moderna, Pfizer/BioNTech",https://covid19.moph.gov.qa/EN/Pages/Vaccination-Program-Data.aspx,2545193,1461871,1083322,
Qatar,2021-06-01,"Moderna, Pfizer/BioNTech",https://covid19.moph.gov.qa/EN/Pages/Vaccination-Program-Data.aspx,2574692,1479717,1094975,
Qatar,2021-06-02,"Moderna, Pfizer/BioNTech",https://covid19.moph.gov.qa/EN/Pages/Vaccination-Program-Data.aspx,2600344,1494265,1106079,
Qatar,2021-06-03,"Moderna, Pfizer/BioNTech",https://covid19.moph.gov.qa/EN/Pages/Vaccination-Program-Data.aspx,2622285,1510561,1111724,
Qatar,2021-06-04,"Moderna, Pfizer/BioNTech",https://covid19.moph.gov.qa/EN/Pages/Vaccination-Program-Data.aspx,2643573,1526103,1117470,
Qatar,2021-06-05,"Moderna, Pfizer/BioNTech",https://covid19.moph.gov.qa/EN/Pages/Vaccination-Program-Data.aspx,2656695,1531477,1125218,
Qatar,2021-06-06,"Moderna, Pfizer/BioNTech",https://covid19.moph.gov.qa/EN/Pages/Vaccination-Program-Data.aspx,2676239,1541863,1134376,
Qatar,2021-06-07,"Moderna, Pfizer/BioNTech",https://covid19.moph.gov.qa/EN/Pages/Vaccination-Program-Data.aspx,2700942,1554740,1146202,
Qatar,2021-06-08,"Moderna, Pfizer/BioNTech",https://covid19.moph.gov.qa/EN/Pages/Vaccination-Program-Data.aspx,2716670,1561481,1155189,
Qatar,2021-06-09,"Moderna, Pfizer/BioNTech",https://covid19.moph.gov.qa/EN/Pages/Vaccination-Program-Data.aspx,2729437,1566366,1163071,
Qatar,2021-06-10,"Moderna, Pfizer/BioNTech",https://covid19.moph.gov.qa/EN/Pages/Vaccination-Program-Data.aspx,2748452,1572212,1176240,
Qatar,2021-06-11,"Moderna, Pfizer/BioNTech",https://covid19.moph.gov.qa/EN/Pages/Vaccination-Program-Data.aspx,2768028,1578669,1189359,
Qatar,2021-06-12,"Moderna, Pfizer/BioNTech",https://covid19.moph.gov.qa/EN/Pages/Vaccination-Program-Data.aspx,2780916,1583143,1197773,
Qatar,2021-06-13,"Moderna, Pfizer/BioNTech",https://covid19.moph.gov.qa/EN/Pages/Vaccination-Program-Data.aspx,2795091,1587414,1207677,
Qatar,2021-06-14,"Moderna, Pfizer/BioNTech",https://covid19.moph.gov.qa/EN/Pages/Vaccination-Program-Data.aspx,2813022,1593600,1219422,
Qatar,2021-06-15,"Moderna, Pfizer/BioNTech",https://covid19.moph.gov.qa/EN/Pages/Vaccination-Program-Data.aspx,2833984,1601801,1232183,
Qatar,2021-06-16,"Moderna, Pfizer/BioNTech",https://covid19.moph.gov.qa/EN/Pages/Vaccination-Program-Data.aspx,2845587,1605854,1239733,
Qatar,2021-06-17,"Moderna, Pfizer/BioNTech",https://covid19.moph.gov.qa/EN/Pages/Vaccination-Program-Data.aspx,2856149,1609775,1246374,
Qatar,2021-06-18,"Moderna, Pfizer/BioNTech",https://covid19.moph.gov.qa/EN/Pages/Vaccination-Program-Data.aspx,2868162,1614039,1254123,
Qatar,2021-06-19,"Moderna, Pfizer/BioNTech",https://covid19.moph.gov.qa/EN/Pages/Vaccination-Program-Data.aspx,2876509,1616899,1259610,
Qatar,2021-06-20,"Moderna, Pfizer/BioNTech",https://covid19.moph.gov.qa/EN/Pages/Vaccination-Program-Data.aspx,2886323,1620571,1265752,
Qatar,2021-06-21,"Moderna, Pfizer/BioNTech",https://covid19.moph.gov.qa/EN/Pages/Vaccination-Program-Data.aspx,2898814,1625178,1273636,
Qatar,2021-06-22,"Moderna, Pfizer/BioNTech",https://covid19.moph.gov.qa/EN/Pages/Vaccination-Program-Data.aspx,2908963,1629077,1279866,
Qatar,2021-06-23,"Moderna, Pfizer/BioNTech",https://covid19.moph.gov.qa/EN/Pages/Vaccination-Program-Data.aspx,2926066,1635054,1291012,
Qatar,2021-06-24,"Moderna, Pfizer/BioNTech",https://covid19.moph.gov.qa/EN/Pages/Vaccination-Program-Data.aspx,2956057,1647722,1308335,
Qatar,2021-06-25,"Moderna, Pfizer/BioNTech",https://covid19.moph.gov.qa/EN/Pages/Vaccination-Program-Data.aspx,2989246,1658860,1330386,
Qatar,2021-06-26,"Moderna, Pfizer/BioNTech",https://covid19.moph.gov.qa/EN/Pages/Vaccination-Program-Data.aspx,3008822,1665031,1343791,
Qatar,2021-06-27,"Moderna, Pfizer/BioNTech",https://covid19.moph.gov.qa/EN/Pages/Vaccination-Program-Data.aspx,3041661,1676351,1365310,
Qatar,2021-06-28,"Moderna, Pfizer/BioNTech",https://covid19.moph.gov.qa/EN/Pages/Vaccination-Program-Data.aspx,3075375,1689837,1385538,
Qatar,2021-06-29,"Moderna, Pfizer/BioNTech",https://covid19.moph.gov.qa/EN/Pages/Vaccination-Program-Data.aspx,3109044,1701777,1407267,
Qatar,2021-06-30,"Moderna, Pfizer/BioNTech",https://covid19.moph.gov.qa/EN/Pages/Vaccination-Program-Data.aspx,3145062,1714847,1430215,
Qatar,2021-07-01,"Moderna, Pfizer/BioNTech",https://covid19.moph.gov.qa/EN/Pages/Vaccination-Program-Data.aspx,3177744,1728760,1448984,
Qatar,2021-07-02,"Moderna, Pfizer/BioNTech",https://covid19.moph.gov.qa/EN/Pages/Vaccination-Program-Data.aspx,3211237,1739012,1472225,
Qatar,2021-07-03,"Moderna, Pfizer/BioNTech",https://covid19.moph.gov.qa/EN/Pages/Vaccination-Program-Data.aspx,3226308,1745702,1480606,
Qatar,2021-07-04,"Moderna, Pfizer/BioNTech",https://covid19.moph.gov.qa/EN/Pages/Vaccination-Program-Data.aspx,3249265,1760633,1488632,
Qatar,2021-07-05,"Moderna, Pfizer/BioNTech",https://covid19.moph.gov.qa/EN/Pages/Vaccination-Program-Data.aspx,3276416,1778906,1497510,
Qatar,2021-07-06,"Moderna, Pfizer/BioNTech",https://covid19.moph.gov.qa/EN/Pages/Vaccination-Program-Data.aspx,3304045,1797077,1506968,
Qatar,2021-07-07,"Moderna, Pfizer/BioNTech",https://covid19.moph.gov.qa/EN/Pages/Vaccination-Program-Data.aspx,3333203,1815518,1517685,
Qatar,2021-07-08,"Moderna, Pfizer/BioNTech",https://covid19.moph.gov.qa/EN/Pages/Vaccination-Program-Data.aspx,3369163,1839827,1529336,
Qatar,2021-07-09,"Moderna, Pfizer/BioNTech",https://covid19.moph.gov.qa/EN/Pages/Vaccination-Program-Data.aspx,3383787,1844917,1538870,
Qatar,2021-07-10,"Moderna, Pfizer/BioNTech",https://covid19.moph.gov.qa/EN/Pages/Vaccination-Program-Data.aspx,3390306,1847262,1543044,
Qatar,2021-07-11,"Moderna, Pfizer/BioNTech",https://covid19.moph.gov.qa/EN/Pages/Vaccination-Program-Data.aspx,3396963,1849825,1547138,
Qatar,2021-07-12,"Moderna, Pfizer/BioNTech",https://covid19.moph.gov.qa/EN/Pages/Vaccination-Program-Data.aspx,3408423,1854292,1554131,
Qatar,2021-07-13,"Moderna, Pfizer/BioNTech",https://covid19.moph.gov.qa/EN/Pages/Vaccination-Program-Data.aspx,3428791,1867049,1561742,
Qatar,2021-07-14,"Moderna, Pfizer/BioNTech",https://covid19.moph.gov.qa/EN/Pages/Vaccination-Program-Data.aspx,3452235,1880175,1572060,
Qatar,2021-07-15,"Moderna, Pfizer/BioNTech",https://covid19.moph.gov.qa/EN/Pages/Vaccination-Program-Data.aspx,3474944,1893112,1581832,
Qatar,2021-07-16,"Moderna, Pfizer/BioNTech",https://covid19.moph.gov.qa/EN/Pages/Vaccination-Program-Data.aspx,3497554,1904659,1592895,
Qatar,2021-07-17,"Moderna, Pfizer/BioNTech",https://covid19.moph.gov.qa/EN/Pages/Vaccination-Program-Data.aspx,3503040,1906753,1596287,
Qatar,2021-07-18,"Moderna, Pfizer/BioNTech",https://covid19.moph.gov.qa/EN/Pages/Vaccination-Program-Data.aspx,3523001,1915950,1607051,
Qatar,2021-07-19,"Moderna, Pfizer/BioNTech",https://covid19.moph.gov.qa/EN/Pages/Vaccination-Program-Data.aspx,3559312,1934983,1624329,
Qatar,2021-07-20,"Moderna, Pfizer/BioNTech",https://covid19.moph.gov.qa/EN/Pages/Vaccination-Program-Data.aspx,3580870,1944020,1636850,
Qatar,2021-07-21,"Moderna, Pfizer/BioNTech",https://covid19.moph.gov.qa/EN/Pages/Vaccination-Program-Data.aspx,3587683,1945508,1642175,
Qatar,2021-07-22,"Moderna, Pfizer/BioNTech",https://covid19.moph.gov.qa/EN/Pages/Vaccination-Program-Data.aspx,3614811,1956183,1658628,
Qatar,2021-07-23,"Moderna, Pfizer/BioNTech",https://covid19.moph.gov.qa/EN/Pages/Vaccination-Program-Data.aspx,3636272,1965422,1670850,
Qatar,2021-07-24,"Moderna, Pfizer/BioNTech",https://covid19.moph.gov.qa/EN/Pages/Vaccination-Program-Data.aspx,3642002,1967377,1674625,
Qatar,2021-07-26,"Moderna, Pfizer/BioNTech",https://covid19.moph.gov.qa/EN/Pages/Vaccination-Program-Data.aspx,3685591,1997576,1688015,
Qatar,2021-07-27,"Moderna, Pfizer/BioNTech",https://covid19.moph.gov.qa/EN/Pages/Vaccination-Program-Data.aspx,3708551,2013080,1695471,
Qatar,2021-07-28,"Moderna, Pfizer/BioNTech",https://covid19.moph.gov.qa/EN/Pages/Vaccination-Program-Data.aspx,3730856,2028988,1701868,
Qatar,2021-07-29,"Moderna, Pfizer/BioNTech",https://covid19.moph.gov.qa/EN/Pages/Vaccination-Program-Data.aspx,3752281,2044639,1707642,
Qatar,2021-07-30,"Moderna, Pfizer/BioNTech",https://covid19.moph.gov.qa/EN/Pages/Vaccination-Program-Data.aspx,3775560,2050819,1724741,
Qatar,2021-07-31,"Moderna, Pfizer/BioNTech",https://covid19.moph.gov.qa/EN/Pages/Vaccination-Program-Data.aspx,3780468,2053529,1726939,
Qatar,2021-08-01,"Moderna, Pfizer/BioNTech",https://covid19.moph.gov.qa/EN/Pages/Vaccination-Program-Data.aspx,3804298,2065408,1738890,
Qatar,2021-08-02,"Moderna, Pfizer/BioNTech",https://covid19.moph.gov.qa/EN/Pages/Vaccination-Program-Data.aspx,3831811,2077049,1754762,
Qatar,2021-08-03,"Moderna, Pfizer/BioNTech",https://covid19.moph.gov.qa/EN/Pages/Vaccination-Program-Data.aspx,3859284,2089771,1769513,
Qatar,2021-08-04,"Moderna, Pfizer/BioNTech",https://covid19.moph.gov.qa/EN/Pages/Vaccination-Program-Data.aspx,3872889,2100664,1772225,
Qatar,2021-08-05,"Moderna, Pfizer/BioNTech",https://covid19.moph.gov.qa/EN/Pages/Vaccination-Program-Data.aspx,3916863,2113896,1802967,
Qatar,2021-08-06,"Moderna, Pfizer/BioNTech",https://covid19.moph.gov.qa/EN/Pages/Vaccination-Program-Data.aspx,3938599,2125355,1813244,
Qatar,2021-08-07,"Moderna, Pfizer/BioNTech",https://covid19.moph.gov.qa/EN/Pages/Vaccination-Program-Data.aspx,3942271,2127479,1814792,
Qatar,2021-08-08,"Moderna, Pfizer/BioNTech",https://covid19.moph.gov.qa/EN/Pages/Vaccination-Program-Data.aspx,3951518,2134729,1816789,
Qatar,2021-08-09,"Moderna, Pfizer/BioNTech",https://covid19.moph.gov.qa/EN/Pages/Vaccination-Program-Data.aspx,3990966,2165071,1825895,
Qatar,2021-08-10,"Moderna, Pfizer/BioNTech",https://covid19.moph.gov.qa/EN/Pages/Vaccination-Program-Data.aspx,4012536,2175812,1836724,
Qatar,2021-08-11,"Moderna, Pfizer/BioNTech",https://covid19.moph.gov.qa/EN/Pages/Vaccination-Program-Data.aspx,4038555,2185670,1852885,
Qatar,2021-08-13,"Moderna, Pfizer/BioNTech",https://covid19.moph.gov.qa/EN/Pages/Vaccination-Program-Data.aspx,4067088,2200646,1866442,
Qatar,2021-08-14,"Moderna, Pfizer/BioNTech",https://covid19.moph.gov.qa/EN/Pages/Vaccination-Program-Data.aspx,4076666,2205363,1871303,
Qatar,2021-08-15,"Moderna, Pfizer/BioNTech",https://covid19.moph.gov.qa/EN/Pages/Vaccination-Program-Data.aspx,4091569,2214028,1877541,
Qatar,2021-08-16,"Moderna, Pfizer/BioNTech",https://covid19.moph.gov.qa/EN/Pages/Vaccination-Program-Data.aspx,4135062,2225919,1909143,
Qatar,2021-08-17,"Moderna, Pfizer/BioNTech",https://covid19.moph.gov.qa/EN/Pages/Vaccination-Program-Data.aspx,4162791,2235625,1927166,
Qatar,2021-08-18,"Moderna, Pfizer/BioNTech",https://covid19.moph.gov.qa/EN/Pages/Vaccination-Program-Data.aspx,4179382,2244116,1935266,
Qatar,2021-08-19,"Moderna, Pfizer/BioNTech",https://covid19.moph.gov.qa/EN/Pages/Vaccination-Program-Data.aspx,4202478,2256097,1946381,
Qatar,2021-08-20,"Moderna, Pfizer/BioNTech",https://covid19.moph.gov.qa/EN/Pages/Vaccination-Program-Data.aspx,4228126,2269446,1958680,
Qatar,2021-08-21,"Moderna, Pfizer/BioNTech",https://covid19.moph.gov.qa/EN/Pages/Vaccination-Program-Data.aspx,4231970,,,
Qatar,2021-08-22,"Moderna, Pfizer/BioNTech",https://covid19.moph.gov.qa/EN/Pages/Vaccination-Program-Data.aspx,4252387,2270775,1981612,
Qatar,2021-08-23,"Moderna, Pfizer/BioNTech",https://covid19.moph.gov.qa/EN/Pages/Vaccination-Program-Data.aspx,4268255,2277158,1991097,
Qatar,2021-08-24,"Moderna, Pfizer/BioNTech",https://covid19.moph.gov.qa/EN/Pages/Vaccination-Program-Data.aspx,4287922,2281413,2006509,
Qatar,2021-08-25,"Moderna, Pfizer/BioNTech",https://covid19.moph.gov.qa/EN/Pages/Vaccination-Program-Data.aspx,4314791,2287632,2027159,
Qatar,2021-08-26,"Moderna, Pfizer/BioNTech",https://covid19.moph.gov.qa/EN/Pages/Vaccination-Program-Data.aspx,4333672,2294297,2039375,
Qatar,2021-08-27,"Moderna, Pfizer/BioNTech",https://covid19.moph.gov.qa/EN/Pages/Vaccination-Program-Data.aspx,4363903,,,
Qatar,2021-08-28,"Moderna, Pfizer/BioNTech",https://covid19.moph.gov.qa/EN/Pages/Vaccination-Program-Data.aspx,4369584,,,
Qatar,2021-08-29,"Moderna, Pfizer/BioNTech",https://covid19.moph.gov.qa/EN/Pages/Vaccination-Program-Data.aspx,4413329,2318916,2094413,
Qatar,2021-08-31,"Moderna, Pfizer/BioNTech",https://covid19.moph.gov.qa/EN/Pages/Vaccination-Program-Data.aspx,4454401,2323543,2130858,
Qatar,2021-09-01,"Moderna, Pfizer/BioNTech",https://covid19.moph.gov.qa/EN/Pages/Vaccination-Program-Data.aspx,4479962,2327768,2152194,
Qatar,2021-09-02,"Moderna, Pfizer/BioNTech",https://covid19.moph.gov.qa/EN/Pages/Vaccination-Program-Data.aspx,4501397,2337318,2164079,
Qatar,2021-09-04,"Moderna, Pfizer/BioNTech",https://covid19.moph.gov.qa/EN/Pages/Vaccination-Program-Data.aspx,4504557,2337484,2167073,
Qatar,2021-09-06,"Moderna, Pfizer/BioNTech",https://covid19.moph.gov.qa/EN/Pages/Vaccination-Program-Data.aspx,4535813,2344353,2191460,
Qatar,2021-09-08,"Moderna, Pfizer/BioNTech",https://covid19.moph.gov.qa/EN/Pages/Vaccination-Program-Data.aspx,4550682,2349013,2201669,
Qatar,2021-09-09,"Moderna, Pfizer/BioNTech",https://covid19.moph.gov.qa/EN/Pages/Vaccination-Program-Data.aspx,4561509,2351673,2209836,
Qatar,2021-09-11,"Moderna, Pfizer/BioNTech",https://covid19.moph.gov.qa/EN/Pages/Vaccination-Program-Data.aspx,4578600,2360308,2218292,
Qatar,2021-09-12,"Moderna, Pfizer/BioNTech",https://covid19.moph.gov.qa/EN/Pages/Vaccination-Program-Data.aspx,4587397,,,
Qatar,2021-09-13,"Moderna, Pfizer/BioNTech",https://covid19.moph.gov.qa/EN/Pages/Vaccination-Program-Data.aspx,4605920,,,
Qatar,2021-09-14,"Moderna, Pfizer/BioNTech",https://covid19.moph.gov.qa/EN/Pages/Vaccination-Program-Data.aspx,4615678,,,
Qatar,2021-09-15,"Moderna, Pfizer/BioNTech",https://covid19.moph.gov.qa/EN/Pages/Vaccination-Program-Data.aspx,4624179,,,
Qatar,2021-09-16,"Moderna, Pfizer/BioNTech",https://covid19.moph.gov.qa/EN/Pages/Vaccination-Program-Data.aspx,4633897,,,
Qatar,2021-09-17,"Moderna, Pfizer/BioNTech",https://covid19.moph.gov.qa/EN/Pages/Vaccination-Program-Data.aspx,4647414,,,
Qatar,2021-09-18,"Moderna, Pfizer/BioNTech",https://covid19.moph.gov.qa/EN/Pages/Vaccination-Program-Data.aspx,4653019,,,
Qatar,2021-09-21,"Moderna, Pfizer/BioNTech",https://covid19.moph.gov.qa/EN/Pages/Vaccination-Program-Data.aspx,4675941,,,
Qatar,2021-09-23,"Moderna, Pfizer/BioNTech",https://covid19.moph.gov.qa/EN/Pages/Vaccination-Program-Data.aspx,4686559,,,
Qatar,2021-09-25,"Moderna, Pfizer/BioNTech",https://covid19.moph.gov.qa/EN/Pages/Vaccination-Program-Data.aspx,4690049,,,
Qatar,2021-09-26,"Moderna, Pfizer/BioNTech",https://covid19.moph.gov.qa/EN/Pages/Vaccination-Program-Data.aspx,4696753,,,
Qatar,2021-09-28,"Moderna, Pfizer/BioNTech",https://covid19.moph.gov.qa/EN/Pages/Vaccination-Program-Data.aspx,4702517,,,
Qatar,2021-09-29,"Moderna, Pfizer/BioNTech",https://covid19.moph.gov.qa/EN/Pages/Vaccination-Program-Data.aspx,4708867,,,
Qatar,2021-09-30,"Moderna, Pfizer/BioNTech",https://covid19.moph.gov.qa/EN/Pages/Vaccination-Program-Data.aspx,4712907,,,
Qatar,2021-10-01,"Moderna, Pfizer/BioNTech",https://covid19.moph.gov.qa/EN/Pages/Vaccination-Program-Data.aspx,4720147,,,
Qatar,2021-10-02,"Moderna, Pfizer/BioNTech",https://covid19.moph.gov.qa/EN/Pages/Vaccination-Program-Data.aspx,4722279,,,
Qatar,2021-10-03,"Moderna, Pfizer/BioNTech",https://covid19.moph.gov.qa/EN/Pages/Vaccination-Program-Data.aspx,4724998,,,
Qatar,2021-10-04,"Moderna, Pfizer/BioNTech",https://covid19.moph.gov.qa/EN/Pages/Vaccination-Program-Data.aspx,4734750,,,
Qatar,2021-10-05,"Moderna, Pfizer/BioNTech",https://covid19.moph.gov.qa/EN/Pages/Vaccination-Program-Data.aspx,4739995,,,
Qatar,2021-10-06,"Moderna, Pfizer/BioNTech",https://covid19.moph.gov.qa/EN/Pages/Vaccination-Program-Data.aspx,4744058,,,
Qatar,2021-10-07,"Moderna, Pfizer/BioNTech",https://covid19.moph.gov.qa/EN/Pages/Vaccination-Program-Data.aspx,4748753,,,
Qatar,2021-10-08,"Moderna, Pfizer/BioNTech",https://covid19.moph.gov.qa/EN/Pages/Vaccination-Program-Data.aspx,4754884,,,
Qatar,2021-10-09,"Moderna, Pfizer/BioNTech",https://covid19.moph.gov.qa/EN/Pages/Vaccination-Program-Data.aspx,4760876,,,
Qatar,2021-10-10,"Moderna, Pfizer/BioNTech",https://covid19.moph.gov.qa/EN/Pages/Vaccination-Program-Data.aspx,4767210,,,
Qatar,2021-10-12,"Moderna, Pfizer/BioNTech",https://covid19.moph.gov.qa/EN/Pages/Vaccination-Program-Data.aspx,4772142,,,
Qatar,2021-10-13,"Moderna, Pfizer/BioNTech",https://covid19.moph.gov.qa/EN/Pages/Vaccination-Program-Data.aspx,4776367,,,
Qatar,2021-10-14,"Moderna, Pfizer/BioNTech",https://covid19.moph.gov.qa/EN/Pages/Vaccination-Program-Data.aspx,4780790,,,
Qatar,2021-10-15,"Moderna, Pfizer/BioNTech",https://covid19.moph.gov.qa/EN/Pages/Vaccination-Program-Data.aspx,4785841,,,
Qatar,2021-10-16,"Moderna, Pfizer/BioNTech",https://covid19.moph.gov.qa/EN/Pages/Vaccination-Program-Data.aspx,4787360,,,
Qatar,2021-10-17,"Moderna, Pfizer/BioNTech",https://covid19.moph.gov.qa/EN/Pages/Vaccination-Program-Data.aspx,4790350,,,
Qatar,2021-10-18,"Moderna, Pfizer/BioNTech",https://covid19.moph.gov.qa/EN/Pages/Vaccination-Program-Data.aspx,4793618,,,
Qatar,2021-10-19,"Moderna, Pfizer/BioNTech",https://covid19.moph.gov.qa/EN/Pages/Vaccination-Program-Data.aspx,4799513,,,
Qatar,2021-10-21,"Moderna, Pfizer/BioNTech",https://covid19.moph.gov.qa/EN/Pages/Vaccination-Program-Data.aspx,4802306,,,
Qatar,2021-10-22,"Moderna, Pfizer/BioNTech",https://covid19.moph.gov.qa/EN/Pages/Vaccination-Program-Data.aspx,4805934,,,
Qatar,2021-10-23,"Moderna, Pfizer/BioNTech",https://covid19.moph.gov.qa/EN/Pages/Vaccination-Program-Data.aspx,4807293,,,
Qatar,2021-10-24,"Moderna, Pfizer/BioNTech",https://covid19.moph.gov.qa/EN/Pages/Vaccination-Program-Data.aspx,4811693,,,
Qatar,2021-10-25,"Moderna, Pfizer/BioNTech",https://covid19.moph.gov.qa/EN/Pages/Vaccination-Program-Data.aspx,4815431,,,
Qatar,2021-10-26,"Moderna, Pfizer/BioNTech",https://covid19.moph.gov.qa/EN/Pages/Vaccination-Program-Data.aspx,4819051,,,
Qatar,2021-10-27,"Moderna, Pfizer/BioNTech",https://covid19.moph.gov.qa/EN/Pages/Vaccination-Program-Data.aspx,4821695,,,
Qatar,2021-10-28,"Moderna, Pfizer/BioNTech",https://covid19.moph.gov.qa/EN/Pages/Vaccination-Program-Data.aspx,4826586,,,
Qatar,2021-10-29,"Moderna, Pfizer/BioNTech",https://covid19.moph.gov.qa/EN/Pages/Vaccination-Program-Data.aspx,4830809,,,
Qatar,2021-10-30,"Moderna, Pfizer/BioNTech",https://covid19.moph.gov.qa/EN/Pages/Vaccination-Program-Data.aspx,4832023,,,
Qatar,2021-10-31,"Moderna, Pfizer/BioNTech",https://covid19.moph.gov.qa/EN/Pages/Vaccination-Program-Data.aspx,4834881,,,
Qatar,2021-11-01,"Moderna, Pfizer/BioNTech",https://covid19.moph.gov.qa/EN/Pages/Vaccination-Program-Data.aspx,4838632,,,
Qatar,2021-11-02,"Moderna, Pfizer/BioNTech",https://covid19.moph.gov.qa/EN/Pages/Vaccination-Program-Data.aspx,4842210,,,
Qatar,2021-11-03,"Moderna, Pfizer/BioNTech",https://covid19.moph.gov.qa/EN/Pages/Vaccination-Program-Data.aspx,4845533,,,
Qatar,2021-11-04,"Moderna, Pfizer/BioNTech",https://covid19.moph.gov.qa/EN/Pages/Vaccination-Program-Data.aspx,4848914,,,
Qatar,2021-11-05,"Moderna, Pfizer/BioNTech",https://covid19.moph.gov.qa/EN/Pages/Vaccination-Program-Data.aspx,4852998,,,
Qatar,2021-11-06,"Moderna, Pfizer/BioNTech",https://covid19.moph.gov.qa/EN/Pages/Vaccination-Program-Data.aspx,4854499,,,
Qatar,2021-11-07,"Moderna, Pfizer/BioNTech",https://covid19.moph.gov.qa/EN/Pages/Vaccination-Program-Data.aspx,4856503,,,
Qatar,2021-11-08,"Moderna, Pfizer/BioNTech",https://covid19.moph.gov.qa/EN/Pages/Vaccination-Program-Data.aspx,4859929,,,
Qatar,2021-11-09,"Moderna, Pfizer/BioNTech",https://covid19.moph.gov.qa/EN/Pages/Vaccination-Program-Data.aspx,4863433,,,
Qatar,2021-11-10,"Moderna, Pfizer/BioNTech",https://covid19.moph.gov.qa/EN/Pages/Vaccination-Program-Data.aspx,4866853,,,
Qatar,2021-11-11,"Moderna, Pfizer/BioNTech",https://covid19.moph.gov.qa/EN/Pages/Vaccination-Program-Data.aspx,4870836,,,
Qatar,2021-11-12,"Moderna, Pfizer/BioNTech",https://covid19.moph.gov.qa/EN/Pages/Vaccination-Program-Data.aspx,4876778,,,
Qatar,2021-11-14,"Moderna, Pfizer/BioNTech",https://covid19.moph.gov.qa/EN/Pages/Vaccination-Program-Data.aspx,4878413,,,
Qatar,2021-11-15,"Moderna, Pfizer/BioNTech",https://covid19.moph.gov.qa/EN/Pages/Vaccination-Program-Data.aspx,4884108,,,
Qatar,2021-11-16,"Moderna, Pfizer/BioNTech",https://covid19.moph.gov.qa/EN/Pages/Vaccination-Program-Data.aspx,4889583,,,
Qatar,2021-11-17,"Moderna, Pfizer/BioNTech",https://covid19.moph.gov.qa/EN/Pages/Vaccination-Program-Data.aspx,4894936,,,
Qatar,2021-11-18,"Moderna, Pfizer/BioNTech",https://covid19.moph.gov.qa/EN/Pages/Vaccination-Program-Data.aspx,4901128,,,
Qatar,2021-11-20,"Moderna, Pfizer/BioNTech",https://covid19.moph.gov.qa/EN/Pages/Vaccination-Program-Data.aspx,4911463,,,
Qatar,2021-11-21,"Moderna, Pfizer/BioNTech",https://covid19.moph.gov.qa/EN/Pages/Vaccination-Program-Data.aspx,4922055,,,
Qatar,2021-11-23,"Moderna, Pfizer/BioNTech",https://covid19.moph.gov.qa/EN/Pages/Vaccination-Program-Data.aspx,4936861,,,
Qatar,2021-11-25,"Moderna, Pfizer/BioNTech",https://covid19.moph.gov.qa/EN/Pages/Vaccination-Program-Data.aspx,4954143,,,
Qatar,2021-11-27,"Moderna, Pfizer/BioNTech",https://covid19.moph.gov.qa/EN/Pages/Vaccination-Program-Data.aspx,4957916,,,
Qatar,2021-11-28,"Moderna, Pfizer/BioNTech",https://covid19.moph.gov.qa/EN/Pages/Vaccination-Program-Data.aspx,4961912,,,
Qatar,2021-11-29,"Moderna, Pfizer/BioNTech",https://covid19.moph.gov.qa/EN/Pages/Vaccination-Program-Data.aspx,4971477,,,
Qatar,2021-11-30,"Moderna, Pfizer/BioNTech",https://covid19.moph.gov.qa/EN/Pages/Vaccination-Program-Data.aspx,4979699,,,
Qatar,2021-12-01,"Moderna, Pfizer/BioNTech",https://covid19.moph.gov.qa/EN/Pages/Vaccination-Program-Data.aspx,4989421,,,
Qatar,2021-12-02,"Moderna, Pfizer/BioNTech",https://covid19.moph.gov.qa/EN/Pages/Vaccination-Program-Data.aspx,4996503,,,
Qatar,2021-12-03,"Moderna, Pfizer/BioNTech",https://covid19.moph.gov.qa/EN/Pages/Vaccination-Program-Data.aspx,5004650,,,
Qatar,2021-12-04,"Moderna, Pfizer/BioNTech",https://covid19.moph.gov.qa/EN/Pages/Vaccination-Program-Data.aspx,5011447,,,
Qatar,2021-12-06,"Moderna, Pfizer/BioNTech",https://covid19.moph.gov.qa/EN/Pages/Vaccination-Program-Data.aspx,5018927,,,
Qatar,2021-12-07,"Moderna, Pfizer/BioNTech",https://covid19.moph.gov.qa/EN/Pages/Vaccination-Program-Data.aspx,5028254,,,
Qatar,2021-12-08,"Moderna, Pfizer/BioNTech",https://covid19.moph.gov.qa/EN/Pages/Vaccination-Program-Data.aspx,5035470,,,
Qatar,2021-12-09,"Moderna, Pfizer/BioNTech",https://covid19.moph.gov.qa/EN/Pages/Vaccination-Program-Data.aspx,5043480,,,
Qatar,2021-12-10,"Moderna, Pfizer/BioNTech",https://covid19.moph.gov.qa/EN/Pages/Vaccination-Program-Data.aspx,5051876,,,
Qatar,2021-12-11,"Moderna, Pfizer/BioNTech",https://covid19.moph.gov.qa/EN/Pages/Vaccination-Program-Data.aspx,5059023,,,
Qatar,2021-12-13,"Moderna, Pfizer/BioNTech",https://covid19.moph.gov.qa/EN/Pages/Vaccination-Program-Data.aspx,5077164,,,
Qatar,2021-12-14,"Moderna, Pfizer/BioNTech",https://covid19.moph.gov.qa/EN/Pages/Vaccination-Program-Data.aspx,5088710,,,
Qatar,2021-12-15,"Moderna, Pfizer/BioNTech",https://covid19.moph.gov.qa/EN/Pages/Vaccination-Program-Data.aspx,5098068,,,
Qatar,2021-12-17,"Moderna, Pfizer/BioNTech",https://covid19.moph.gov.qa/EN/Pages/Vaccination-Program-Data.aspx,5105894,,,
Qatar,2021-12-18,"Moderna, Pfizer/BioNTech",https://covid19.moph.gov.qa/EN/Pages/Vaccination-Program-Data.aspx,5108730,,,
Qatar,2021-12-19,"Moderna, Pfizer/BioNTech",https://covid19.moph.gov.qa/EN/Pages/Vaccination-Program-Data.aspx,5114157,,,
Qatar,2021-12-20,"Moderna, Pfizer/BioNTech",https://covid19.moph.gov.qa/EN/Pages/Vaccination-Program-Data.aspx,5125842,,,
Qatar,2021-12-22,"Moderna, Pfizer/BioNTech",https://covid19.moph.gov.qa/EN/Pages/Vaccination-Program-Data.aspx,5132874,,,
Qatar,2021-12-23,"Moderna, Pfizer/BioNTech",https://covid19.moph.gov.qa/EN/Pages/Vaccination-Program-Data.aspx,5141455,,,
Qatar,2021-12-24,"Moderna, Pfizer/BioNTech",https://covid19.moph.gov.qa/EN/Pages/Vaccination-Program-Data.aspx,5153010,,,
Qatar,2021-12-26,"Moderna, Pfizer/BioNTech",https://covid19.moph.gov.qa/EN/Pages/Vaccination-Program-Data.aspx,5155770,,,
Qatar,2021-12-27,"Moderna, Pfizer/BioNTech",https://covid19.moph.gov.qa/EN/Pages/Vaccination-Program-Data.aspx,5163471,,,
Qatar,2021-12-28,"Moderna, Pfizer/BioNTech",https://covid19.moph.gov.qa/EN/Pages/Vaccination-Program-Data.aspx,5182058,,,
Qatar,2021-12-30,"Moderna, Pfizer/BioNTech",https://covid19.moph.gov.qa/EN/Pages/Vaccination-Program-Data.aspx,5193431,,,
Qatar,2021-12-31,"Moderna, Pfizer/BioNTech",https://covid19.moph.gov.qa/EN/Pages/Vaccination-Program-Data.aspx,5205664,,,
Qatar,2022-01-01,"Moderna, Pfizer/BioNTech",https://covid19.moph.gov.qa/EN/Pages/Vaccination-Program-Data.aspx,5209637,,,
Qatar,2022-01-02,"Moderna, Pfizer/BioNTech",https://covid19.moph.gov.qa/EN/Pages/Vaccination-Program-Data.aspx,5213945,,,
Qatar,2022-01-03,"Moderna, Pfizer/BioNTech",https://covid19.moph.gov.qa/EN/Pages/Vaccination-Program-Data.aspx,5224040,,,
Qatar,2022-01-04,"Moderna, Pfizer/BioNTech",https://covid19.moph.gov.qa/EN/Pages/Vaccination-Program-Data.aspx,5235303,,,
Qatar,2022-01-05,"Moderna, Pfizer/BioNTech",https://covid19.moph.gov.qa/EN/Pages/Vaccination-Program-Data.aspx,5245738,,,
Qatar,2022-01-06,"Moderna, Pfizer/BioNTech",https://covid19.moph.gov.qa/EN/Pages/Vaccination-Program-Data.aspx,5268550,,,
Qatar,2022-01-08,"Moderna, Pfizer/BioNTech",https://covid19.moph.gov.qa/EN/Pages/Vaccination-Program-Data.aspx,5279265,,,
Qatar,2022-01-10,"Moderna, Pfizer/BioNTech",https://covid19.moph.gov.qa/EN/Pages/Vaccination-Program-Data.aspx,5317308,,,
Qatar,2022-01-12,"Moderna, Pfizer/BioNTech",https://covid19.moph.gov.qa/EN/Pages/Vaccination-Program-Data.aspx,5372222,,,
Qatar,2022-01-14,"Moderna, Pfizer/BioNTech",https://covid19.moph.gov.qa/EN/Pages/Vaccination-Program-Data.aspx,5403271,,,
Qatar,2022-01-15,"Moderna, Pfizer/BioNTech",https://covid19.moph.gov.qa/EN/Pages/Vaccination-Program-Data.aspx,5409304,,,
Qatar,2022-01-16,"Moderna, Pfizer/BioNTech",https://covid19.moph.gov.qa/EN/Pages/Vaccination-Program-Data.aspx,5412717,,,
Qatar,2022-01-17,"Moderna, Pfizer/BioNTech",https://covid19.moph.gov.qa/EN/Pages/Vaccination-Program-Data.aspx,5447278,,,
Qatar,2022-01-18,"Moderna, Pfizer/BioNTech",https://covid19.moph.gov.qa/EN/Pages/Vaccination-Program-Data.aspx,5479206,,,
Qatar,2022-01-19,"Moderna, Pfizer/BioNTech",https://covid19.moph.gov.qa/EN/Pages/Vaccination-Program-Data.aspx,5513979,,,
Qatar,2022-01-20,"Moderna, Pfizer/BioNTech",https://covid19.moph.gov.qa/EN/Pages/Vaccination-Program-Data.aspx,5543839,,,
Qatar,2022-01-21,"Moderna, Pfizer/BioNTech",https://covid19.moph.gov.qa/EN/Pages/Vaccination-Program-Data.aspx,5586386,,,
Qatar,2022-01-22,"Moderna, Pfizer/BioNTech",https://covid19.moph.gov.qa/EN/Pages/Vaccination-Program-Data.aspx,5589214,,,
Qatar,2022-01-24,"Moderna, Pfizer/BioNTech",https://covid19.moph.gov.qa/EN/Pages/Vaccination-Program-Data.aspx,5621332,,,
Qatar,2022-01-25,"Moderna, Pfizer/BioNTech",https://covid19.moph.gov.qa/EN/Pages/Vaccination-Program-Data.aspx,5655277,,,
Qatar,2022-01-26,"Moderna, Pfizer/BioNTech",https://covid19.moph.gov.qa/EN/Pages/Vaccination-Program-Data.aspx,5692705,,,
Qatar,2022-01-27,"Moderna, Pfizer/BioNTech",https://covid19.moph.gov.qa/EN/Pages/Vaccination-Program-Data.aspx,5731330,,,
Qatar,2022-01-28,"Moderna, Pfizer/BioNTech",https://covid19.moph.gov.qa/EN/Pages/Vaccination-Program-Data.aspx,5774591,,,
Qatar,2022-01-29,"Moderna, Pfizer/BioNTech",https://covid19.moph.gov.qa/EN/Pages/Vaccination-Program-Data.aspx,5777396,,,
Qatar,2022-01-30,"Moderna, Pfizer/BioNTech",https://covid19.moph.gov.qa/EN/Pages/Vaccination-Program-Data.aspx,5783563,,,
Qatar,2022-01-31,"Moderna, Pfizer/BioNTech",https://covid19.moph.gov.qa/EN/Pages/Vaccination-Program-Data.aspx,5819013,,,
Qatar,2022-02-01,"Moderna, Pfizer/BioNTech",https://covid19.moph.gov.qa/EN/Pages/Vaccination-Program-Data.aspx,5850221,,,
Qatar,2022-02-02,"Moderna, Pfizer/BioNTech",https://covid19.moph.gov.qa/EN/Pages/Vaccination-Program-Data.aspx,5878254,,,
Qatar,2022-02-03,"Moderna, Pfizer/BioNTech",https://covid19.moph.gov.qa/EN/Pages/Vaccination-Program-Data.aspx,5905780,,,
Qatar,2022-02-04,"Moderna, Pfizer/BioNTech",https://covid19.moph.gov.qa/EN/Pages/Vaccination-Program-Data.aspx,5948757,,,
Qatar,2022-02-05,"Moderna, Pfizer/BioNTech",https://covid19.moph.gov.qa/EN/Pages/Vaccination-Program-Data.aspx,5958466,,,933930
Qatar,2022-02-07,"Moderna, Pfizer/BioNTech",https://covid19.moph.gov.qa/EN/Pages/Vaccination-Program-Data.aspx,5984713,,,955867
Qatar,2022-02-09,"Moderna, Pfizer/BioNTech",https://covid19.moph.gov.qa/EN/Pages/Vaccination-Program-Data.aspx,6016957,,,981898
Qatar,2022-02-10,"Moderna, Pfizer/BioNTech",https://covid19.moph.gov.qa/EN/Pages/Vaccination-Program-Data.aspx,6037870,,,998011
Qatar,2022-02-11,"Moderna, Pfizer/BioNTech",https://covid19.moph.gov.qa/EN/Pages/Vaccination-Program-Data.aspx,6067191,,,1022567
Qatar,2022-02-12,"Moderna, Pfizer/BioNTech",https://covid19.moph.gov.qa/EN/Pages/Vaccination-Program-Data.aspx,6071838,,,1025034
Qatar,2022-02-13,"Moderna, Pfizer/BioNTech",https://covid19.moph.gov.qa/EN/Pages/Vaccination-Program-Data.aspx,6084258,,,1035820
Qatar,2022-02-14,"Moderna, Pfizer/BioNTech",https://covid19.moph.gov.qa/EN/Pages/Vaccination-Program-Data.aspx,6105201,,,1052455
Qatar,2022-02-15,"Moderna, Pfizer/BioNTech",https://covid19.moph.gov.qa/EN/Pages/Vaccination-Program-Data.aspx,6123679,,,1067112
Qatar,2022-02-16,"Moderna, Pfizer/BioNTech",https://covid19.moph.gov.qa/EN/Pages/Vaccination-Program-Data.aspx,6143063,,,1082529
Qatar,2022-02-17,"Moderna, Pfizer/BioNTech",https://covid19.moph.gov.qa/EN/Pages/Vaccination-Program-Data.aspx,6161494,,,1097341
Qatar,2022-02-19,"Moderna, Pfizer/BioNTech",https://covid19.moph.gov.qa/EN/Pages/Vaccination-Program-Data.aspx,6198407,,,1126907
Qatar,2022-02-20,"Moderna, Pfizer/BioNTech",https://covid19.moph.gov.qa/EN/Pages/Vaccination-Program-Data.aspx,6201271,,,1129495
Qatar,2022-02-21,"Moderna, Pfizer/BioNTech",https://covid19.moph.gov.qa/EN/Pages/Vaccination-Program-Data.aspx,6222845,,,1146672
Qatar,2022-02-22,"Moderna, Pfizer/BioNTech",https://covid19.moph.gov.qa/EN/Pages/Vaccination-Program-Data.aspx,6241774,,,1161471
Qatar,2022-02-23,"Moderna, Pfizer/BioNTech",https://covid19.moph.gov.qa/EN/Pages/Vaccination-Program-Data.aspx,6262739,,,1179451
Qatar,2022-02-24,"Moderna, Pfizer/BioNTech",https://covid19.moph.gov.qa/EN/Pages/Vaccination-Program-Data.aspx,6276851,,,1190528
Qatar,2022-02-25,"Moderna, Pfizer/BioNTech",https://covid19.moph.gov.qa/EN/Pages/Vaccination-Program-Data.aspx,6300785,,,1210246
Qatar,2022-02-26,"Moderna, Pfizer/BioNTech",https://covid19.moph.gov.qa/EN/Pages/Vaccination-Program-Data.aspx,6303572,,,1212354
Qatar,2022-02-27,"Moderna, Pfizer/BioNTech",https://covid19.moph.gov.qa/EN/Pages/Vaccination-Program-Data.aspx,6306789,,,1215002
Qatar,2022-02-28,"Moderna, Pfizer/BioNTech",https://covid19.moph.gov.qa/EN/Pages/Vaccination-Program-Data.aspx,6325732,,,1229781
Qatar,2022-03-01,"Moderna, Pfizer/BioNTech",https://covid19.moph.gov.qa/EN/Pages/Vaccination-Program-Data.aspx,6341479,,,1241955
Qatar,2022-03-02,"Moderna, Pfizer/BioNTech",https://covid19.moph.gov.qa/EN/Pages/Vaccination-Program-Data.aspx,6355187,,,1252848
Qatar,2022-03-03,"Moderna, Pfizer/BioNTech",https://covid19.who.int/,,2575934,2575934,
Qatar,2022-03-04,"Moderna, Pfizer/BioNTech",https://covid19.moph.gov.qa/EN/Pages/Vaccination-Program-Data.aspx,6395418,,,1283655
Qatar,2022-03-05,"Moderna, Pfizer/BioNTech",https://covid19.moph.gov.qa/EN/Pages/Vaccination-Program-Data.aspx,6397165,,,1284705
Qatar,2022-03-06,"Moderna, Pfizer/BioNTech",https://covid19.moph.gov.qa/EN/Pages/Vaccination-Program-Data.aspx,6398889,,,1285889
Qatar,2022-03-07,"Moderna, Pfizer/BioNTech",https://covid19.moph.gov.qa/EN/Pages/Vaccination-Program-Data.aspx,6414031,,,1297264
Qatar,2022-03-08,"Moderna, Pfizer/BioNTech",https://covid19.moph.gov.qa/EN/Pages/Vaccination-Program-Data.aspx,6427469,,,1307301
Qatar,2022-03-09,"Moderna, Pfizer/BioNTech",https://covid19.moph.gov.qa/EN/Pages/Vaccination-Program-Data.aspx,6438899,,,1315804
Qatar,2022-03-10,"Moderna, Pfizer/BioNTech",https://covid19.moph.gov.qa/EN/Pages/Vaccination-Program-Data.aspx,6472465,,,1339573
Qatar,2022-03-12,"Moderna, Pfizer/BioNTech",https://covid19.moph.gov.qa/EN/Pages/Vaccination-Program-Data.aspx,6474303,,,1340552
Qatar,2022-03-13,"Moderna, Pfizer/BioNTech",https://covid19.moph.gov.qa/EN/Pages/Vaccination-Program-Data.aspx,6476114,,,1341796
Qatar,2022-03-14,"Moderna, Pfizer/BioNTech",https://covid19.moph.gov.qa/EN/Pages/Vaccination-Program-Data.aspx,6481249,,,1345505
Qatar,2022-03-15,"Moderna, Pfizer/BioNTech",https://covid19.moph.gov.qa/EN/Pages/Vaccination-Program-Data.aspx,6486093,,,1349131
Qatar,2022-03-16,"Moderna, Pfizer/BioNTech",https://covid19.moph.gov.qa/EN/Pages/Vaccination-Program-Data.aspx,6502144,,,1360901
Qatar,2022-03-17,"Moderna, Pfizer/BioNTech",https://covid19.who.int/,,2590587,2590587,
Qatar,2022-03-18,"Moderna, Pfizer/BioNTech",https://covid19.moph.gov.qa/EN/Pages/Vaccination-Program-Data.aspx,6537174,,,1385763
Qatar,2022-03-19,"Moderna, Pfizer/BioNTech",https://covid19.moph.gov.qa/EN/Pages/Vaccination-Program-Data.aspx,6538715,,,1386619
Qatar,2022-03-20,"Moderna, Pfizer/BioNTech",https://covid19.moph.gov.qa/EN/Pages/Vaccination-Program-Data.aspx,6543862,,,1390164
Qatar,2022-03-21,"Moderna, Pfizer/BioNTech",https://covid19.moph.gov.qa/EN/Pages/Vaccination-Program-Data.aspx,6548065,,,1393112
Qatar,2022-03-22,"Moderna, Pfizer/BioNTech",https://covid19.moph.gov.qa/EN/Pages/Vaccination-Program-Data.aspx,6551880,,,1395817
Qatar,2022-03-23,"Moderna, Pfizer/BioNTech",https://covid19.moph.gov.qa/EN/Pages/Vaccination-Program-Data.aspx,6575051,,,1411968
Qatar,2022-03-24,"Moderna, Pfizer/BioNTech",https://covid19.who.int/,,2593517,2593517,
Qatar,2022-03-25,"Moderna, Pfizer/BioNTech",https://covid19.moph.gov.qa/EN/Pages/Vaccination-Program-Data.aspx,6594382,,,1424454
Qatar,2022-03-26,"Moderna, Pfizer/BioNTech",https://covid19.moph.gov.qa/EN/Pages/Vaccination-Program-Data.aspx,6597375,,,1426234
Qatar,2022-03-28,"Moderna, Pfizer/BioNTech",https://covid19.moph.gov.qa/EN/Pages/Vaccination-Program-Data.aspx,6603059,,,1430234
Qatar,2022-03-29,"Moderna, Pfizer/BioNTech",https://covid19.moph.gov.qa/EN/Pages/Vaccination-Program-Data.aspx,6607185,,,1433350
Qatar,2022-03-30,"Moderna, Pfizer/BioNTech",https://covid19.moph.gov.qa/EN/Pages/Vaccination-Program-Data.aspx,6619291,,,1441848
Qatar,2022-03-31,"Moderna, Pfizer/BioNTech",https://covid19.moph.gov.qa/EN/Pages/Vaccination-Program-Data.aspx,6629871,,,1449468
Qatar,2022-04-03,"Moderna, Pfizer/BioNTech",https://covid19.moph.gov.qa/EN/Pages/Vaccination-Program-Data.aspx,6652044,,,1463519
Qatar,2022-04-04,"Moderna, Pfizer/BioNTech",https://covid19.moph.gov.qa/EN/Pages/Vaccination-Program-Data.aspx,6653660,,,1464612
Qatar,2022-04-05,"Moderna, Pfizer/BioNTech",https://covid19.moph.gov.qa/EN/Pages/Vaccination-Program-Data.aspx,6661777,,,1470538
Qatar,2022-04-07,"Moderna, Pfizer/BioNTech",https://covid19.moph.gov.qa/EN/Pages/Vaccination-Program-Data.aspx,6666092,,,1473574
Qatar,2022-04-08,"Moderna, Pfizer/BioNTech",https://covid19.moph.gov.qa/EN/Pages/Vaccination-Program-Data.aspx,6673605,,,1478301
Qatar,2022-04-09,"Moderna, Pfizer/BioNTech",https://covid19.moph.gov.qa/EN/Pages/Vaccination-Program-Data.aspx,6674623,,,1478887
Qatar,2022-04-10,"Moderna, Pfizer/BioNTech",https://covid19.moph.gov.qa/EN/Pages/Vaccination-Program-Data.aspx,6676605,,,1480421
Qatar,2022-04-11,"Moderna, Pfizer/BioNTech",https://covid19.moph.gov.qa/EN/Pages/Vaccination-Program-Data.aspx,6682512,,,1484551
Qatar,2022-04-13,"Moderna, Pfizer/BioNTech",https://covid19.moph.gov.qa/EN/Pages/Vaccination-Program-Data.aspx,6694215,,,1493131
Qatar,2022-04-14,"Moderna, Pfizer/BioNTech",https://covid19.who.int/,,2602309,2602309,
Qatar,2022-04-17,"Moderna, Pfizer/BioNTech",https://covid19.moph.gov.qa/EN/Pages/Vaccination-Program-Data.aspx,6704261,,,1499786
Qatar,2022-04-19,"Moderna, Pfizer/BioNTech",https://covid19.moph.gov.qa/EN/Pages/Vaccination-Program-Data.aspx,6707793,,,1502202
Qatar,2022-04-20,"Moderna, Pfizer/BioNTech",https://covid19.moph.gov.qa/EN/Pages/Vaccination-Program-Data.aspx,6713747,,,1506087
Qatar,2022-04-21,"Moderna, Pfizer/BioNTech",https://covid19.moph.gov.qa/EN/Pages/Vaccination-Program-Data.aspx,6726653,,,1515153
Qatar,2022-04-22,"Moderna, Pfizer/BioNTech",https://covid19.moph.gov.qa/EN/Pages/Vaccination-Program-Data.aspx,6736690,,,1520871
Qatar,2022-04-24,"Moderna, Pfizer/BioNTech",https://covid19.moph.gov.qa/EN/Pages/Vaccination-Program-Data.aspx,6737832,,,1521536
Qatar,2022-04-25,"Moderna, Pfizer/BioNTech",https://covid19.moph.gov.qa/EN/Pages/Vaccination-Program-Data.aspx,6740482,,,1523381
Qatar,2022-04-26,"Moderna, Pfizer/BioNTech",https://covid19.moph.gov.qa/EN/Pages/Vaccination-Program-Data.aspx,6742968,,,1525070
Qatar,2022-04-27,"Moderna, Pfizer/BioNTech",https://covid19.who.int/,,,,
Qatar,2022-04-28,"Moderna, Pfizer/BioNTech",https://covid19.moph.gov.qa/EN/Pages/Vaccination-Program-Data.aspx,6753103,,,1532094
Qatar,2022-04-29,"Moderna, Pfizer/BioNTech",https://covid19.moph.gov.qa/EN/Pages/Vaccination-Program-Data.aspx,6760398,,,1536079
Qatar,2022-04-30,"Moderna, Pfizer/BioNTech",https://covid19.moph.gov.qa/EN/Pages/Vaccination-Program-Data.aspx,6761243,,,1536567
Qatar,2022-05-01,"Moderna, Pfizer/BioNTech",https://covid19.moph.gov.qa/EN/Pages/Vaccination-Program-Data.aspx,6762030,,,1537070
Qatar,2022-05-02,"Moderna, Pfizer/BioNTech",https://covid19.moph.gov.qa/EN/Pages/Vaccination-Program-Data.aspx,6763103,,,1537755
Qatar,2022-05-03,"Moderna, Pfizer/BioNTech",https://covid19.moph.gov.qa/EN/Pages/Vaccination-Program-Data.aspx,6763696,,,1538055
Qatar,2022-05-04,"Moderna, Pfizer/BioNTech",https://covid19.moph.gov.qa/EN/Pages/Vaccination-Program-Data.aspx,6765845,,,1539288
Qatar,2022-05-05,"Moderna, Pfizer/BioNTech",https://covid19.who.int/,,2611100,2611100,
Qatar,2022-05-06,"Moderna, Pfizer/BioNTech",https://covid19.moph.gov.qa/EN/Pages/Vaccination-Program-Data.aspx,6772200,,,1543321
Qatar,2022-05-07,"Moderna, Pfizer/BioNTech",https://covid19.moph.gov.qa/EN/Pages/Vaccination-Program-Data.aspx,6772996,,,1543811
Qatar,2022-05-08,"Moderna, Pfizer/BioNTech",https://covid19.moph.gov.qa/EN/Pages/Vaccination-Program-Data.aspx,6774162,,,1544518
Qatar,2022-05-09,"Moderna, Pfizer/BioNTech",https://covid19.moph.gov.qa/EN/Pages/Vaccination-Program-Data.aspx,6776351,,,1546051
Qatar,2022-05-10,"Moderna, Pfizer/BioNTech",https://covid19.moph.gov.qa/EN/Pages/Vaccination-Program-Data.aspx,6778361,,,1547431
Qatar,2022-05-11,"Moderna, Pfizer/BioNTech",https://covid19.moph.gov.qa/EN/Pages/Vaccination-Program-Data.aspx,6785998,,,1553060
Qatar,2022-05-12,"Moderna, Pfizer/BioNTech",https://covid19.moph.gov.qa/EN/Pages/Vaccination-Program-Data.aspx,6793081,,,1558140
Qatar,2022-05-13,"Moderna, Pfizer/BioNTech",https://covid19.moph.gov.qa/EN/Pages/Vaccination-Program-Data.aspx,6805865,,,1566275
Qatar,2022-05-14,"Moderna, Pfizer/BioNTech",https://covid19.moph.gov.qa/EN/Pages/Vaccination-Program-Data.aspx,6807116,,,1567109
Qatar,2022-05-15,"Moderna, Pfizer/BioNTech",https://covid19.moph.gov.qa/EN/Pages/Vaccination-Program-Data.aspx,6811585,,,1570018
Qatar,2022-05-16,"Moderna, Pfizer/BioNTech",https://covid19.moph.gov.qa/EN/Pages/Vaccination-Program-Data.aspx,6814656,,,1572194
Qatar,2022-05-18,"Moderna, Pfizer/BioNTech",https://covid19.moph.gov.qa/EN/Pages/Vaccination-Program-Data.aspx,6832088,,,1585523
Qatar,2022-05-19,"Moderna, Pfizer/BioNTech",https://covid19.moph.gov.qa/EN/Pages/Vaccination-Program-Data.aspx,6838429,,,1590009
Qatar,2022-05-20,"Moderna, Pfizer/BioNTech",https://covid19.moph.gov.qa/EN/Pages/Vaccination-Program-Data.aspx,6850534,,,1597520
Qatar,2022-05-21,"Moderna, Pfizer/BioNTech",https://covid19.moph.gov.qa/EN/Pages/Vaccination-Program-Data.aspx,6851043,,,1597835
Qatar,2022-05-22,"Moderna, Pfizer/BioNTech",https://covid19.moph.gov.qa/EN/Pages/Vaccination-Program-Data.aspx,6852769,,,1599136
Qatar,2022-05-23,"Moderna, Pfizer/BioNTech",https://covid19.moph.gov.qa/EN/Pages/Vaccination-Program-Data.aspx,6855809,,,1601333
Qatar,2022-05-24,"Moderna, Pfizer/BioNTech",https://covid19.moph.gov.qa/EN/Pages/Vaccination-Program-Data.aspx,6858568,,,1603384
Qatar,2022-05-25,"Moderna, Pfizer/BioNTech",https://covid19.moph.gov.qa/EN/Pages/Vaccination-Program-Data.aspx,6864672,,,1607642
Qatar,2022-05-26,"Moderna, Pfizer/BioNTech",https://covid19.moph.gov.qa/EN/Pages/Vaccination-Program-Data.aspx,6869891,,,1611370
Qatar,2022-05-27,"Moderna, Pfizer/BioNTech",https://covid19.moph.gov.qa/EN/Pages/Vaccination-Program-Data.aspx,6879319,,,1617444
Qatar,2022-05-28,"Moderna, Pfizer/BioNTech",https://covid19.moph.gov.qa/EN/Pages/Vaccination-Program-Data.aspx,6880233,,,1618051
Qatar,2022-05-29,"Moderna, Pfizer/BioNTech",https://covid19.moph.gov.qa/EN/Pages/Vaccination-Program-Data.aspx,6881138,,,1618640
Qatar,2022-05-30,"Moderna, Pfizer/BioNTech",https://covid19.moph.gov.qa/EN/Pages/Vaccination-Program-Data.aspx,6883655,,,1620507
Qatar,2022-05-31,"Moderna, Pfizer/BioNTech",https://covid19.moph.gov.qa/EN/Pages/Vaccination-Program-Data.aspx,6885951,,,1622244
Qatar,2022-06-01,"CanSino, Covaxin, Johnson&Johnson, Moderna, Oxford/AstraZeneca, Pfizer/BioNTech, Sinopharm/Beijing, Sinovac, Sputnik Light, Sputnik V",https://covid19.who.int/,6890950,2632575,2632575,1625800
Qatar,2022-06-02,"Moderna, Pfizer/BioNTech",https://covid19.moph.gov.qa/EN/Pages/Vaccination-Program-Data.aspx,6895561,,,1629098
Qatar,2022-06-03,"Moderna, Pfizer/BioNTech",https://covid19.moph.gov.qa/EN/Pages/Vaccination-Program-Data.aspx,6903493,,,1634178
Qatar,2022-06-05,"Moderna, Pfizer/BioNTech",https://covid19.moph.gov.qa/EN/Pages/Vaccination-Program-Data.aspx,6904299,,,1634634
Qatar,2022-06-06,"Moderna, Pfizer/BioNTech",https://covid19.moph.gov.qa/EN/Pages/Vaccination-Program-Data.aspx,6906859,,,1636487
Qatar,2022-06-07,"Moderna, Pfizer/BioNTech",https://covid19.moph.gov.qa/EN/Pages/Vaccination-Program-Data.aspx,6909213,,,1638235
Qatar,2022-06-08,"Moderna, Pfizer/BioNTech",https://covid19.moph.gov.qa/EN/Pages/Vaccination-Program-Data.aspx,6914015,,,1641636
Qatar,2022-06-14,"CanSino, Covaxin, Johnson&Johnson, Moderna, Oxford/AstraZeneca, Pfizer/BioNTech, Sinopharm/Beijing, Sinovac, Sputnik Light, Sputnik V",https://covid19.who.int/,6933713,2639416,2639416,1654881
Qatar,2022-06-21,"CanSino, Covaxin, Johnson&Johnson, Moderna, Oxford/AstraZeneca, Pfizer/BioNTech, Sinopharm/Beijing, Sinovac, Sputnik Light, Sputnik V",https://covid19.who.int/,6957446,2643389,2643389,1670668
Qatar,2022-06-27,"CanSino, Covaxin, Johnson&Johnson, Moderna, Oxford/AstraZeneca, Pfizer/BioNTech, Sinopharm/Beijing, Sinovac, Sputnik Light, Sputnik V",https://covid19.who.int/,6974984,2646349,2646349,1682286
Qatar,2022-06-30,"CanSino, Covaxin, Johnson&Johnson, Moderna, Oxford/AstraZeneca, Pfizer/BioNTech, Sinopharm/Beijing, Sinovac, Sputnik Light, Sputnik V",https://covid19.who.int/,6981756,2646568,2646568,1688620
Qatar,2022-07-10,"CanSino, Covaxin, Johnson&Johnson, Moderna, Oxford/AstraZeneca, Pfizer/BioNTech, Sinopharm/Beijing, Sinovac, Sputnik Light, Sputnik V",https://covid19.who.int/,7269500,2736362,2736362,1796776
Qatar,2022-07-17,"CanSino, Covaxin, Johnson&Johnson, Moderna, Oxford/AstraZeneca, Pfizer/BioNTech, Sinopharm/Beijing, Sinovac, Sputnik Light, Sputnik V",https://covid19.who.int/,7280398,2738600,2738600,1803198
Qatar,2022-07-19,"CanSino, Covaxin, Johnson&Johnson, Moderna, Oxford/AstraZeneca, Pfizer/BioNTech, Sinopharm/Beijing, Sinovac, Sputnik Light, Sputnik V",https://covid19.who.int/,7302700,2743181,2743181,1816338
Qatar,2022-08-07,"CanSino, Covaxin, Johnson&Johnson, Moderna, Oxford/AstraZeneca, Pfizer/BioNTech, Sinopharm/Beijing, Sinovac, Sputnik Light, Sputnik V",https://covid19.who.int/,7339048,2751485,2751485,1836078
Qatar,2022-08-09,"CanSino, Covaxin, Johnson&Johnson, Moderna, Oxford/AstraZeneca, Pfizer/BioNTech, Sinopharm/Beijing, Sinovac, Sputnik Light, Sputnik V",https://covid19.who.int/,7353987,2755141,2755141,1843705
Qatar,2022-08-22,"CanSino, Covaxin, Johnson&Johnson, Moderna, Oxford/AstraZeneca, Pfizer/BioNTech, Sinopharm/Beijing, Sinovac, Sputnik Light, Sputnik V",https://covid19.who.int/,7367403,2759378,2759378,1848647
Qatar,2022-08-30,"CanSino, Covaxin, Johnson&Johnson, Moderna, Oxford/AstraZeneca, Pfizer/BioNTech, Sinopharm/Beijing, Sinovac, Sputnik Light, Sputnik V",https://covid19.who.int/,7397097,2769649,2769649,1857799
Qatar,2022-09-04,"CanSino, Covaxin, Johnson&Johnson, Moderna, Oxford/AstraZeneca, Pfizer/BioNTech, Sinopharm/Beijing, Sinovac, Sputnik Light, Sputnik V",https://covid19.who.int/,7415838,2776897,2776897,1862044
Qatar,2022-09-11,"CanSino, Covaxin, Johnson&Johnson, Moderna, Oxford/AstraZeneca, Pfizer/BioNTech, Sinopharm/Beijing, Sinovac, Sputnik Light, Sputnik V",https://covid19.who.int/,7438750,2785749,2785749,1867252
Qatar,2022-09-18,"CanSino, Covaxin, Johnson&Johnson, Moderna, Oxford/AstraZeneca, Pfizer/BioNTech, Sinopharm/Beijing, Sinovac, Sputnik Light, Sputnik V",https://covid19.who.int/,7462980,2795446,2795446,1872088
Qatar,2022-09-26,"CanSino, Covaxin, Johnson&Johnson, Moderna, Oxford/AstraZeneca, Pfizer/BioNTech, Sinopharm/Beijing, Sinovac, Sputnik Light, Sputnik V",https://covid19.who.int/,7487616,2805078,2805078,1877460
Qatar,2022-09-28,"CanSino, Covaxin, Johnson&Johnson, Moderna, Oxford/AstraZeneca, Pfizer/BioNTech, Sinopharm/Beijing, Sinovac, Sputnik Light, Sputnik V",https://covid19.who.int/,7491345,2806774,2805773,1878798
Qatar,2022-10-03,"CanSino, Covaxin, Johnson&Johnson, Moderna, Oxford/AstraZeneca, Pfizer/BioNTech, Sinopharm/Beijing, Sinovac, Sputnik Light, Sputnik V",https://covid19.who.int/,7509528,2813590,2813590,1882348
Qatar,2022-10-11,"CanSino, Covaxin, Johnson&Johnson, Moderna, Oxford/AstraZeneca, Pfizer/BioNTech, Sinopharm/Beijing, Sinovac, Sputnik Light, Sputnik V",https://covid19.who.int/,7538182,2825344,2825344,1887494
Qatar,2022-10-16,"CanSino, Covaxin, Johnson&Johnson, Moderna, Oxford/AstraZeneca, Pfizer/BioNTech, Sinopharm/Beijing, Sinovac, Sputnik Light, Sputnik V",https://covid19.who.int/,7557802,2833550,2833549,1890703
Qatar,2022-10-24,"CanSino, Covaxin, Johnson&Johnson, Moderna, Oxford/AstraZeneca, Pfizer/BioNTech, Sinopharm/Beijing, Sinovac, Sputnik Light, Sputnik V",https://covid19.who.int/,7584081,2844654,2844654,1894773
Qatar,2022-11-01,"CanSino, Covaxin, Johnson&Johnson, Moderna, Oxford/AstraZeneca, Pfizer/BioNTech, Sinopharm/Beijing, Sinovac, Sputnik Light, Sputnik V",https://covid19.who.int/,7592322,2847595,2847594,1897133
Qatar,2022-11-08,"CanSino, Covaxin, Johnson&Johnson, Moderna, Oxford/AstraZeneca, Pfizer/BioNTech, Sinopharm/Beijing, Sinovac, Sputnik Light, Sputnik V",https://covid19.who.int/,7594620,2848221,2848220,1898179
Qatar,2022-11-15,"CanSino, Covaxin, Johnson&Johnson, Moderna, Oxford/AstraZeneca, Pfizer/BioNTech, Sinopharm/Beijing, Sinovac, Sputnik Light, Sputnik V",https://covid19.who.int/,7596148,2848640,2848639,1898869
Qatar,2022-11-20,"CanSino, Covaxin, Johnson&Johnson, Moderna, Oxford/AstraZeneca, Pfizer/BioNTech, Sinopharm/Beijing, Sinovac, Sputnik Light, Sputnik V",https://covid19.who.int/,7597091,2848950,2848949,1899192
Qatar,2022-11-27,"CanSino, Covaxin, Johnson&Johnson, Moderna, Oxford/AstraZeneca, Pfizer/BioNTech, Sinopharm/Beijing, Sinovac, Sputnik Light, Sputnik V",https://covid19.who.int/,7597911,2849216,2849216,1899479
Qatar,2022-12-04,"CanSino, Covaxin, Johnson&Johnson, Moderna, Oxford/AstraZeneca, Pfizer/BioNTech, Sinopharm/Beijing, Sinovac, Sputnik Light, Sputnik V",https://covid19.who.int/,7598133,2849295,2849295,1899543
Qatar,2022-12-07,"CanSino, Covaxin, Johnson&Johnson, Moderna, Oxford/AstraZeneca, Pfizer/BioNTech, Sinopharm/Beijing, Sinovac, Sputnik Light, Sputnik V",https://covid19.who.int/,7598949,2849545,2849544,1899860
Qatar,2022-12-12,"CanSino, Covaxin, Johnson&Johnson, Moderna, Oxford/AstraZeneca, Pfizer/BioNTech, Sinopharm/Beijing, Sinovac, Sputnik Light, Sputnik V",https://covid19.who.int/,7599097,2849572,2849571,1899954
Qatar,2022-12-22,"CanSino, Covaxin, Johnson&Johnson, Moderna, Oxford/AstraZeneca, Pfizer/BioNTech, Sinopharm/Beijing, Sinovac, Sputnik Light, Sputnik V",https://covid19.who.int/,7601367,2850159,2850158,1901050
Qatar,2023-01-06,"CanSino, Covaxin, Johnson&Johnson, Moderna, Oxford/AstraZeneca, Pfizer/BioNTech, Sinopharm/Beijing, Sinovac, Sputnik Light, Sputnik V",https://covid19.who.int/,7603722,2850786,2850786,1902150
Qatar,2023-01-29,"CanSino, Covaxin, Johnson&Johnson, Moderna, Oxford/AstraZeneca, Pfizer/BioNTech, Sinopharm/Beijing, Sinovac, Sputnik Light, Sputnik V",https://covid19.who.int/,7605455,2851272,2851271,1902912
Qatar,2023-02-07,"CanSino, Covaxin, Johnson&Johnson, Moderna, Oxford/AstraZeneca, Pfizer/BioNTech, Sinopharm/Beijing, Sinovac, Sputnik Light, Sputnik V",https://covid19.who.int/,7605882,2851377,2851377,1903128
Qatar,2023-02-14,"CanSino, Covaxin, Johnson&Johnson, Moderna, Oxford/AstraZeneca, Pfizer/BioNTech, Sinopharm/Beijing, Sinovac, Sputnik Light, Sputnik V",https://covid19.who.int/,7606485,2851529,2851528,1903428
Qatar,2023-02-19,"CanSino, Covaxin, Johnson&Johnson, Moderna, Oxford/AstraZeneca, Pfizer/BioNTech, Sinopharm/Beijing, Sinovac, Sputnik Light, Sputnik V",https://covid19.who.int/,7606840,2851614,2851614,1903612
Qatar,2023-02-26,"CanSino, Covaxin, Johnson&Johnson, Moderna, Oxford/AstraZeneca, Pfizer/BioNTech, Sinopharm/Beijing, Sinovac, Sputnik Light, Sputnik V",https://covid19.who.int/,7607265,2851698,2851698,1903869
Qatar,2023-03-05,"CanSino, Covaxin, Johnson&Johnson, Moderna, Oxford/AstraZeneca, Pfizer/BioNTech, Sinopharm/Beijing, Sinovac, Sputnik Light, Sputnik V",https://covid19.who.int/,7607611,2851776,2851775,1904060
Qatar,2023-03-12,"CanSino, Covaxin, Johnson&Johnson, Moderna, Oxford/AstraZeneca, Pfizer/BioNTech, Sinopharm/Beijing, Sinovac, Sputnik Light, Sputnik V",https://covid19.who.int/,7607945,2851847,2851847,1904251
Qatar,2023-03-19,"CanSino, Covaxin, Johnson&Johnson, Moderna, Oxford/AstraZeneca, Pfizer/BioNTech, Sinopharm/Beijing, Sinovac, Sputnik Light, Sputnik V",https://covid19.who.int/,7608190,2851907,2851907,1904376
Qatar,2023-03-26,"CanSino, Covaxin, Johnson&Johnson, Moderna, Oxford/AstraZeneca, Pfizer/BioNTech, Sinopharm/Beijing, Sinovac, Sputnik Light, Sputnik V",https://covid19.who.int/,7608371,2851951,2851951,1904469
Qatar,2023-04-02,"CanSino, Covaxin, Johnson&Johnson, Moderna, Oxford/AstraZeneca, Pfizer/BioNTech, Sinopharm/Beijing, Sinovac, Sputnik Light, Sputnik V",https://covid19.who.int/,7608548,2852001,2852000,1904547
Qatar,2023-04-09,"CanSino, Covaxin, Johnson&Johnson, Moderna, Oxford/AstraZeneca, Pfizer/BioNTech, Sinopharm/Beijing, Sinovac, Sputnik Light, Sputnik V",https://covid19.who.int/,7608683,2852032,2852032,1904619
Qatar,2023-04-16,"CanSino, Covaxin, Johnson&Johnson, Moderna, Oxford/AstraZeneca, Pfizer/BioNTech, Sinopharm/Beijing, Sinovac, Sputnik Light, Sputnik V",https://covid19.who.int/,7608807,2852060,2852060,1904687
Qatar,2023-04-30,"CanSino, Covaxin, Johnson&Johnson, Moderna, Oxford/AstraZeneca, Pfizer/BioNTech, Sinopharm/Beijing, Sinovac, Sputnik Light, Sputnik V",https://covid19.who.int/,7608981,2852117,2852117,1904747
Qatar,2023-05-07,"CanSino, Covaxin, Johnson&Johnson, Moderna, Oxford/AstraZeneca, Pfizer/BioNTech, Sinopharm/Beijing, Sinovac, Sputnik Light, Sputnik V",https://covid19.who.int/,7609178,2852178,2852178,1904822
