location,date,vaccine,source_url,total_vaccinations,people_vaccinated,people_fully_vaccinated,total_boosters
Somalia,2021-04-17,"Oxford/AstraZeneca, Sinopharm/Beijing",https://reliefweb.int/report/iran-islamic-republic/covid-19-situation-updates-week-15-11-17-april-2021,117567,117567,0,
Somalia,2021-05-02,"Oxford/AstraZeneca, Sinopharm/Beijing, Sinovac",https://covid19.who.int/,123570,123570,0,
Somalia,2021-05-16,"Oxford/AstraZeneca, Sinopharm/Beijing, Sinovac",https://covid19.who.int/,124471,124471,0,
Somalia,2021-05-24,"Oxford/AstraZeneca, Sinopharm/Beijing, Sinovac",https://covid19.who.int/,125205,125205,0,
Somalia,2021-05-25,"Oxford/AstraZeneca, Sinopharm/Beijing, Sinovac",https://covid19.who.int/,125582,125582,0,
Somalia,2021-05-27,"Oxford/AstraZeneca, Sinopharm/Beijing, Sinovac",https://covid19.who.int/,129461,128519,942,
Somalia,2021-05-31,"Oxford/AstraZeneca, Sinopharm/Beijing, Sinovac",https://covid19.who.int/,134133,129419,4714,
Somalia,2021-06-02,"Oxford/AstraZeneca, Sinopharm/Beijing, Sinovac",https://covid19.who.int/,137618,129419,8199,
Somalia,2021-06-08,"Oxford/AstraZeneca, Sinopharm/Beijing, Sinovac",https://covid19.who.int/,142018,129419,12599,
Somalia,2021-06-09,"Oxford/AstraZeneca, Sinopharm/Beijing, Sinovac",https://covid19.who.int/,143379,129733,13646,
Somalia,2021-06-12,"Oxford/AstraZeneca, Sinopharm/Beijing, Sinovac",https://covid19.who.int/,154986,135107,19879,
Somalia,2021-06-14,"Oxford/AstraZeneca, Sinopharm/Beijing, Sinovac",https://covid19.who.int/,156548,135107,21441,
Somalia,2021-06-17,"Oxford/AstraZeneca, Sinopharm/Beijing, Sinovac",https://covid19.who.int/,158709,135107,23602,
Somalia,2021-06-18,"Oxford/AstraZeneca, Sinopharm/Beijing, Sinovac",https://covid19.who.int/,159923,135107,24816,
Somalia,2021-06-20,"Oxford/AstraZeneca, Sinopharm/Beijing, Sinovac",https://covid19.who.int/,163978,135107,28871,
Somalia,2021-06-22,"Oxford/AstraZeneca, Sinopharm/Beijing, Sinovac",https://covid19.who.int/,178264,135107,43157,
Somalia,2021-06-23,"Oxford/AstraZeneca, Sinopharm/Beijing, Sinovac",https://covid19.who.int/,190399,135760,54639,
Somalia,2021-06-28,"Oxford/AstraZeneca, Sinopharm/Beijing, Sinovac",https://covid19.who.int/,204176,137981,66195,
Somalia,2021-06-29,"Oxford/AstraZeneca, Sinopharm/Beijing, Sinovac",https://covid19.who.int/,208415,138603,69812,
Somalia,2021-07-06,"Oxford/AstraZeneca, Sinopharm/Beijing, Sinovac",https://covid19.who.int/,234363,149336,85027,
Somalia,2021-07-08,"Oxford/AstraZeneca, Sinopharm/Beijing, Sinovac",https://covid19.who.int/,235882,149996,85886,
Somalia,2021-07-11,"Oxford/AstraZeneca, Sinopharm/Beijing, Sinovac",https://covid19.who.int/,249790,162655,87135,
Somalia,2021-08-02,"Johnson&Johnson, Oxford/AstraZeneca, Sinopharm/Beijing, Sinovac",https://covid19.who.int/,279869,186595,,
Somalia,2021-08-21,"Johnson&Johnson, Oxford/AstraZeneca, Sinopharm/Beijing, Sinovac",https://covid19.who.int/,282522,188765,93757,
Somalia,2021-08-30,"Johnson&Johnson, Oxford/AstraZeneca, Sinopharm/Beijing, Sinovac",https://covid19.who.int/,291053,194876,96177,
Somalia,2021-09-01,"Johnson&Johnson, Oxford/AstraZeneca, Sinopharm/Beijing, Sinovac",https://covid19.who.int/,295107,197682,97425,
Somalia,2021-09-06,"Johnson&Johnson, Oxford/AstraZeneca, Sinopharm/Beijing, Sinovac",https://covid19.who.int/,310005,207256,102749,
Somalia,2021-09-11,"Johnson&Johnson, Oxford/AstraZeneca, Sinopharm/Beijing, Sinovac",https://covid19.who.int/,339599,223498,116200,
Somalia,2021-09-15,"Johnson&Johnson, Oxford/AstraZeneca, Sinopharm/Beijing, Sinovac",https://covid19.who.int/,351305,231089,120216,
Somalia,2021-09-20,"Johnson&Johnson, Oxford/AstraZeneca, Sinopharm/Beijing, Sinovac",https://covid19.who.int/,390141,241945,148196,
Somalia,2021-09-23,"Johnson&Johnson, Oxford/AstraZeneca, Sinopharm/Beijing, Sinovac",https://covid19.who.int/,430762,249200,181599,
Somalia,2021-09-26,"Johnson&Johnson, Oxford/AstraZeneca, Sinopharm/Beijing, Sinovac",https://covid19.who.int/,464359,250415,213944,
Somalia,2021-09-28,"Johnson&Johnson, Oxford/AstraZeneca, Sinopharm/Beijing, Sinovac",https://covid19.who.int/,477075,251458,225617,
Somalia,2021-09-29,"Johnson&Johnson, Oxford/AstraZeneca, Sinopharm/Beijing, Sinovac",https://covid19.who.int/,495041,259041,236000,
Somalia,2021-10-06,"Johnson&Johnson, Oxford/AstraZeneca, Sinopharm/Beijing, Sinovac",https://covid19.who.int/,542501,297741,244760,
Somalia,2021-10-14,"Johnson&Johnson, Oxford/AstraZeneca, Sinopharm/Beijing, Sinovac",https://covid19.who.int/,599715,341084,258631,
Somalia,2021-10-17,"Johnson&Johnson, Oxford/AstraZeneca, Sinopharm/Beijing, Sinovac",https://covid19.who.int/,647129,361937,285192,
Somalia,2021-10-26,"Johnson&Johnson, Oxford/AstraZeneca, Sinopharm/Beijing, Sinovac",https://covid19.who.int/,654862,363102,291760,
Somalia,2021-10-31,"Johnson&Johnson, Oxford/AstraZeneca, Sinopharm/Beijing, Sinovac",https://covid19.who.int/,668104,363367,304737,
Somalia,2021-11-03,"Johnson&Johnson, Oxford/AstraZeneca, Sinopharm/Beijing, Sinovac",https://covid19.who.int/,681532,365791,315741,
Somalia,2021-11-05,"Johnson&Johnson, Oxford/AstraZeneca, Sinopharm/Beijing, Sinovac",https://covid19.who.int/,691649,371167,320482,
Somalia,2021-11-13,"Johnson&Johnson, Oxford/AstraZeneca, Sinopharm/Beijing, Sinovac",https://covid19.who.int/,964433,589128,564612,
Somalia,2021-12-09,"Johnson&Johnson, Oxford/AstraZeneca, Sinopharm/Beijing, Sinovac",https://covid19.who.int/,1147627,892093,664422,
Somalia,2021-12-20,"Johnson&Johnson, Oxford/AstraZeneca, Sinopharm/Beijing, Sinovac",https://covid19.who.int/,1369400,1088665,745600,
Somalia,2021-12-23,"Johnson&Johnson, Oxford/AstraZeneca, Sinopharm/Beijing, Sinovac",https://covid19.who.int/,1453959,1164923,770720,
Somalia,2021-12-26,"Johnson&Johnson, Oxford/AstraZeneca, Sinopharm/Beijing, Sinovac",https://covid19.who.int/,1504914,1203131,810010,
Somalia,2022-01-16,"Johnson&Johnson, Oxford/AstraZeneca, Sinopharm/Beijing, Sinovac",https://covid19.who.int/,1610500,1305856,867137,
Somalia,2022-02-06,"Johnson&Johnson, Oxford/AstraZeneca, Sinopharm/Beijing, Sinovac",https://covid19.who.int/,1643639,1338686,870006,
Somalia,2022-02-10,"Johnson&Johnson, Oxford/AstraZeneca, Sinopharm/Beijing, Sinovac",https://covid19.who.int/,1659803,1354850,870006,
Somalia,2022-02-17,"Johnson&Johnson, Oxford/AstraZeneca, Sinopharm/Beijing, Sinovac",https://africacdc.org/covid-19-vaccination/,,,,0
Somalia,2022-02-26,"Johnson&Johnson, Oxford/AstraZeneca, Sinopharm/Beijing, Sinovac",https://covid19.who.int/,1794447,1450684,922190,
Somalia,2022-02-28,"Johnson&Johnson, Oxford/AstraZeneca, Sinopharm/Beijing, Sinovac",https://covid19.who.int/,1838348,1479158,937617,
Somalia,2022-03-17,"Johnson&Johnson, Oxford/AstraZeneca, Sinopharm/Beijing, Sinovac",https://covid19.who.int/,2335560,1869813,1253056,
Somalia,2022-03-22,"Johnson&Johnson, Oxford/AstraZeneca, Sinopharm/Beijing, Sinovac",https://covid19.who.int/,2395219,1929472,1290895,
Somalia,2022-04-04,"Johnson&Johnson, Oxford/AstraZeneca, Sinopharm/Beijing, Sinovac",https://covid19.who.int/,2477195,2011448,1351016,
Somalia,2022-04-11,"Johnson&Johnson, Oxford/AstraZeneca, Sinopharm/Beijing, Sinovac",https://covid19.who.int/,2511394,2033814,1383207,
Somalia,2022-04-26,"CanSino, Covaxin, Johnson&Johnson, Moderna, Oxford/AstraZeneca, Pfizer/BioNTech, Sinopharm/Beijing, Sinovac, Sputnik Light, Sputnik V",https://covid19.who.int/,2651515,2173928,1385138,
Somalia,2022-05-08,"CanSino, Covaxin, Johnson&Johnson, Moderna, Oxford/AstraZeneca, Pfizer/BioNTech, Sinopharm/Beijing, Sinovac, Sputnik Light, Sputnik V",https://covid19.who.int/,2677716,2200129,1385138,
Somalia,2022-05-13,"CanSino, Covaxin, Johnson&Johnson, Moderna, Oxford/AstraZeneca, Pfizer/BioNTech, Sinopharm/Beijing, Sinovac, Sputnik Light, Sputnik V",https://covid19.who.int/,2679487,2201900,1385138,
Somalia,2022-05-18,"CanSino, Covaxin, Johnson&Johnson, Moderna, Oxford/AstraZeneca, Pfizer/BioNTech, Sinopharm/Beijing, Sinovac, Sputnik Light, Sputnik V",https://covid19.who.int/,2712296,2234709,1416494,
Somalia,2022-06-01,"CanSino, Covaxin, Johnson&Johnson, Moderna, Oxford/AstraZeneca, Pfizer/BioNTech, Sinopharm/Beijing, Sinovac, Sputnik Light, Sputnik V",https://covid19.who.int/,2784987,2298052,1426011,
Somalia,2022-06-05,"CanSino, Covaxin, Johnson&Johnson, Moderna, Oxford/AstraZeneca, Pfizer/BioNTech, Sinopharm/Beijing, Sinovac, Sputnik Light, Sputnik V",https://covid19.who.int/,,2298052,1426011,
Somalia,2022-06-13,"CanSino, Covaxin, Johnson&Johnson, Moderna, Oxford/AstraZeneca, Pfizer/BioNTech, Sinopharm/Beijing, Sinovac, Sputnik Light, Sputnik V",https://covid19.who.int/,2996795,2498354,1525974,
Somalia,2022-06-19,"CanSino, Covaxin, Johnson&Johnson, Moderna, Oxford/AstraZeneca, Pfizer/BioNTech, Sinopharm/Beijing, Sinovac, Sputnik Light, Sputnik V",https://covid19.who.int/,3090120,2591679,1600785,
Somalia,2022-06-27,"CanSino, Covaxin, Johnson&Johnson, Moderna, Oxford/AstraZeneca, Pfizer/BioNTech, Sinopharm/Beijing, Sinovac, Sputnik Light, Sputnik V",https://covid19.who.int/,3143630,,,
Somalia,2022-06-28,"CanSino, Covaxin, Johnson&Johnson, Moderna, Oxford/AstraZeneca, Pfizer/BioNTech, Sinopharm/Beijing, Sinovac, Sputnik Light, Sputnik V",https://covid19.who.int/,3143630,2645189,1641835,
Somalia,2022-07-07,"CanSino, Covaxin, Johnson&Johnson, Moderna, Oxford/AstraZeneca, Pfizer/BioNTech, Sinopharm/Beijing, Sinovac, Sputnik Light, Sputnik V",https://covid19.who.int/,3158975,2660534,1641835,
Somalia,2022-07-13,"CanSino, Covaxin, Johnson&Johnson, Moderna, Oxford/AstraZeneca, Pfizer/BioNTech, Sinopharm/Beijing, Sinovac, Sputnik Light, Sputnik V",https://covid19.who.int/,3266529,,1654113,
Somalia,2022-07-19,"CanSino, Covaxin, Johnson&Johnson, Moderna, Oxford/AstraZeneca, Pfizer/BioNTech, Sinopharm/Beijing, Sinovac, Sputnik Light, Sputnik V",https://covid19.who.int/,3344579,2728594,1764597,
Somalia,2022-07-27,"CanSino, Covaxin, Johnson&Johnson, Moderna, Oxford/AstraZeneca, Pfizer/BioNTech, Sinopharm/Beijing, Sinovac, Sputnik Light, Sputnik V",https://covid19.who.int/,3648859,2807072,2040506,
Somalia,2022-08-15,"CanSino, Covaxin, Johnson&Johnson, Moderna, Oxford/AstraZeneca, Pfizer/BioNTech, Sinopharm/Beijing, Sinovac, Sputnik Light, Sputnik V",https://covid19.who.int/,3939144,3020218,2117645,
Somalia,2022-08-21,"CanSino, Covaxin, Johnson&Johnson, Moderna, Oxford/AstraZeneca, Pfizer/BioNTech, Sinopharm/Beijing, Sinovac, Sputnik Light, Sputnik V",https://covid19.who.int/,4441191,3486487,2414142,
Somalia,2022-08-29,"CanSino, Covaxin, Johnson&Johnson, Moderna, Oxford/AstraZeneca, Pfizer/BioNTech, Sinopharm/Beijing, Sinovac, Sputnik Light, Sputnik V",https://covid19.who.int/,4509366,3532736,2436068,
Somalia,2022-09-12,"CanSino, Covaxin, Johnson&Johnson, Moderna, Oxford/AstraZeneca, Pfizer/BioNTech, Sinopharm/Beijing, Sinovac, Sputnik Light, Sputnik V",https://covid19.who.int/,4762311,3785681,2658295,
Somalia,2022-09-18,"CanSino, Covaxin, Johnson&Johnson, Moderna, Oxford/AstraZeneca, Pfizer/BioNTech, Sinopharm/Beijing, Sinovac, Sputnik Light, Sputnik V",https://covid19.who.int/,5029419,4052789,2925403,
Somalia,2022-09-25,"CanSino, Covaxin, Johnson&Johnson, Moderna, Oxford/AstraZeneca, Pfizer/BioNTech, Sinopharm/Beijing, Sinovac, Sputnik Light, Sputnik V",https://covid19.who.int/,5494393,4517763,3310626,
Somalia,2022-09-27,"CanSino, Covaxin, Johnson&Johnson, Moderna, Oxford/AstraZeneca, Pfizer/BioNTech, Sinopharm/Beijing, Sinovac, Sputnik Light, Sputnik V",https://covid19.who.int/,5656748,4661532,3460897,
Somalia,2022-10-02,"CanSino, Covaxin, Johnson&Johnson, Moderna, Oxford/AstraZeneca, Pfizer/BioNTech, Sinopharm/Beijing, Sinovac, Sputnik Light, Sputnik V",https://covid19.who.int/,6216282,5221066,4020431,
Somalia,2022-10-11,"CanSino, Covaxin, Johnson&Johnson, Moderna, Oxford/AstraZeneca, Pfizer/BioNTech, Sinopharm/Beijing, Sinovac, Sputnik Light, Sputnik V",https://covid19.who.int/,7198588,6203372,5002737,
Somalia,2022-10-20,"CanSino, Covaxin, Johnson&Johnson, Moderna, Oxford/AstraZeneca, Pfizer/BioNTech, Sinopharm/Beijing, Sinovac, Sputnik Light, Sputnik V",https://covid19.who.int/,7990393,6995177,5794542,
Somalia,2022-10-30,"CanSino, Covaxin, Johnson&Johnson, Moderna, Oxford/AstraZeneca, Pfizer/BioNTech, Sinopharm/Beijing, Sinovac, Sputnik Light, Sputnik V",https://covid19.who.int/,8132773,7137557,5936922,
Somalia,2022-11-15,"CanSino, Covaxin, Johnson&Johnson, Moderna, Oxford/AstraZeneca, Pfizer/BioNTech, Sinopharm/Beijing, Sinovac, Sputnik Light, Sputnik V",https://covid19.who.int/,8134037,7137557,5938186,
Somalia,2022-12-22,"CanSino, Covaxin, Johnson&Johnson, Moderna, Oxford/AstraZeneca, Pfizer/BioNTech, Sinopharm/Beijing, Sinovac, Sputnik Light, Sputnik V",https://covid19.who.int/,8520930,7524443,6324409,
Somalia,2023-01-02,"CanSino, Covaxin, Johnson&Johnson, Moderna, Oxford/AstraZeneca, Pfizer/BioNTech, Sinopharm/Beijing, Sinovac, Sputnik Light, Sputnik V",https://covid19.who.int/,8726329,7729842,6529808,
Somalia,2023-04-30,"CanSino, Covaxin, Johnson&Johnson, Moderna, Oxford/AstraZeneca, Pfizer/BioNTech, Sinopharm/Beijing, Sinovac, Sputnik Light, Sputnik V",https://covid19.who.int/,9443849,8370355,7035193,
Somalia,2023-07-25,"CanSino, Covaxin, Johnson&Johnson, Moderna, Oxford/AstraZeneca, Pfizer/BioNTech, Sinopharm/Beijing, Sinovac, Sputnik Light, Sputnik V",https://covid19.who.int/,10555834,8972167,7666835,28134
