location,date,vaccine,source_url,total_vaccinations,people_vaccinated,people_fully_vaccinated,total_boosters
Syria,2021-03-01,Sputnik V,https://www.aljazeera.com/news/2021/3/17/syria-launches-covid-vaccination-drive-amid-economic-challenges,0,0,0,
Syria,2021-04-08,Sputnik V,http://www.xinhuanet.com/english/africa/2021-04/08/c_139867196.htm,2500,2500,0,
Syria,2021-05-27,"Oxford/AstraZeneca, Sinopharm/Beijing, Sputnik V",https://covid19.who.int/,24781,24781,0,
Syria,2021-06-06,"Oxford/AstraZeneca, Sinopharm/Beijing, Sputnik V",https://covid19.who.int/,71519,71519,0,
Syria,2021-06-21,"Oxford/AstraZeneca, Sinopharm/Beijing, Sputnik V",https://covid19.who.int/,108276,102319,5957,
Syria,2021-07-09,"Oxford/AstraZeneca, Sinopharm/Beijing, Sputnik V",https://covid19.who.int/,131221,121909,9312,
Syria,2021-08-09,"Oxford/AstraZeneca, Sinopharm/Beijing, Sputnik V",http://www.emro.who.int/syria/news/updates-on-covid-19-vaccination-in-syria-august-2021.html?format=html,355000,,,
Syria,2021-08-22,"Johnson&Johnson, Oxford/AstraZeneca, Sinopharm/Beijing, Sinovac, Sputnik V",https://covid19.who.int/,388520,,,
Syria,2021-08-30,"Johnson&Johnson, Oxford/AstraZeneca, Sinopharm/Beijing, Sinovac, Sputnik V",https://covid19.who.int/,403254,201379,201379,
Syria,2021-09-13,"Johnson&Johnson, Oxford/AstraZeneca, Sinopharm/Beijing, Sinovac, Sputnik V",https://covid19.who.int/,533949,285087,248862,
Syria,2021-09-29,"Johnson&Johnson, Oxford/AstraZeneca, Sinopharm/Beijing, Sinovac, Sputnik Light, Sputnik V",https://covid19.who.int/,811852,613263,321276,
Syria,2021-10-12,"Johnson&Johnson, Oxford/AstraZeneca, Sinopharm/Beijing, Sinovac, Sputnik Light, Sputnik V",https://covid19.who.int/,963477,714300,407405,
Syria,2021-10-25,"Johnson&Johnson, Oxford/AstraZeneca, Sinopharm/Beijing, Sinovac, Sputnik Light, Sputnik V",https://covid19.who.int/,977122,720552,414798,
Syria,2021-10-31,"Johnson&Johnson, Oxford/AstraZeneca, Sinopharm/Beijing, Sinovac, Sputnik Light, Sputnik V",https://covid19.who.int/,1125146,807249,503394,
Syria,2021-11-15,"Johnson&Johnson, Oxford/AstraZeneca, Sinopharm/Beijing, Sinovac, Sputnik Light, Sputnik V",https://covid19.who.int/,1414665,890111,732224,
Syria,2021-11-28,"Johnson&Johnson, Oxford/AstraZeneca, Sinopharm/Beijing, Sinovac, Sputnik Light, Sputnik V",https://covid19.who.int/,1422377,890837,739210,
Syria,2021-12-12,"Johnson&Johnson, Oxford/AstraZeneca, Sinopharm/Beijing, Sinovac, Sputnik Light, Sputnik V",https://covid19.who.int/,1548574,1002945,763025,
Syria,2021-12-19,"Johnson&Johnson, Oxford/AstraZeneca, Sinopharm/Beijing, Sinovac, Sputnik Light, Sputnik V",https://covid19.who.int/,1737980,1186091,774866,
Syria,2021-12-21,"Johnson&Johnson, Oxford/AstraZeneca, Sinopharm/Beijing, Sinovac, Sputnik Light, Sputnik V",https://covid19.who.int/,1753522,1194896,781603,
Syria,2022-01-03,"Johnson&Johnson, Oxford/AstraZeneca, Sinopharm/Beijing, Sinovac, Sputnik Light, Sputnik V",https://covid19.who.int/,2925563,,883478,
Syria,2022-01-15,"Johnson&Johnson, Oxford/AstraZeneca, Sinopharm/Beijing, Sinovac, Sputnik Light, Sputnik V",https://covid19.who.int/,2974507,,932422,
Syria,2022-02-12,"Johnson&Johnson, Oxford/AstraZeneca, Sinopharm/Beijing, Sinovac, Sputnik Light, Sputnik V",https://covid19.who.int/,3053717,2125205,1163125,
Syria,2022-02-19,"Johnson&Johnson, Oxford/AstraZeneca, Sinopharm/Beijing, Sinovac, Sputnik Light, Sputnik V",https://covid19.who.int/,3073678,2135220,1171878,
Syria,2022-02-21,"Johnson&Johnson, Oxford/AstraZeneca, Sinopharm/Beijing, Sinovac, Sputnik Light, Sputnik V",https://covid19.who.int/,3187594,2197941,1229358,
Syria,2022-03-01,"Johnson&Johnson, Oxford/AstraZeneca, Sinopharm/Beijing, Sinovac, Sputnik Light, Sputnik V",https://covid19.who.int/,3264756,2239981,1269123,
Syria,2022-03-15,"Johnson&Johnson, Oxford/AstraZeneca, Sinopharm/Beijing, Sinovac, Sputnik Light, Sputnik V",https://covid19.who.int/,3358229,2301422,1315550,
Syria,2022-03-23,"Johnson&Johnson, Oxford/AstraZeneca, Sinopharm/Beijing, Sinovac, Sputnik Light, Sputnik V",https://covid19.who.int/,3369196,2308843,1318742,
Syria,2022-03-27,"Johnson&Johnson, Oxford/AstraZeneca, Sinopharm/Beijing, Sinovac, Sputnik Light, Sputnik V",https://covid19.who.int/,3442389,2353234,1359342,
Syria,2022-04-09,"Johnson&Johnson, Oxford/AstraZeneca, Sinopharm/Beijing, Sinovac, Sputnik Light, Sputnik V",https://covid19.who.int/,3538630,2415416,1411054,
Syria,2022-04-16,"Johnson&Johnson, Oxford/AstraZeneca, Sinopharm/Beijing, Sinovac, Sputnik Light, Sputnik V",https://covid19.who.int/,3609370,2438338,1467482,
Syria,2022-04-22,"Johnson&Johnson, Oxford/AstraZeneca, Sinopharm/Beijing, Sinovac, Sputnik Light, Sputnik V",https://covid19.who.int/,3621847,2442426,1474047,
Syria,2022-04-24,"Johnson&Johnson, Oxford/AstraZeneca, Sinopharm/Beijing, Sinovac, Sputnik Light, Sputnik V",https://covid19.who.int/,3684389,2459791,1524341,
Syria,2022-04-29,"CanSino, Covaxin, Johnson&Johnson, Moderna, Oxford/AstraZeneca, Pfizer/BioNTech, Sinopharm/Beijing, Sinovac, Sputnik Light, Sputnik V",https://covid19.who.int/,3687404,2467704,1530672,1417
Syria,2022-05-07,"CanSino, Covaxin, Johnson&Johnson, Moderna, Oxford/AstraZeneca, Pfizer/BioNTech, Sinopharm/Beijing, Sinovac, Sputnik Light, Sputnik V",https://covid19.who.int/,3743771,2484582,1563875,14011
Syria,2022-05-14,"CanSino, Covaxin, Johnson&Johnson, Moderna, Oxford/AstraZeneca, Pfizer/BioNTech, Sinopharm/Beijing, Sinovac, Sputnik Light, Sputnik V",https://covid19.who.int/,3801752,2512115,1598343,16064
Syria,2022-05-29,"CanSino, Covaxin, Johnson&Johnson, Moderna, Oxford/AstraZeneca, Pfizer/BioNTech, Sinopharm/Beijing, Sinovac, Sputnik Light, Sputnik V",https://covid19.who.int/,3870173,2544641,1633948,21460
Syria,2022-06-13,"CanSino, Covaxin, Johnson&Johnson, Moderna, Oxford/AstraZeneca, Pfizer/BioNTech, Sinopharm/Beijing, Sinovac, Sputnik Light, Sputnik V",https://covid19.who.int/,4105439,2677389,1761054,25095
Syria,2022-06-18,"CanSino, Covaxin, Johnson&Johnson, Moderna, Oxford/AstraZeneca, Pfizer/BioNTech, Sinopharm/Beijing, Sinovac, Sputnik Light, Sputnik V",https://covid19.who.int/,4144083,2694839,1785107,27358
Syria,2022-06-27,"CanSino, Covaxin, Johnson&Johnson, Moderna, Oxford/AstraZeneca, Pfizer/BioNTech, Sinopharm/Beijing, Sinovac, Sputnik Light, Sputnik V",https://covid19.who.int/,4160201,,,28686
Syria,2022-06-28,"CanSino, Covaxin, Johnson&Johnson, Moderna, Oxford/AstraZeneca, Pfizer/BioNTech, Sinopharm/Beijing, Sinovac, Sputnik Light, Sputnik V",https://covid19.who.int/,4232490,2748571,1831005,28686
Syria,2022-07-10,"CanSino, Covaxin, Johnson&Johnson, Moderna, Oxford/AstraZeneca, Pfizer/BioNTech, Sinopharm/Beijing, Sinovac, Sputnik Light, Sputnik V",https://covid19.who.int/,4256291,2758742,1839872,33449
Syria,2022-07-19,"CanSino, Covaxin, Johnson&Johnson, Moderna, Oxford/AstraZeneca, Pfizer/BioNTech, Sinopharm/Beijing, Sinovac, Sputnik Light, Sputnik V",https://covid19.who.int/,4389805,2842478,1914784,34606
Syria,2022-08-09,"CanSino, Covaxin, Johnson&Johnson, Moderna, Oxford/AstraZeneca, Pfizer/BioNTech, Sinopharm/Beijing, Sinovac, Sputnik Light, Sputnik V",https://covid19.who.int/,4494350,2892516,1975069,42387
Syria,2022-08-22,"CanSino, Covaxin, Johnson&Johnson, Moderna, Oxford/AstraZeneca, Pfizer/BioNTech, Sinopharm/Beijing, Sinovac, Sputnik Light, Sputnik V",https://covid19.who.int/,4553467,2927070,2012886,42387
Syria,2022-08-23,"CanSino, Covaxin, Johnson&Johnson, Moderna, Oxford/AstraZeneca, Pfizer/BioNTech, Sinopharm/Beijing, Sinovac, Sputnik Light, Sputnik V",https://covid19.who.int/,4583601,2940095,2023735,48647
Syria,2022-09-13,"CanSino, Covaxin, Johnson&Johnson, Moderna, Oxford/AstraZeneca, Pfizer/BioNTech, Sinopharm/Beijing, Sinovac, Sputnik Light, Sputnik V",https://covid19.who.int/,4649982,2983214,2065659,48647
Syria,2022-09-22,"CanSino, Covaxin, Johnson&Johnson, Moderna, Oxford/AstraZeneca, Pfizer/BioNTech, Sinopharm/Beijing, Sinovac, Sputnik Light, Sputnik V",https://covid19.who.int/,4709714,3015708,2088765,59499
Syria,2022-10-16,"CanSino, Covaxin, Johnson&Johnson, Moderna, Oxford/AstraZeneca, Pfizer/BioNTech, Sinopharm/Beijing, Sinovac, Sputnik Light, Sputnik V",https://covid19.who.int/,4777586,3050850,2105113,75881
Syria,2022-12-20,"CanSino, Covaxin, Johnson&Johnson, Moderna, Oxford/AstraZeneca, Pfizer/BioNTech, Sinopharm/Beijing, Sinovac, Sputnik Light, Sputnik V",https://covid19.who.int/,4940436,3179030,2226318,75881
Syria,2023-01-16,"CanSino, Covaxin, Johnson&Johnson, Moderna, Oxford/AstraZeneca, Pfizer/BioNTech, Sinopharm/Beijing, Sinovac, Sputnik Light, Sputnik V",https://covid19.who.int/,4971203,3209797,2257085,75881
Syria,2023-04-18,"CanSino, Covaxin, Johnson&Johnson, Moderna, Oxford/AstraZeneca, Pfizer/BioNTech, Sinopharm/Beijing, Sinovac, Sputnik Light, Sputnik V",https://covid19.who.int/,5090630,3295630,2358365,75881
