location,date,vaccine,source_url,total_vaccinations,people_vaccinated,people_fully_vaccinated,total_boosters
Uganda,2021-03-09,Oxford/AstraZeneca,https://www.theeastafrican.co.ke/tea/science-health/uganda-starts-covid-19-vaccination-3318966,0,0,,
Uganda,2021-03-12,Oxford/AstraZeneca,https://twitter.com/MinofHealthUG/status/1370986251768057858,1015,1015,,
Uganda,2021-03-13,Oxford/AstraZeneca,https://twitter.com/MinofHealthUG/status/1371109215234883585,1215,1215,,
Uganda,2021-03-15,Oxford/AstraZeneca,https://twitter.com/MinofHealthUG/status/1371872716467363842,2841,2841,,
Uganda,2021-03-16,Oxford/AstraZeneca,https://twitter.com/MinofHealthUG/status/1372222013985730565,4684,4684,,
Uganda,2021-03-17,Oxford/AstraZeneca,https://twitter.com/MinofHealthUG/status/1372611219761344512,7920,7920,,
Uganda,2021-03-18,Oxford/AstraZeneca,https://twitter.com/MinofHealthUG/status/1372978890373750786,13027,13027,,
Uganda,2021-03-19,Oxford/AstraZeneca,https://twitter.com/MinofHealthUG/status/1373565467709833216,17543,17543,,
Uganda,2021-03-20,Oxford/AstraZeneca,https://twitter.com/MinofHealthUG/status/1373891407241445376,19008,19008,,
Uganda,2021-03-21,Oxford/AstraZeneca,https://twitter.com/MinofHealthUG/status/1374255336253747214,23527,23527,,
Uganda,2021-03-22,Oxford/AstraZeneca,https://twitter.com/MinofHealthUG/status/1374405069110538252,25860,25860,,
Uganda,2021-03-23,Oxford/AstraZeneca,https://twitter.com/MinofHealthUG/status/1375003565761171456,32526,32526,,
Uganda,2021-03-24,Oxford/AstraZeneca,https://twitter.com/MinofHealthUG/status/1375395333790896131,46444,46444,,
Uganda,2021-03-25,Oxford/AstraZeneca,https://twitter.com/MinofHealthUG/status/1375813107658932226,46664,46664,,
Uganda,2021-03-27,Oxford/AstraZeneca,https://twitter.com/MinofHealthUG/status/1376391640890417153,60139,60139,,
Uganda,2021-03-28,Oxford/AstraZeneca,https://twitter.com/MinofHealthUG/status/1376829651394387974,69701,69701,,
Uganda,2021-03-29,Oxford/AstraZeneca,https://twitter.com/MinofHealthUG/status/1377162131599097858,80836,80836,,
Uganda,2021-03-30,Oxford/AstraZeneca,https://twitter.com/MinofHealthUG/status/1377570056863895552,90196,90196,,
Uganda,2021-04-04,Oxford/AstraZeneca,https://twitter.com/MinofHealthUG/status/1379370490654031876,129634,129634,,
Uganda,2021-04-05,Oxford/AstraZeneca,https://twitter.com/MinofHealthUG/status/1379772136051605506,138064,138064,,
Uganda,2021-04-06,Oxford/AstraZeneca,https://twitter.com/MinofHealthUG/status/1380077606314385411,144025,144025,,
Uganda,2021-04-07,Oxford/AstraZeneca,https://twitter.com/MinofHealthUG/status/1380417805321973764,163491,163491,,
Uganda,2021-04-08,Oxford/AstraZeneca,https://twitter.com/MinofHealthUG/status/1380788411582312448,176469,176469,,
Uganda,2021-04-10,Oxford/AstraZeneca,https://twitter.com/MinofHealthUG/status/1381541903833964545,180969,180969,,
Uganda,2021-04-11,Oxford/AstraZeneca,https://twitter.com/MinofHealthUG/status/1381968462159912960,189409,189409,,
Uganda,2021-04-12,Oxford/AstraZeneca,https://twitter.com/MinofHealthUG/status/1382262763272146945,197299,197299,,
Uganda,2021-04-13,Oxford/AstraZeneca,https://twitter.com/MinofHealthUG/status/1382638471853002753,206708,206708,,
Uganda,2021-04-14,Oxford/AstraZeneca,https://twitter.com/MinofHealthUG/status/1383026809797812228,220893,220893,,
Uganda,2021-04-16,Oxford/AstraZeneca,https://twitter.com/MinofHealthUG/status/1383765171693256704,227691,227691,,
Uganda,2021-04-17,Oxford/AstraZeneca,https://twitter.com/MinofHealthUG/status/1384096195207786502,232514,232514,,
Uganda,2021-04-18,Oxford/AstraZeneca,https://twitter.com/MinofHealthUG/status/1384463844542541824,239617,239617,,
Uganda,2021-04-19,Oxford/AstraZeneca,https://twitter.com/MinofHealthUG/status/1384779591701630976,245939,245939,,
Uganda,2021-04-20,Oxford/AstraZeneca,https://twitter.com/MinofHealthUG/status/1385168933167190018,253562,253562,,
Uganda,2021-04-21,Oxford/AstraZeneca,https://twitter.com/MinofHealthUG/status/1385533943454261257,268317,268317,,
Uganda,2021-04-24,Oxford/AstraZeneca,https://twitter.com/MinofHealthUG/status/1386644034211434497,276306,276306,,
Uganda,2021-04-26,Oxford/AstraZeneca,https://twitter.com/MinofHealthUG/status/1387389318784765959,304030,304030,,
Uganda,2021-04-27,Oxford/AstraZeneca,https://twitter.com/MinofHealthUG/status/1387666737064300545,321350,321350,,
Uganda,2021-04-28,Oxford/AstraZeneca,https://twitter.com/MinofHealthUG/status/1388069154201247747,330077,330077,,
Uganda,2021-05-01,Oxford/AstraZeneca,https://twitter.com/MinofHealthUG/status/1389124500097323009,339607,339607,,
Uganda,2021-05-02,Oxford/AstraZeneca,https://twitter.com/MinofHealthUG/status/1389485488604688387,341819,341819,,
Uganda,2021-05-03,Oxford/AstraZeneca,https://twitter.com/MinofHealthUG/status/1389851681215635456,364582,364582,,
Uganda,2021-05-04,Oxford/AstraZeneca,https://twitter.com/MinofHealthUG/status/1390232215230033923,375283,375283,,
Uganda,2021-05-05,Oxford/AstraZeneca,https://twitter.com/MinofHealthUG/status/1390618020087750656,387024,387024,,
Uganda,2021-05-06,Oxford/AstraZeneca,https://twitter.com/MinofHealthUG/status/1391088733307424771,392146,392146,,
Uganda,2021-05-07,Oxford/AstraZeneca,https://twitter.com/MinofHealthUG/status/1391343458867109890,395805,395805,,
Uganda,2021-05-08,Oxford/AstraZeneca,https://twitter.com/MinofHealthUG/status/1391662768013680641,399746,399746,,
Uganda,2021-05-09,Oxford/AstraZeneca,https://twitter.com/MinofHealthUG/status/1392025039596294146,404972,404972,,
Uganda,2021-05-11,Oxford/AstraZeneca,https://twitter.com/MinofHealthUG/status/1392821072832208901,418354,418354,,
Uganda,2021-05-12,Oxford/AstraZeneca,https://twitter.com/MinofHealthUG/status/1393135334133731328,423092,423092,,
Uganda,2021-05-14,Oxford/AstraZeneca,https://twitter.com/MinofHealthUG/status/1393820229361303563,430301,430301,,
Uganda,2021-05-16,Oxford/AstraZeneca,https://twitter.com/MinofHealthUG/status/1394583572632252416,453422,453422,,
Uganda,2021-05-17,Oxford/AstraZeneca,https://twitter.com/MinofHealthUG/status/1394944449067761665,466823,466823,,
Uganda,2021-05-19,Oxford/AstraZeneca,https://twitter.com/MinofHealthUG/status/1395685621084139520,488986,488986,,
Uganda,2021-05-21,Oxford/AstraZeneca,https://twitter.com/MinofHealthUG/status/1396425324062289920,506787,506787,,
Uganda,2021-05-22,Oxford/AstraZeneca,https://twitter.com/MinofHealthUG/status/1396750345779482624,513338,511064,2274,
Uganda,2021-05-23,Oxford/AstraZeneca,https://twitter.com/MinofHealthUG/status/1397126105098854400,530653,527917,2736,
Uganda,2021-05-24,Oxford/AstraZeneca,https://twitter.com/MinofHealthUG/status/1397476411556966404,541569,537440,4129,
Uganda,2021-05-26,Oxford/AstraZeneca,https://twitter.com/MinofHealthUG/status/1398208548815912960,565163,,,
Uganda,2021-05-27,Oxford/AstraZeneca,https://twitter.com/MinofHealthUG/status/1398645466909249541,577036,,,
Uganda,2021-05-29,Oxford/AstraZeneca,https://twitter.com/MinofHealthUG/status/1399275078865633289,595924,,,
Uganda,2021-05-30,Oxford/AstraZeneca,https://twitter.com/MinofHealthUG/status/1399656600567169028,647357,,,
Uganda,2021-05-31,Oxford/AstraZeneca,https://twitter.com/MinofHealthUG/status/1400034945968574465,672395,,,
Uganda,2021-06-01,Oxford/AstraZeneca,https://twitter.com/MinofHealthUG/status/1400348625050472449,677084,,,
Uganda,2021-06-02,Oxford/AstraZeneca,https://twitter.com/MinofHealthUG/status/1400815688147681280,706626,,,
Uganda,2021-06-05,Oxford/AstraZeneca,https://twitter.com/MinofHealthUG/status/1401889083560017920,748676,,,
Uganda,2021-06-08,Oxford/AstraZeneca,https://twitter.com/MinofHealthUG/status/1403076275418406914,757664,,,
Uganda,2021-06-10,Oxford/AstraZeneca,https://twitter.com/MinofHealthUG/status/1403662614010511362,777805,,,
Uganda,2021-06-12,Oxford/AstraZeneca,https://twitter.com/MinofHealthUG/status/1404366656290312193,786160,,,
Uganda,2021-06-13,Oxford/AstraZeneca,https://twitter.com/MinofHealthUG/status/1404805590006878217,803797,,,
Uganda,2021-06-14,Oxford/AstraZeneca,https://twitter.com/MinofHealthUG/status/1405142446766538752,806129,,,
Uganda,2021-06-15,Oxford/AstraZeneca,https://twitter.com/MinofHealthUG/status/1405565449656541187,812118,,,
Uganda,2021-06-16,Oxford/AstraZeneca,https://twitter.com/MinofHealthUG/status/1405877584370483203,821659,,,
Uganda,2021-06-19,Oxford/AstraZeneca,https://twitter.com/MinofHealthUG/status/1407030890711158784,831146,,,
Uganda,2021-06-20,Oxford/AstraZeneca,https://twitter.com/MinofHealthUG/status/1407345901308461060,834271,,,
Uganda,2021-06-22,Oxford/AstraZeneca,https://twitter.com/MinofHealthUG/status/1408076873696006145,841629,,,
Uganda,2021-06-23,Oxford/AstraZeneca,https://twitter.com/MinofHealthUG/status/1408425758347993088,843039,,,
Uganda,2021-06-26,Oxford/AstraZeneca,https://twitter.com/MinofHealthUG/status/1409470272806297600,854232,,,
Uganda,2021-06-27,Oxford/AstraZeneca,https://twitter.com/MinofHealthUG/status/1409804622382960642,854443,,,
Uganda,2021-06-28,Oxford/AstraZeneca,https://twitter.com/MinofHealthUG/status/1410184071150510081,856025,,,
Uganda,2021-06-29,Oxford/AstraZeneca,https://twitter.com/MinofHealthUG/status/1410541337263411200,861645,,,
Uganda,2021-07-01,Oxford/AstraZeneca,https://twitter.com/MinofHealthUG/status/1411276060260450307,990902,,,
Uganda,2021-07-03,Oxford/AstraZeneca,https://twitter.com/MinofHealthUG/status/1412015428377923585,1027036,,,
Uganda,2021-07-04,Oxford/AstraZeneca,https://twitter.com/MinofHealthUG/status/1413416949418180610,1058094,,,
Uganda,2021-07-10,Oxford/AstraZeneca,https://twitter.com/MinofHealthUG/status/1414495075980255232,1076923,,,
Uganda,2021-07-12,Oxford/AstraZeneca,https://twitter.com/MinofHealthUG/status/1415275442806919169,1079943,,,
Uganda,2021-07-13,Oxford/AstraZeneca,https://twitter.com/MinofHealthUG/status/1415654621935280130,1085382,,,
Uganda,2021-07-18,Oxford/AstraZeneca,https://www.health.go.ug/covid/,1087152,,,
Uganda,2021-07-19,Oxford/AstraZeneca,https://www.health.go.ug/covid/,1101431,,,
Uganda,2021-07-21,Oxford/AstraZeneca,https://www.health.go.ug/covid/,1106762,,,
Uganda,2021-07-22,Oxford/AstraZeneca,https://www.health.go.ug/covid/,1110867,,,
Uganda,2021-07-28,Oxford/AstraZeneca,https://www.health.go.ug/covid/,1135036,,,
Uganda,2021-07-30,Oxford/AstraZeneca,https://www.health.go.ug/covid/,1143763,,,
Uganda,2021-08-03,Oxford/AstraZeneca,https://www.health.go.ug/covid/,1150676,,,
Uganda,2021-08-05,Oxford/AstraZeneca,https://www.health.go.ug/covid/,1152874,,,
Uganda,2021-08-20,Oxford/AstraZeneca,https://covid19.who.int/,1163451,901900,242310,
Uganda,2021-08-21,Oxford/AstraZeneca,https://twitter.com/MinofHealthUG/status/1429746162907717633,1297726,,,
Uganda,2021-09-01,Oxford/AstraZeneca,https://covid19.who.int/,1436264,1030447,366658,
Uganda,2021-09-22,Oxford/AstraZeneca,https://africacdc.org/covid-19-vaccination/,2058553,1643067,415486,
Uganda,2021-10-07,Oxford/AstraZeneca,https://africacdc.org/covid-19-vaccination/,2615807,2200321,415486,
Uganda,2021-10-14,Oxford/AstraZeneca,https://africacdc.org/covid-19-vaccination/,2793657,2378171,415486,
Uganda,2021-10-21,Oxford/AstraZeneca,https://africacdc.org/covid-19-vaccination/,2990507,2575021,415486,
Uganda,2021-10-28,"Johnson&Johnson, Moderna, Oxford/AstraZeneca, Pfizer/BioNTech, Sinovac",https://africacdc.org/covid-19-vaccination/,3269568,2854082,415486,
Uganda,2021-11-04,"Johnson&Johnson, Moderna, Oxford/AstraZeneca, Pfizer/BioNTech, Sinovac",https://africacdc.org/covid-19-vaccination/,3604659,3189173,415486,
Uganda,2021-11-10,"Johnson&Johnson, Moderna, Oxford/AstraZeneca, Pfizer/BioNTech, Sinovac",https://africacdc.org/covid-19-vaccination/,3898698,3483212,415486,
Uganda,2021-11-15,"Johnson&Johnson, Moderna, Oxford/AstraZeneca, Pfizer/BioNTech, Sinovac",https://covid19.who.int/,4751422,3838439,912983,
Uganda,2021-12-09,"Johnson&Johnson, Moderna, Oxford/AstraZeneca, Pfizer/BioNTech, Sinovac",https://covid19.who.int/,7813170,6525371,1287799,
Uganda,2021-12-20,"Johnson&Johnson, Moderna, Oxford/AstraZeneca, Pfizer/BioNTech, Sinovac",https://covid19.who.int/,9763030,8354808,1408222,
Uganda,2022-01-06,"Johnson&Johnson, Moderna, Oxford/AstraZeneca, Pfizer/BioNTech, Sinovac",https://twitter.com/MinofHealthUG/status/1479807103770443779,12085428,,,
Uganda,2022-01-10,"Johnson&Johnson, Moderna, Oxford/AstraZeneca, Pfizer/BioNTech, Sinovac",https://covid19.who.int/,12220106,10410479,1809627,
Uganda,2022-01-23,"Johnson&Johnson, Moderna, Oxford/AstraZeneca, Pfizer/BioNTech, Sinovac",https://covid19.who.int/,12599741,10669724,1930017,
Uganda,2022-01-31,"Johnson&Johnson, Moderna, Oxford/AstraZeneca, Pfizer/BioNTech, Sinovac",https://covid19.who.int/,12911692,10896664,2015028,
Uganda,2022-02-07,"Johnson&Johnson, Moderna, Oxford/AstraZeneca, Pfizer/BioNTech, Sinovac",https://covid19.who.int/,14973293,12742231,,
Uganda,2022-02-21,"Johnson&Johnson, Moderna, Oxford/AstraZeneca, Pfizer/BioNTech, Sinovac",https://covid19.who.int/,16254268,13531724,2706785,
Uganda,2022-02-28,"Johnson&Johnson, Moderna, Oxford/AstraZeneca, Pfizer/BioNTech, Sinovac",https://covid19.who.int/,16672943,13809794,,
Uganda,2022-03-09,"Johnson&Johnson, Moderna, Oxford/AstraZeneca, Pfizer/BioNTech, Sinovac",https://covid19.who.int/,17060289,14054059,2985472,
Uganda,2022-03-14,"Johnson&Johnson, Moderna, Oxford/AstraZeneca, Pfizer/BioNTech, Sinovac",https://covid19.who.int/,17197954,14131307,8014082,23898
Uganda,2022-03-29,"Johnson&Johnson, Moderna, Oxford/AstraZeneca, Pfizer/BioNTech, Sinovac",https://covid19.who.int/,17605945,14247523,8014082,29385
Uganda,2022-04-10,"Johnson&Johnson, Moderna, Oxford/AstraZeneca, Pfizer/BioNTech, Sinovac",https://covid19.who.int/,19399787,,10127207,52031
Uganda,2022-04-26,"Johnson&Johnson, Moderna, Oxford/AstraZeneca, Pfizer/BioNTech, Sinovac",https://covid19.who.int/,19643808,,10235247,54546
Uganda,2022-05-01,"Johnson&Johnson, Moderna, Oxford/AstraZeneca, Pfizer/BioNTech, Sinovac",https://covid19.who.int/,20223978,15208403,10250742,54546
Uganda,2022-05-08,"Johnson&Johnson, Moderna, Oxford/AstraZeneca, Pfizer/BioNTech, Sinovac",https://covid19.who.int/,20899440,15686085,10568519,
Uganda,2022-05-15,"Johnson&Johnson, Moderna, Oxford/AstraZeneca, Pfizer/BioNTech, Sinovac",https://covid19.who.int/,20899440,15746111,10643058,
Uganda,2022-05-22,"Johnson&Johnson, Moderna, Oxford/AstraZeneca, Pfizer/BioNTech, Sinovac",https://covid19.who.int/,21044430,15753703,10663135,54546
Uganda,2022-06-05,"Johnson&Johnson, Moderna, Oxford/AstraZeneca, Pfizer/BioNTech, Sinovac",https://covid19.who.int/,21268120,15896844,10790397,74990
Uganda,2022-06-19,"Johnson&Johnson, Moderna, Oxford/AstraZeneca, Pfizer/BioNTech, Sinovac",https://covid19.who.int/,21490654,16032667,10966811,78309
Uganda,2022-06-26,"Johnson&Johnson, Moderna, Oxford/AstraZeneca, Pfizer/BioNTech, Sinovac",https://covid19.who.int/,21756456,16226827,11144005,82919
Uganda,2022-07-10,"Johnson&Johnson, Moderna, Oxford/AstraZeneca, Pfizer/BioNTech, Sinovac",https://covid19.who.int/,22965496,16960947,11647306,188743
Uganda,2022-07-17,"Johnson&Johnson, Moderna, Oxford/AstraZeneca, Pfizer/BioNTech, Sinovac",https://covid19.who.int/,23972170,17616836,12029925,309502
Uganda,2022-07-24,"Johnson&Johnson, Moderna, Oxford/AstraZeneca, Pfizer/BioNTech, Sinovac",https://covid19.who.int/,24655406,18081463,12280315,361585
Uganda,2022-08-07,"Johnson&Johnson, Moderna, Oxford/AstraZeneca, Pfizer/BioNTech, Sinovac",https://covid19.who.int/,24859885,18203390,12434786,378659
Uganda,2022-08-21,"Johnson&Johnson, Moderna, Oxford/AstraZeneca, Pfizer/BioNTech, Sinovac",https://covid19.who.int/,25078754,18339496,12527180,391233
Uganda,2022-09-04,"Johnson&Johnson, Moderna, Oxford/AstraZeneca, Pfizer/BioNTech, Sinovac",https://covid19.who.int/,25120036,18386089,12560355,398627
Uganda,2022-09-18,"Johnson&Johnson, Moderna, Oxford/AstraZeneca, Pfizer/BioNTech, Sinovac",https://covid19.who.int/,25273890,18483027,12668841,
Uganda,2022-09-25,"Johnson&Johnson, Moderna, Oxford/AstraZeneca, Pfizer/BioNTech, Sinovac",https://covid19.who.int/,25400085,18582783,12704592,431349
Uganda,2022-10-09,"Johnson&Johnson, Moderna, Oxford/AstraZeneca, Pfizer/BioNTech, Sinovac",https://covid19.who.int/,25783131,18867075,12765601,431349
Uganda,2022-11-27,"Johnson&Johnson, Moderna, Oxford/AstraZeneca, Pfizer/BioNTech, Sinovac",https://covid19.who.int/,26244519,18867075,12950873,431349
Uganda,2022-12-18,"Johnson&Johnson, Moderna, Oxford/AstraZeneca, Pfizer/BioNTech, Sinovac",https://covid19.who.int/,26299538,18867075,12961901,453508
Uganda,2023-01-29,"Johnson&Johnson, Moderna, Oxford/AstraZeneca, Pfizer/BioNTech, Sinovac",https://covid19.who.int/,26299538,19488104,13023635,542628
Uganda,2023-03-26,"Johnson&Johnson, Moderna, Oxford/AstraZeneca, Pfizer/BioNTech, Sinovac",https://covid19.who.int/,26406936,19488104,13043107,745313
Uganda,2023-05-28,"Johnson&Johnson, Moderna, Oxford/AstraZeneca, Pfizer/BioNTech, Sinovac",https://covid19.who.int/,26406936,20033189,13061126,764664
