location,date,vaccine,source_url,total_vaccinations,people_vaccinated,people_fully_vaccinated,total_boosters
Zambia,2021-04-14,Oxford/AstraZeneca,http://www.china.org.cn/world/Off_the_Wire/2021-04/15/content_77410184.htm,0,0,0,
Zambia,2021-04-15,Oxford/AstraZeneca,http://www.china.org.cn/world/Off_the_Wire/2021-04/15/content_77410184.htm,106,106,0,
Zambia,2021-04-18,Oxford/AstraZeneca,https://www.facebook.com/mohzambia/photos/a.773733439467982/1887629464745035/,1316,1316,0,
Zambia,2021-04-19,Oxford/AstraZeneca,https://www.facebook.com/mohzambia/photos/a.773733439467982/1889197721254876/,2114,2114,0,
Zambia,2021-04-20,Oxford/AstraZeneca,https://www.facebook.com/mohzambia/photos/a.773733439467982/1890855324422449/,3391,3391,0,
Zambia,2021-04-21,Oxford/AstraZeneca,https://www.facebook.com/mohzambia/posts/1892039820970666,9006,9006,0,
Zambia,2021-04-22,Oxford/AstraZeneca,https://www.facebook.com/mohzambia/photos/a.773733439467982/1892601637581151/,12543,12543,0,
Zambia,2021-04-25,Oxford/AstraZeneca,https://www.facebook.com/mohzambia/photos/a.773733439467982/1893399114168070/,14012,14012,0,
Zambia,2021-04-28,Oxford/AstraZeneca,https://www.facebook.com/mohzambia/photos/a.773733439467982/1895948947246420/,21919,21919,0,
Zambia,2021-04-29,Oxford/AstraZeneca,https://www.facebook.com/mohzambia/posts/1896610343846947,26580,26580,0,
Zambia,2021-04-30,Oxford/AstraZeneca,https://www.facebook.com/mohzambia/photos/1897572233750758,32034,32034,0,
Zambia,2021-05-02,Oxford/AstraZeneca,https://www.facebook.com/mohzambia/posts/1898990003608981,43147,43147,0,
Zambia,2021-05-03,Oxford/AstraZeneca,https://www.facebook.com/mohzambia/posts/1899365200238128,45740,45740,0,
Zambia,2021-05-04,Oxford/AstraZeneca,https://www.facebook.com/mohzambia/posts/1900093580165290,51784,51784,0,
Zambia,2021-05-05,Oxford/AstraZeneca,https://www.facebook.com/mohzambia/photos/a.133656870142312/1901392276702087,58982,58982,0,
Zambia,2021-05-06,Oxford/AstraZeneca,https://www.facebook.com/mohzambia/photos/a.773733439467982/1901472640027384/,64011,64011,0,
Zambia,2021-05-08,Oxford/AstraZeneca,https://www.facebook.com/mohzambia/posts/1903112073196774,77348,77348,0,
Zambia,2021-05-10,Oxford/AstraZeneca,https://www.facebook.com/mohzambia/photos/a.773733439467982/1904668873041094/,81459,81459,0,
Zambia,2021-05-12,Oxford/AstraZeneca,https://www.facebook.com/mohzambia/photos/a.773733439467982/1906336672874314/,90916,90916,0,
Zambia,2021-05-14,Oxford/AstraZeneca,https://www.facebook.com/mohzambia/posts/1907934516047863,100373,100373,0,
Zambia,2021-05-15,Oxford/AstraZeneca,https://www.facebook.com/mohzambia/posts/1908831159291532,107790,107790,0,
Zambia,2021-05-17,Oxford/AstraZeneca,https://www.facebook.com/mohzambia/posts/1910381975803117,114767,114767,0,
Zambia,2021-05-19,Oxford/AstraZeneca,https://www.facebook.com/mohzambia/posts/1912432108931437,120209,120209,0,
Zambia,2021-05-20,Oxford/AstraZeneca,https://www.facebook.com/mohzambia/posts/1913146328860015,126291,126291,0,
Zambia,2021-05-21,Oxford/AstraZeneca,https://www.facebook.com/mohzambia/posts/1913889952118986,129941,128834,1107,
Zambia,2021-05-22,Oxford/AstraZeneca,https://www.facebook.com/mohzambia/posts/1914754358699212,134832,131633,3199,
Zambia,2021-05-23,Oxford/AstraZeneca,https://www.facebook.com/mohzambia/photos/a.773733439467982/1915861658588482/,138201,133134,5067,
Zambia,2021-05-25,Oxford/AstraZeneca,https://www.facebook.com/mohzambia/posts/1917188885122426,144085,138799,5286,
Zambia,2021-05-26,"Oxford/AstraZeneca, Sinopharm/Beijing",https://www.facebook.com/mohzambia/photos/a.773733439467982/1918127061695275/,145198,139912,5286,
Zambia,2021-05-27,"Oxford/AstraZeneca, Sinopharm/Beijing",https://www.facebook.com/mohzambia/posts/1918859614955353,146129,140843,5286,
Zambia,2021-05-28,"Oxford/AstraZeneca, Sinopharm/Beijing",https://www.facebook.com/mohzambia/posts/1919633931544588,146645,141359,5286,
Zambia,2021-05-29,"Oxford/AstraZeneca, Sinopharm/Beijing",https://www.facebook.com/mohzambia/posts/1920606808113967,147033,141747,5286,
Zambia,2021-06-02,"Oxford/AstraZeneca, Sinopharm/Beijing",https://www.facebook.com/mohzambia/posts/1923567667817881,147115,141829,5286,
Zambia,2021-06-15,"Oxford/AstraZeneca, Sinopharm/Beijing",https://www.facebook.com/mohzambia/posts/1933861003455214,148304,142089,6215,
Zambia,2021-06-24,"Oxford/AstraZeneca, Sinopharm/Beijing",https://www.facebook.com/mohzambia/posts/1933861003455214,149002,142089,6913,
Zambia,2021-06-25,"Oxford/AstraZeneca, Sinopharm/Beijing",https://www.facebook.com/mohzambia/posts/1941332066041441,149699,142089,7610,
Zambia,2021-06-26,"Oxford/AstraZeneca, Sinopharm/Beijing",https://www.facebook.com/mohzambia/posts/1942115845963063,150476,142089,8387,
Zambia,2021-06-27,"Oxford/AstraZeneca, Sinopharm/Beijing",https://www.facebook.com/mohzambia/posts/1942839615890686,151205,142125,9080,
Zambia,2021-06-29,"Oxford/AstraZeneca, Sinopharm/Beijing",https://www.facebook.com/mohzambia/photos/a.773733439467982/1944454879062493/,153106,142125,10981,
Zambia,2021-06-30,"Oxford/AstraZeneca, Sinopharm/Beijing",https://www.facebook.com/mohzambia/posts/1945200695654578,154819,142125,12694,
Zambia,2021-07-01,"Oxford/AstraZeneca, Sinopharm/Beijing",https://www.facebook.com/mohzambia/posts/1945995258908455,156584,142125,14459,
Zambia,2021-07-02,"Oxford/AstraZeneca, Sinopharm/Beijing",https://www.facebook.com/mohzambia/posts/1946744695500178,158786,142125,16661,
Zambia,2021-07-03,"Oxford/AstraZeneca, Sinopharm/Beijing",https://www.facebook.com/mohzambia/posts/1947525802088734,162383,142125,20258,
Zambia,2021-07-04,"Oxford/AstraZeneca, Sinopharm/Beijing",https://www.facebook.com/mohzambia/posts/1948300038677977,164370,142125,22245,
Zambia,2021-07-07,"Oxford/AstraZeneca, Sinopharm/Beijing",https://www.facebook.com/mohzambia/posts/1950498758458105,169922,142198,27724,
Zambia,2021-07-08,"Oxford/AstraZeneca, Sinopharm/Beijing",https://www.facebook.com/mohzambia/posts/1951292851712029,171238,142198,29040,
Zambia,2021-07-09,"Oxford/AstraZeneca, Sinopharm/Beijing",https://www.facebook.com/mohzambia/posts/1952019478306033,175244,142198,33046,
Zambia,2021-07-10,"Oxford/AstraZeneca, Sinopharm/Beijing",https://www.facebook.com/mohzambia/posts/1952808828227098,181219,144457,36762,
Zambia,2021-07-11,"Oxford/AstraZeneca, Sinopharm/Beijing",https://www.facebook.com/mohzambia/photos/a.773733439467982/1953578364816811/,191272,150161,41111,
Zambia,2021-07-12,"Oxford/AstraZeneca, Sinopharm/Beijing",https://www.facebook.com/mohzambia/photos/a.773733439467982/1954298784744769/,197744,155129,42615,
Zambia,2021-07-13,"Oxford/AstraZeneca, Sinopharm/Beijing",https://rtc-planning.maps.arcgis.com/apps/dashboards/3b3a01c1d8444932ba075fb44b119b63,210992,164503,46489,
Zambia,2021-07-14,"Oxford/AstraZeneca, Sinopharm/Beijing",https://rtc-planning.maps.arcgis.com/apps/dashboards/3b3a01c1d8444932ba075fb44b119b63,215784,167816,47968,
Zambia,2021-07-15,"Oxford/AstraZeneca, Sinopharm/Beijing",https://rtc-planning.maps.arcgis.com/apps/dashboards/3b3a01c1d8444932ba075fb44b119b63,243818,189408,54410,
Zambia,2021-07-16,"Oxford/AstraZeneca, Sinopharm/Beijing",https://rtc-planning.maps.arcgis.com/apps/dashboards/3b3a01c1d8444932ba075fb44b119b63,260882,202690,58192,
Zambia,2021-07-17,"Oxford/AstraZeneca, Sinopharm/Beijing",https://rtc-planning.maps.arcgis.com/apps/dashboards/3b3a01c1d8444932ba075fb44b119b63,275253,213237,62016,
Zambia,2021-07-18,"Oxford/AstraZeneca, Sinopharm/Beijing",https://rtc-planning.maps.arcgis.com/apps/dashboards/3b3a01c1d8444932ba075fb44b119b63,283617,219467,64150,
Zambia,2021-07-19,"Oxford/AstraZeneca, Sinopharm/Beijing",https://rtc-planning.maps.arcgis.com/apps/dashboards/3b3a01c1d8444932ba075fb44b119b63,289948,224420,65528,
Zambia,2021-07-20,"Oxford/AstraZeneca, Sinopharm/Beijing",https://rtc-planning.maps.arcgis.com/apps/dashboards/3b3a01c1d8444932ba075fb44b119b63,301220,232383,68837,
Zambia,2021-07-21,"Oxford/AstraZeneca, Sinopharm/Beijing",https://rtc-planning.maps.arcgis.com/apps/dashboards/3b3a01c1d8444932ba075fb44b119b63,312479,243642,68837,
Zambia,2021-07-22,"Oxford/AstraZeneca, Sinopharm/Beijing",https://rtc-planning.maps.arcgis.com/apps/dashboards/3b3a01c1d8444932ba075fb44b119b63,322358,246553,75805,
Zambia,2021-07-24,"Oxford/AstraZeneca, Sinopharm/Beijing",https://rtc-planning.maps.arcgis.com/apps/dashboards/3b3a01c1d8444932ba075fb44b119b63,343223,256059,87164,
Zambia,2021-07-26,"Oxford/AstraZeneca, Sinopharm/Beijing",https://rtc-planning.maps.arcgis.com/apps/dashboards/3b3a01c1d8444932ba075fb44b119b63,361333,266262,95071,
Zambia,2021-07-27,"Oxford/AstraZeneca, Sinopharm/Beijing",https://rtc-planning.maps.arcgis.com/apps/dashboards/3b3a01c1d8444932ba075fb44b119b63,381015,269762,111253,
Zambia,2021-07-28,"Oxford/AstraZeneca, Sinopharm/Beijing",https://rtc-planning.maps.arcgis.com/apps/dashboards/3b3a01c1d8444932ba075fb44b119b63,400639,282556,118083,
Zambia,2021-07-29,"Oxford/AstraZeneca, Sinopharm/Beijing",https://rtc-planning.maps.arcgis.com/apps/dashboards/3b3a01c1d8444932ba075fb44b119b63,413774,283481,130293,
Zambia,2021-07-30,"Oxford/AstraZeneca, Sinopharm/Beijing",https://rtc-planning.maps.arcgis.com/apps/dashboards/3b3a01c1d8444932ba075fb44b119b63,424519,284110,140409,
Zambia,2021-07-31,"Oxford/AstraZeneca, Sinopharm/Beijing",https://rtc-planning.maps.arcgis.com/apps/dashboards/3b3a01c1d8444932ba075fb44b119b63,433716,284700,149016,
Zambia,2021-08-01,"Oxford/AstraZeneca, Sinopharm/Beijing",https://rtc-planning.maps.arcgis.com/apps/dashboards/3b3a01c1d8444932ba075fb44b119b63,438885,285288,153597,
Zambia,2021-08-02,"Oxford/AstraZeneca, Sinopharm/Beijing",https://rtc-planning.maps.arcgis.com/apps/dashboards/3b3a01c1d8444932ba075fb44b119b63,441113,285979,155134,
Zambia,2021-08-03,"Oxford/AstraZeneca, Sinopharm/Beijing",https://rtc-planning.maps.arcgis.com/apps/dashboards/3b3a01c1d8444932ba075fb44b119b63,444574,286967,157607,
Zambia,2021-08-04,"Oxford/AstraZeneca, Sinopharm/Beijing",https://rtc-planning.maps.arcgis.com/apps/dashboards/3b3a01c1d8444932ba075fb44b119b63,454406,289482,164924,
Zambia,2021-08-05,"Oxford/AstraZeneca, Sinopharm/Beijing",https://rtc-planning.maps.arcgis.com/apps/dashboards/3b3a01c1d8444932ba075fb44b119b63,465760,292922,172838,
Zambia,2021-08-06,"Oxford/AstraZeneca, Sinopharm/Beijing",https://rtc-planning.maps.arcgis.com/apps/dashboards/3b3a01c1d8444932ba075fb44b119b63,478129,297173,180956,
Zambia,2021-08-07,"Oxford/AstraZeneca, Sinopharm/Beijing",https://rtc-planning.maps.arcgis.com/apps/dashboards/3b3a01c1d8444932ba075fb44b119b63,490441,302222,188219,
Zambia,2021-08-09,"Oxford/AstraZeneca, Sinopharm/Beijing",https://rtc-planning.maps.arcgis.com/apps/dashboards/3b3a01c1d8444932ba075fb44b119b63,496594,302991,193603,
Zambia,2021-08-10,"Oxford/AstraZeneca, Sinopharm/Beijing",https://rtc-planning.maps.arcgis.com/apps/dashboards/3b3a01c1d8444932ba075fb44b119b63,503707,303966,199741,
Zambia,2021-08-11,"Oxford/AstraZeneca, Sinopharm/Beijing",https://rtc-planning.maps.arcgis.com/apps/dashboards/3b3a01c1d8444932ba075fb44b119b63,511417,305427,205990,
Zambia,2021-08-13,"Oxford/AstraZeneca, Sinopharm/Beijing",https://rtc-planning.maps.arcgis.com/apps/dashboards/3b3a01c1d8444932ba075fb44b119b63,520283,307589,212694,
Zambia,2021-08-15,"Oxford/AstraZeneca, Sinopharm/Beijing",https://rtc-planning.maps.arcgis.com/apps/dashboards/3b3a01c1d8444932ba075fb44b119b63,522150,307725,214425,
Zambia,2021-08-17,"Oxford/AstraZeneca, Sinopharm/Beijing",https://rtc-planning.maps.arcgis.com/apps/dashboards/3b3a01c1d8444932ba075fb44b119b63,527205,308123,219082,
Zambia,2021-08-18,"Oxford/AstraZeneca, Sinopharm/Beijing",https://rtc-planning.maps.arcgis.com/apps/dashboards/3b3a01c1d8444932ba075fb44b119b63,531885,308373,223512,
Zambia,2021-08-19,"Oxford/AstraZeneca, Sinopharm/Beijing",https://rtc-planning.maps.arcgis.com/apps/dashboards/3b3a01c1d8444932ba075fb44b119b63,536479,308604,227875,
Zambia,2021-08-21,"Oxford/AstraZeneca, Sinopharm/Beijing",https://rtc-planning.maps.arcgis.com/apps/dashboards/3b3a01c1d8444932ba075fb44b119b63,548267,309115,239152,
Zambia,2021-08-23,"Oxford/AstraZeneca, Sinopharm/Beijing",https://rtc-planning.maps.arcgis.com/apps/dashboards/3b3a01c1d8444932ba075fb44b119b63,552288,309310,242978,
Zambia,2021-08-24,"Oxford/AstraZeneca, Sinopharm/Beijing",https://rtc-planning.maps.arcgis.com/apps/dashboards/3b3a01c1d8444932ba075fb44b119b63,556766,309532,247234,
Zambia,2021-08-25,"Oxford/AstraZeneca, Sinopharm/Beijing",https://rtc-planning.maps.arcgis.com/apps/dashboards/3b3a01c1d8444932ba075fb44b119b63,558307,309595,248712,
Zambia,2021-08-26,"Oxford/AstraZeneca, Sinopharm/Beijing",https://rtc-planning.maps.arcgis.com/apps/dashboards/3b3a01c1d8444932ba075fb44b119b63,562630,309923,252707,
Zambia,2021-08-27,"Oxford/AstraZeneca, Sinopharm/Beijing",https://rtc-planning.maps.arcgis.com/apps/dashboards/3b3a01c1d8444932ba075fb44b119b63,567261,309940,257321,
Zambia,2021-08-28,"Oxford/AstraZeneca, Sinopharm/Beijing",https://rtc-planning.maps.arcgis.com/apps/dashboards/3b3a01c1d8444932ba075fb44b119b63,571356,309993,261363,
Zambia,2021-08-30,"Oxford/AstraZeneca, Sinopharm/Beijing",https://rtc-planning.maps.arcgis.com/apps/dashboards/3b3a01c1d8444932ba075fb44b119b63,575032,310173,264859,
Zambia,2021-09-02,"Oxford/AstraZeneca, Sinopharm/Beijing",https://rtc-planning.maps.arcgis.com/apps/dashboards/3b3a01c1d8444932ba075fb44b119b63,588857,310574,278283,
Zambia,2021-09-03,"Oxford/AstraZeneca, Sinopharm/Beijing",https://rtc-planning.maps.arcgis.com/apps/dashboards/3b3a01c1d8444932ba075fb44b119b63,592863,310672,282191,
Zambia,2021-09-07,"Oxford/AstraZeneca, Sinopharm/Beijing",https://rtc-planning.maps.arcgis.com/apps/dashboards/3b3a01c1d8444932ba075fb44b119b63,602996,311049,291947,
Zambia,2021-09-16,"Oxford/AstraZeneca, Sinopharm/Beijing",https://rtc-planning.maps.arcgis.com/apps/dashboards/3b3a01c1d8444932ba075fb44b119b63,636600,,,
Zambia,2021-09-18,"Oxford/AstraZeneca, Sinopharm/Beijing",https://rtc-planning.maps.arcgis.com/apps/dashboards/3b3a01c1d8444932ba075fb44b119b63,648103,,,
Zambia,2021-09-23,"Johnson&Johnson, Oxford/AstraZeneca, Sinopharm/Beijing",https://rtc-planning.maps.arcgis.com/apps/dashboards/3b3a01c1d8444932ba075fb44b119b63,670361,,364055,
Zambia,2021-09-26,"Johnson&Johnson, Oxford/AstraZeneca, Sinopharm/Beijing",https://rtc-planning.maps.arcgis.com/apps/dashboards/3b3a01c1d8444932ba075fb44b119b63,699210,,382288,
Zambia,2021-09-27,"Johnson&Johnson, Oxford/AstraZeneca, Sinopharm/Beijing",https://rtc-planning.maps.arcgis.com/apps/dashboards/3b3a01c1d8444932ba075fb44b119b63,702462,,385222,
Zambia,2021-09-28,"Johnson&Johnson, Oxford/AstraZeneca, Sinopharm/Beijing",https://rtc-planning.maps.arcgis.com/apps/dashboards/3b3a01c1d8444932ba075fb44b119b63,711264,,393212,
Zambia,2021-09-29,"Johnson&Johnson, Oxford/AstraZeneca, Sinopharm/Beijing",https://rtc-planning.maps.arcgis.com/apps/dashboards/3b3a01c1d8444932ba075fb44b119b63,720260,,400688,
Zambia,2021-09-30,"Johnson&Johnson, Oxford/AstraZeneca, Sinopharm/Beijing",https://www.facebook.com/mohzambia/photos/pcb.2013756188799028/2013756085465705/,731450,,409481,
Zambia,2021-10-01,"Johnson&Johnson, Oxford/AstraZeneca, Sinopharm/Beijing",https://rtc-planning.maps.arcgis.com/apps/dashboards/3b3a01c1d8444932ba075fb44b119b63,740374,,416471,
Zambia,2021-10-02,"Johnson&Johnson, Oxford/AstraZeneca, Sinopharm/Beijing",https://rtc-planning.maps.arcgis.com/apps/dashboards/3b3a01c1d8444932ba075fb44b119b63,753555,,426393,
Zambia,2021-10-07,"Johnson&Johnson, Oxford/AstraZeneca, Sinopharm/Beijing",https://rtc-planning.maps.arcgis.com/apps/dashboards/3b3a01c1d8444932ba075fb44b119b63,772322,,447308,
Zambia,2021-10-08,"Johnson&Johnson, Oxford/AstraZeneca, Sinopharm/Beijing",https://rtc-planning.maps.arcgis.com/apps/dashboards/3b3a01c1d8444932ba075fb44b119b63,788042,,452842,
Zambia,2021-10-09,"Johnson&Johnson, Oxford/AstraZeneca, Sinopharm/Beijing",https://rtc-planning.maps.arcgis.com/apps/dashboards/3b3a01c1d8444932ba075fb44b119b63,794718,,457622,
Zambia,2021-10-11,"Johnson&Johnson, Oxford/AstraZeneca, Sinopharm/Beijing",https://rtc-planning.maps.arcgis.com/apps/dashboards/3b3a01c1d8444932ba075fb44b119b63,802043,,462835,
Zambia,2021-10-12,"Johnson&Johnson, Oxford/AstraZeneca, Sinopharm/Beijing",https://rtc-planning.maps.arcgis.com/apps/dashboards/3b3a01c1d8444932ba075fb44b119b63,809988,,468818,
Zambia,2021-10-13,"Johnson&Johnson, Oxford/AstraZeneca, Sinopharm/Beijing",https://rtc-planning.maps.arcgis.com/apps/dashboards/3b3a01c1d8444932ba075fb44b119b63,818523,,474970,
Zambia,2021-10-14,"Johnson&Johnson, Oxford/AstraZeneca, Sinopharm/Beijing",https://rtc-planning.maps.arcgis.com/apps/dashboards/3b3a01c1d8444932ba075fb44b119b63,827347,,481342,
Zambia,2021-10-15,"Johnson&Johnson, Oxford/AstraZeneca, Sinopharm/Beijing",https://rtc-planning.maps.arcgis.com/apps/dashboards/3b3a01c1d8444932ba075fb44b119b63,836099,,487528,
Zambia,2021-10-16,"Johnson&Johnson, Oxford/AstraZeneca, Sinopharm/Beijing",https://rtc-planning.maps.arcgis.com/apps/dashboards/3b3a01c1d8444932ba075fb44b119b63,843347,,492678,
Zambia,2021-10-18,"Johnson&Johnson, Oxford/AstraZeneca, Sinopharm/Beijing",https://rtc-planning.maps.arcgis.com/apps/dashboards/3b3a01c1d8444932ba075fb44b119b63,849060,,496527,
Zambia,2021-10-19,"Johnson&Johnson, Oxford/AstraZeneca, Sinopharm/Beijing",https://rtc-planning.maps.arcgis.com/apps/dashboards/3b3a01c1d8444932ba075fb44b119b63,851990,,497977,
Zambia,2021-10-20,"Johnson&Johnson, Oxford/AstraZeneca, Sinopharm/Beijing",https://rtc-planning.maps.arcgis.com/apps/dashboards/3b3a01c1d8444932ba075fb44b119b63,859618,,503538,
Zambia,2021-10-21,"Johnson&Johnson, Oxford/AstraZeneca, Sinopharm/Beijing",https://rtc-planning.maps.arcgis.com/apps/dashboards/3b3a01c1d8444932ba075fb44b119b63,866486,,507911,
Zambia,2021-10-22,"Johnson&Johnson, Oxford/AstraZeneca, Sinopharm/Beijing",https://rtc-planning.maps.arcgis.com/apps/dashboards/3b3a01c1d8444932ba075fb44b119b63,871881,,511004,
Zambia,2021-10-31,"Johnson&Johnson, Oxford/AstraZeneca, Sinopharm/Beijing",https://www.facebook.com/mohzambia/photos/pcb.2037688256405821/2037688146405832/,,,535918,
Zambia,2021-11-01,"Johnson&Johnson, Oxford/AstraZeneca, Sinopharm/Beijing",https://www.facebook.com/mohzambia/photos/pcb.2038376446337002/2038376356337011/,,,538310,
Zambia,2021-11-05,"Johnson&Johnson, Oxford/AstraZeneca, Sinopharm/Beijing",https://www.facebook.com/mohzambia/photos/pcb.2041425242698789/2041425156032131/,,,563482,
Zambia,2021-11-11,"Johnson&Johnson, Oxford/AstraZeneca, Sinopharm/Beijing",https://covid19.who.int/,985443,806611,626900,
Zambia,2021-11-16,"Johnson&Johnson, Oxford/AstraZeneca, Sinopharm/Beijing",https://rtc-planning.maps.arcgis.com/apps/dashboards/3b3a01c1d8444932ba075fb44b119b63,1001286,,,
Zambia,2021-11-17,"Johnson&Johnson, Oxford/AstraZeneca, Sinopharm/Beijing",https://rtc-planning.maps.arcgis.com/apps/dashboards/3b3a01c1d8444932ba075fb44b119b63,1006196,,,
Zambia,2021-11-19,"Johnson&Johnson, Oxford/AstraZeneca, Sinopharm/Beijing",https://rtc-planning.maps.arcgis.com/apps/dashboards/3b3a01c1d8444932ba075fb44b119b63,1024730,,637988,
Zambia,2021-11-22,"Johnson&Johnson, Oxford/AstraZeneca, Sinopharm/Beijing",https://rtc-planning.maps.arcgis.com/apps/dashboards/3b3a01c1d8444932ba075fb44b119b63,1029896,,642598,
Zambia,2021-11-23,"Johnson&Johnson, Oxford/AstraZeneca, Sinopharm/Beijing",https://rtc-planning.maps.arcgis.com/apps/dashboards/3b3a01c1d8444932ba075fb44b119b63,1035796,,647923,
Zambia,2021-11-24,"Johnson&Johnson, Oxford/AstraZeneca, Sinopharm/Beijing",https://rtc-planning.maps.arcgis.com/apps/dashboards/3b3a01c1d8444932ba075fb44b119b63,1057879,,667433,
Zambia,2021-11-27,"Johnson&Johnson, Oxford/AstraZeneca, Sinopharm/Beijing",https://rtc-planning.maps.arcgis.com/apps/dashboards/3b3a01c1d8444932ba075fb44b119b63,1062540,,671006,
Zambia,2021-11-29,"Johnson&Johnson, Oxford/AstraZeneca, Sinopharm/Beijing",https://rtc-planning.maps.arcgis.com/apps/dashboards/3b3a01c1d8444932ba075fb44b119b63,1086607,,691735,
Zambia,2021-12-02,"Johnson&Johnson, Oxford/AstraZeneca, Sinopharm/Beijing",https://rtc-planning.maps.arcgis.com/apps/dashboards/3b3a01c1d8444932ba075fb44b119b63,1109512,,711422,
Zambia,2021-12-03,"Johnson&Johnson, Oxford/AstraZeneca, Sinopharm/Beijing",https://rtc-planning.maps.arcgis.com/apps/dashboards/3b3a01c1d8444932ba075fb44b119b63,1134766,,731770,
Zambia,2021-12-06,"Johnson&Johnson, Oxford/AstraZeneca, Sinopharm/Beijing",https://rtc-planning.maps.arcgis.com/apps/dashboards/3b3a01c1d8444932ba075fb44b119b63,1145089,,740961,
Zambia,2021-12-07,"Johnson&Johnson, Oxford/AstraZeneca, Sinopharm/Beijing",https://rtc-planning.maps.arcgis.com/apps/dashboards/3b3a01c1d8444932ba075fb44b119b63,1153458,,747604,
Zambia,2021-12-08,"Johnson&Johnson, Oxford/AstraZeneca, Sinopharm/Beijing",https://rtc-planning.maps.arcgis.com/apps/dashboards/3b3a01c1d8444932ba075fb44b119b63,1200837,,788134,
Zambia,2021-12-11,"Johnson&Johnson, Oxford/AstraZeneca, Sinopharm/Beijing",https://rtc-planning.maps.arcgis.com/apps/dashboards/3b3a01c1d8444932ba075fb44b119b63,1242193,,821536,
Zambia,2021-12-12,"Johnson&Johnson, Oxford/AstraZeneca, Sinopharm/Beijing",https://rtc-planning.maps.arcgis.com/apps/dashboards/3b3a01c1d8444932ba075fb44b119b63,1253211,,830289,
Zambia,2021-12-13,"Johnson&Johnson, Oxford/AstraZeneca, Sinopharm/Beijing",https://rtc-planning.maps.arcgis.com/apps/dashboards/3b3a01c1d8444932ba075fb44b119b63,1264656,,839615,
Zambia,2021-12-14,"Johnson&Johnson, Oxford/AstraZeneca, Sinopharm/Beijing",https://rtc-planning.maps.arcgis.com/apps/dashboards/3b3a01c1d8444932ba075fb44b119b63,1283096,,854979,
Zambia,2021-12-15,"Johnson&Johnson, Oxford/AstraZeneca, Sinopharm/Beijing",https://rtc-planning.maps.arcgis.com/apps/dashboards/3b3a01c1d8444932ba075fb44b119b63,1311660,,877955,
Zambia,2021-12-16,"Johnson&Johnson, Oxford/AstraZeneca, Sinopharm/Beijing",https://rtc-planning.maps.arcgis.com/apps/dashboards/3b3a01c1d8444932ba075fb44b119b63,1342989,,904201,
Zambia,2021-12-18,"Johnson&Johnson, Oxford/AstraZeneca, Sinopharm/Beijing",https://rtc-planning.maps.arcgis.com/apps/dashboards/3b3a01c1d8444932ba075fb44b119b63,1407055,,956814,
Zambia,2021-12-19,"Johnson&Johnson, Oxford/AstraZeneca, Sinopharm/Beijing",https://rtc-planning.maps.arcgis.com/apps/dashboards/3b3a01c1d8444932ba075fb44b119b63,1424762,,970580,
Zambia,2021-12-20,"Johnson&Johnson, Oxford/AstraZeneca, Sinopharm/Beijing",https://rtc-planning.maps.arcgis.com/apps/dashboards/3b3a01c1d8444932ba075fb44b119b63,1434513,,978860,
Zambia,2021-12-21,"Johnson&Johnson, Oxford/AstraZeneca, Sinopharm/Beijing",https://rtc-planning.maps.arcgis.com/apps/dashboards/3b3a01c1d8444932ba075fb44b119b63,1469501,,1006983,
Zambia,2021-12-22,"Johnson&Johnson, Oxford/AstraZeneca, Sinopharm/Beijing",https://rtc-planning.maps.arcgis.com/apps/dashboards/3b3a01c1d8444932ba075fb44b119b63,1507308,,1038272,
Zambia,2021-12-24,"Johnson&Johnson, Oxford/AstraZeneca, Sinopharm/Beijing",https://rtc-planning.maps.arcgis.com/apps/dashboards/3b3a01c1d8444932ba075fb44b119b63,1574449,,1097097,
Zambia,2021-12-25,"Johnson&Johnson, Oxford/AstraZeneca, Sinopharm/Beijing",https://rtc-planning.maps.arcgis.com/apps/dashboards/3b3a01c1d8444932ba075fb44b119b63,1597020,,,
Zambia,2021-12-29,"Johnson&Johnson, Oxford/AstraZeneca, Sinopharm/Beijing",https://rtc-planning.maps.arcgis.com/apps/dashboards/3b3a01c1d8444932ba075fb44b119b63,1669400,,1171502,
Zambia,2021-12-31,"Johnson&Johnson, Oxford/AstraZeneca, Sinopharm/Beijing",https://rtc-planning.maps.arcgis.com/apps/dashboards/3b3a01c1d8444932ba075fb44b119b63,1730165,,1217415,
Zambia,2022-01-03,"Johnson&Johnson, Oxford/AstraZeneca, Sinopharm/Beijing",https://rtc-planning.maps.arcgis.com/apps/dashboards/3b3a01c1d8444932ba075fb44b119b63,1793721,,1259959,
Zambia,2022-01-05,"Johnson&Johnson, Oxford/AstraZeneca, Sinopharm/Beijing",https://rtc-planning.maps.arcgis.com/apps/dashboards/3b3a01c1d8444932ba075fb44b119b63,1816154,,1276069,
Zambia,2022-01-06,"Johnson&Johnson, Oxford/AstraZeneca, Sinopharm/Beijing",https://rtc-planning.maps.arcgis.com/apps/dashboards/3b3a01c1d8444932ba075fb44b119b63,1842432,,1294582,
Zambia,2022-01-08,"Johnson&Johnson, Oxford/AstraZeneca, Sinopharm/Beijing",https://rtc-planning.maps.arcgis.com/apps/dashboards/3b3a01c1d8444932ba075fb44b119b63,1896642,,1332136,
Zambia,2022-01-10,"Johnson&Johnson, Oxford/AstraZeneca, Sinopharm/Beijing",https://rtc-planning.maps.arcgis.com/apps/dashboards/3b3a01c1d8444932ba075fb44b119b63,1917245,,1346970,
Zambia,2022-01-11,"Johnson&Johnson, Oxford/AstraZeneca, Sinopharm/Beijing",https://rtc-planning.maps.arcgis.com/apps/dashboards/3b3a01c1d8444932ba075fb44b119b63,1967446,,1383464,
Zambia,2022-01-12,"Johnson&Johnson, Oxford/AstraZeneca, Sinopharm/Beijing",https://rtc-planning.maps.arcgis.com/apps/dashboards/3b3a01c1d8444932ba075fb44b119b63,2003194,,1408599,
Zambia,2022-01-13,"Johnson&Johnson, Oxford/AstraZeneca, Sinopharm/Beijing",https://rtc-planning.maps.arcgis.com/apps/dashboards/3b3a01c1d8444932ba075fb44b119b63,2039439,,1434882,
Zambia,2022-01-17,"Johnson&Johnson, Oxford/AstraZeneca, Sinopharm/Beijing",https://rtc-planning.maps.arcgis.com/apps/dashboards/3b3a01c1d8444932ba075fb44b119b63,2171611,,1524811,
Zambia,2022-01-18,"Johnson&Johnson, Oxford/AstraZeneca, Sinopharm/Beijing",https://rtc-planning.maps.arcgis.com/apps/dashboards/3b3a01c1d8444932ba075fb44b119b63,2215416,,1553695,
Zambia,2022-01-19,"Johnson&Johnson, Oxford/AstraZeneca, Sinopharm/Beijing",https://rtc-planning.maps.arcgis.com/apps/dashboards/3b3a01c1d8444932ba075fb44b119b63,2237516,,1568550,
Zambia,2022-01-21,"Johnson&Johnson, Oxford/AstraZeneca, Sinopharm/Beijing",https://rtc-planning.maps.arcgis.com/apps/dashboards/3b3a01c1d8444932ba075fb44b119b63,2258222,,1582151,
Zambia,2022-01-24,"Johnson&Johnson, Oxford/AstraZeneca, Sinopharm/Beijing",https://rtc-planning.maps.arcgis.com/apps/dashboards/3b3a01c1d8444932ba075fb44b119b63,2291351,,1603597,
Zambia,2022-01-25,"Johnson&Johnson, Oxford/AstraZeneca, Sinopharm/Beijing",https://rtc-planning.maps.arcgis.com/apps/dashboards/3b3a01c1d8444932ba075fb44b119b63,2305684,,1612504,
Zambia,2022-01-27,"Johnson&Johnson, Oxford/AstraZeneca, Sinopharm/Beijing",https://rtc-planning.maps.arcgis.com/apps/dashboards/3b3a01c1d8444932ba075fb44b119b63,2337128,,1631552,
Zambia,2022-01-29,"Johnson&Johnson, Oxford/AstraZeneca, Sinopharm/Beijing",https://rtc-planning.maps.arcgis.com/apps/dashboards/3b3a01c1d8444932ba075fb44b119b63,2370615,,1651733,
Zambia,2022-01-31,"Johnson&Johnson, Oxford/AstraZeneca, Sinopharm/Beijing",https://rtc-planning.maps.arcgis.com/apps/dashboards/3b3a01c1d8444932ba075fb44b119b63,2386312,,1660654,
Zambia,2022-02-03,"Johnson&Johnson, Oxford/AstraZeneca, Sinopharm/Beijing",https://rtc-planning.maps.arcgis.com/apps/dashboards/3b3a01c1d8444932ba075fb44b119b63,2434721,,1686721,
Zambia,2022-02-04,"Johnson&Johnson, Oxford/AstraZeneca, Sinopharm/Beijing",https://rtc-planning.maps.arcgis.com/apps/dashboards/3b3a01c1d8444932ba075fb44b119b63,2456611,,1696947,
Zambia,2022-02-07,"Johnson&Johnson, Oxford/AstraZeneca, Sinopharm/Beijing",https://rtc-planning.maps.arcgis.com/apps/dashboards/3b3a01c1d8444932ba075fb44b119b63,2493228,,1713326,
Zambia,2022-02-08,"Johnson&Johnson, Oxford/AstraZeneca, Sinopharm/Beijing",https://rtc-planning.maps.arcgis.com/apps/dashboards/3b3a01c1d8444932ba075fb44b119b63,2510775,,1721293,
Zambia,2022-02-09,"Johnson&Johnson, Oxford/AstraZeneca, Sinopharm/Beijing",https://rtc-planning.maps.arcgis.com/apps/dashboards/3b3a01c1d8444932ba075fb44b119b63,2529814,,1731316,
Zambia,2022-02-10,"Johnson&Johnson, Oxford/AstraZeneca, Sinopharm/Beijing",https://rtc-planning.maps.arcgis.com/apps/dashboards/3b3a01c1d8444932ba075fb44b119b63,2546579,,1739920,
Zambia,2022-02-12,"Johnson&Johnson, Oxford/AstraZeneca, Sinopharm/Beijing",https://rtc-planning.maps.arcgis.com/apps/dashboards/3b3a01c1d8444932ba075fb44b119b63,2580342,,1757415,
Zambia,2022-02-14,"Johnson&Johnson, Oxford/AstraZeneca, Sinopharm/Beijing",https://rtc-planning.maps.arcgis.com/apps/dashboards/3b3a01c1d8444932ba075fb44b119b63,2596867,,1766724,
Zambia,2022-02-16,"Johnson&Johnson, Oxford/AstraZeneca, Sinopharm/Beijing",https://rtc-planning.maps.arcgis.com/apps/dashboards/3b3a01c1d8444932ba075fb44b119b63,2635418,,1787728,
Zambia,2022-02-17,"Johnson&Johnson, Oxford/AstraZeneca, Sinopharm/Beijing",https://africacdc.org/covid-19-vaccination/,,,,23041
Zambia,2022-02-18,"Johnson&Johnson, Oxford/AstraZeneca, Sinopharm/Beijing",https://rtc-planning.maps.arcgis.com/apps/dashboards/3b3a01c1d8444932ba075fb44b119b63,2680149,,1812336,
Zambia,2022-02-20,"Johnson&Johnson, Oxford/AstraZeneca, Sinopharm/Beijing",https://rtc-planning.maps.arcgis.com/apps/dashboards/3b3a01c1d8444932ba075fb44b119b63,2714909,,1829828,
Zambia,2022-02-21,"Johnson&Johnson, Oxford/AstraZeneca, Sinopharm/Beijing",https://rtc-planning.maps.arcgis.com/apps/dashboards/3b3a01c1d8444932ba075fb44b119b63,2724282,,1834300,
Zambia,2022-02-22,"Johnson&Johnson, Oxford/AstraZeneca, Sinopharm/Beijing",https://rtc-planning.maps.arcgis.com/apps/dashboards/3b3a01c1d8444932ba075fb44b119b63,2747841,,1847218,
Zambia,2022-02-23,"Johnson&Johnson, Oxford/AstraZeneca, Sinopharm/Beijing",https://rtc-planning.maps.arcgis.com/apps/dashboards/3b3a01c1d8444932ba075fb44b119b63,2773910,,1859747,
Zambia,2022-02-24,"Johnson&Johnson, Oxford/AstraZeneca, Sinopharm/Beijing",https://africacdc.org/covid-19-vaccination/,,,,28422
Zambia,2022-02-27,"Johnson&Johnson, Oxford/AstraZeneca, Sinopharm/Beijing",https://covid19.who.int/,2822009,2487149,1862614,
Zambia,2022-02-28,"Johnson&Johnson, Oxford/AstraZeneca, Sinopharm/Beijing",https://rtc-planning.maps.arcgis.com/apps/dashboards/3b3a01c1d8444932ba075fb44b119b63,2863132,,1904594,
Zambia,2022-03-01,"Johnson&Johnson, Oxford/AstraZeneca, Sinopharm/Beijing",https://rtc-planning.maps.arcgis.com/apps/dashboards/3b3a01c1d8444932ba075fb44b119b63,2888981,,1917408,
Zambia,2022-03-03,"Johnson&Johnson, Oxford/AstraZeneca, Sinopharm/Beijing",https://covid19.who.int/,,2510296,,
Zambia,2022-03-04,"Johnson&Johnson, Oxford/AstraZeneca, Sinopharm/Beijing",https://africacdc.org/covid-19-vaccination/,,,,33684
Zambia,2022-03-05,"Johnson&Johnson, Oxford/AstraZeneca, Sinopharm/Beijing",https://rtc-planning.maps.arcgis.com/apps/dashboards/3b3a01c1d8444932ba075fb44b119b63,3027612,,1983053,
Zambia,2022-03-08,"Johnson&Johnson, Oxford/AstraZeneca, Sinopharm/Beijing",https://rtc-planning.maps.arcgis.com/apps/dashboards/3b3a01c1d8444932ba075fb44b119b63,3073602,,2007025,
Zambia,2022-03-09,"Johnson&Johnson, Oxford/AstraZeneca, Sinopharm/Beijing",https://rtc-planning.maps.arcgis.com/apps/dashboards/3b3a01c1d8444932ba075fb44b119b63,3085973,,2013903,
Zambia,2022-03-11,"Johnson&Johnson, Oxford/AstraZeneca, Sinopharm/Beijing",https://rtc-planning.maps.arcgis.com/apps/dashboards/3b3a01c1d8444932ba075fb44b119b63,3131843,,2038766,
Zambia,2022-03-13,"Johnson&Johnson, Oxford/AstraZeneca, Sinopharm/Beijing",https://covid19.who.int/,,2740205,,
Zambia,2022-03-14,"Johnson&Johnson, Oxford/AstraZeneca, Sinopharm/Beijing",https://rtc-planning.maps.arcgis.com/apps/dashboards/3b3a01c1d8444932ba075fb44b119b63,3178009,,2063376,
Zambia,2022-03-15,"Johnson&Johnson, Oxford/AstraZeneca, Sinopharm/Beijing",https://covid19.who.int/,,2764508,,
Zambia,2022-03-16,"Johnson&Johnson, Oxford/AstraZeneca, Sinopharm/Beijing",https://rtc-planning.maps.arcgis.com/apps/dashboards/3b3a01c1d8444932ba075fb44b119b63,3216653,,2082989,
Zambia,2022-03-18,"Johnson&Johnson, Oxford/AstraZeneca, Sinopharm/Beijing",https://rtc-planning.maps.arcgis.com/apps/dashboards/3b3a01c1d8444932ba075fb44b119b63,3237700,,2094075,
Zambia,2022-03-19,"Johnson&Johnson, Oxford/AstraZeneca, Sinopharm/Beijing",https://rtc-planning.maps.arcgis.com/apps/dashboards/3b3a01c1d8444932ba075fb44b119b63,3267529,,2109452,
Zambia,2022-03-20,"Johnson&Johnson, Oxford/AstraZeneca, Sinopharm/Beijing",https://covid19.who.int/,,2829929,,
Zambia,2022-03-21,"Johnson&Johnson, Oxford/AstraZeneca, Sinopharm/Beijing",https://rtc-planning.maps.arcgis.com/apps/dashboards/3b3a01c1d8444932ba075fb44b119b63,3288541,,2120529,
Zambia,2022-03-23,"Johnson&Johnson, Oxford/AstraZeneca, Sinopharm/Beijing",https://rtc-planning.maps.arcgis.com/apps/dashboards/3b3a01c1d8444932ba075fb44b119b63,3325582,,2140910,
Zambia,2022-03-24,"Johnson&Johnson, Oxford/AstraZeneca, Sinopharm/Beijing",https://rtc-planning.maps.arcgis.com/apps/dashboards/3b3a01c1d8444932ba075fb44b119b63,3345769,,2152077,
Zambia,2022-03-28,"Johnson&Johnson, Oxford/AstraZeneca, Sinopharm/Beijing",https://rtc-planning.maps.arcgis.com/apps/dashboards/3b3a01c1d8444932ba075fb44b119b63,3390539,,2176230,
Zambia,2022-03-29,"Johnson&Johnson, Oxford/AstraZeneca, Sinopharm/Beijing",https://rtc-planning.maps.arcgis.com/apps/dashboards/3b3a01c1d8444932ba075fb44b119b63,3402612,,,
Zambia,2022-03-30,"Johnson&Johnson, Oxford/AstraZeneca, Sinopharm/Beijing",https://rtc-planning.maps.arcgis.com/apps/dashboards/3b3a01c1d8444932ba075fb44b119b63,3415406,,2180926,
Zambia,2022-03-31,"Johnson&Johnson, Oxford/AstraZeneca, Sinopharm/Beijing",https://rtc-planning.maps.arcgis.com/apps/dashboards/3b3a01c1d8444932ba075fb44b119b63,3431038,,2198910,
Zambia,2022-04-02,"Johnson&Johnson, Oxford/AstraZeneca, Sinopharm/Beijing",https://rtc-planning.maps.arcgis.com/apps/dashboards/3b3a01c1d8444932ba075fb44b119b63,3457873,,2214835,
Zambia,2022-04-04,"Johnson&Johnson, Oxford/AstraZeneca, Sinopharm/Beijing",https://rtc-planning.maps.arcgis.com/apps/dashboards/3b3a01c1d8444932ba075fb44b119b63,3470733,,2222834,
Zambia,2022-04-05,"Johnson&Johnson, Oxford/AstraZeneca, Sinopharm/Beijing",https://rtc-planning.maps.arcgis.com/apps/dashboards/3b3a01c1d8444932ba075fb44b119b63,3478542,,2228486,
Zambia,2022-04-06,"Johnson&Johnson, Oxford/AstraZeneca, Sinopharm/Beijing",https://rtc-planning.maps.arcgis.com/apps/dashboards/3b3a01c1d8444932ba075fb44b119b63,3492504,,2237011,
Zambia,2022-04-07,"Johnson&Johnson, Oxford/AstraZeneca, Sinopharm/Beijing",https://rtc-planning.maps.arcgis.com/apps/dashboards/3b3a01c1d8444932ba075fb44b119b63,3508455,,2246327,
Zambia,2022-04-10,"Johnson&Johnson, Oxford/AstraZeneca, Sinopharm/Beijing",https://rtc-planning.maps.arcgis.com/apps/dashboards/3b3a01c1d8444932ba075fb44b119b63,3508455,,2270434,
Zambia,2022-04-12,"Johnson&Johnson, Oxford/AstraZeneca, Sinopharm/Beijing",https://rtc-planning.maps.arcgis.com/apps/dashboards/3b3a01c1d8444932ba075fb44b119b63,3568887,,2283879,
Zambia,2022-04-13,"Johnson&Johnson, Oxford/AstraZeneca, Sinopharm/Beijing",https://rtc-planning.maps.arcgis.com/apps/dashboards/3b3a01c1d8444932ba075fb44b119b63,3584909,,2293955,
Zambia,2022-04-14,"Johnson&Johnson, Oxford/AstraZeneca, Sinopharm/Beijing",https://rtc-planning.maps.arcgis.com/apps/dashboards/3b3a01c1d8444932ba075fb44b119b63,3601615,,2304064,
Zambia,2022-04-18,"Johnson&Johnson, Oxford/AstraZeneca, Sinopharm/Beijing",https://rtc-planning.maps.arcgis.com/apps/dashboards/3b3a01c1d8444932ba075fb44b119b63,3646431,,2333022,
Zambia,2022-04-20,"Johnson&Johnson, Oxford/AstraZeneca, Sinopharm/Beijing",https://rtc-planning.maps.arcgis.com/apps/dashboards/3b3a01c1d8444932ba075fb44b119b63,3658402,,2340662,
Zambia,2022-04-21,"Johnson&Johnson, Oxford/AstraZeneca, Sinopharm/Beijing",https://rtc-planning.maps.arcgis.com/apps/dashboards/3b3a01c1d8444932ba075fb44b119b63,3696014,,2363095,
Zambia,2022-04-22,"Johnson&Johnson, Oxford/AstraZeneca, Sinopharm/Beijing",https://rtc-planning.maps.arcgis.com/apps/dashboards/3b3a01c1d8444932ba075fb44b119b63,3714453,,2373900,
Zambia,2022-04-27,"Johnson&Johnson, Oxford/AstraZeneca, Sinopharm/Beijing",https://rtc-planning.maps.arcgis.com/apps/dashboards/3b3a01c1d8444932ba075fb44b119b63,3753984,,2398679,
Zambia,2022-04-29,"Johnson&Johnson, Oxford/AstraZeneca, Sinopharm/Beijing",https://rtc-planning.maps.arcgis.com/apps/dashboards/3b3a01c1d8444932ba075fb44b119b63,3787279,,2420028,
Zambia,2022-05-02,"Johnson&Johnson, Oxford/AstraZeneca, Sinopharm/Beijing",https://rtc-planning.maps.arcgis.com/apps/dashboards/3b3a01c1d8444932ba075fb44b119b63,3811966,,2435459,
Zambia,2022-05-03,"Johnson&Johnson, Oxford/AstraZeneca, Sinopharm/Beijing",https://rtc-planning.maps.arcgis.com/apps/dashboards/3b3a01c1d8444932ba075fb44b119b63,3821677,,2440606,
Zambia,2022-05-08,"Johnson&Johnson, Oxford/AstraZeneca, Sinopharm/Beijing",https://covid19.who.int/,,3240892,,
Zambia,2022-05-10,"Johnson&Johnson, Oxford/AstraZeneca, Sinopharm/Beijing",https://rtc-planning.maps.arcgis.com/apps/dashboards/3b3a01c1d8444932ba075fb44b119b63,3901833,,2490313,
Zambia,2022-05-13,"Johnson&Johnson, Oxford/AstraZeneca, Sinopharm/Beijing",https://rtc-planning.maps.arcgis.com/apps/dashboards/3b3a01c1d8444932ba075fb44b119b63,3945245,,2516152,
Zambia,2022-05-14,"Johnson&Johnson, Oxford/AstraZeneca, Sinopharm/Beijing",https://rtc-planning.maps.arcgis.com/apps/dashboards/3b3a01c1d8444932ba075fb44b119b63,3958100,,2523428,
Zambia,2022-05-16,"Johnson&Johnson, Oxford/AstraZeneca, Sinopharm/Beijing",https://rtc-planning.maps.arcgis.com/apps/dashboards/3b3a01c1d8444932ba075fb44b119b63,4029757,,2564717,
Zambia,2022-05-20,"Johnson&Johnson, Oxford/AstraZeneca, Sinopharm/Beijing",https://rtc-planning.maps.arcgis.com/apps/dashboards/3b3a01c1d8444932ba075fb44b119b63,4392293,,2781327,
Zambia,2022-05-22,"Johnson&Johnson, Oxford/AstraZeneca, Sinopharm/Beijing",https://rtc-planning.maps.arcgis.com/apps/dashboards/3b3a01c1d8444932ba075fb44b119b63,4656681,,2935333,
Zambia,2022-05-23,"Johnson&Johnson, Oxford/AstraZeneca, Sinopharm/Beijing",https://rtc-planning.maps.arcgis.com/apps/dashboards/3b3a01c1d8444932ba075fb44b119b63,4719380,,2945410,
Zambia,2022-05-26,"Johnson&Johnson, Oxford/AstraZeneca, Sinopharm/Beijing",https://rtc-planning.maps.arcgis.com/apps/dashboards/3b3a01c1d8444932ba075fb44b119b63,4922782,,3075876,
Zambia,2022-05-27,"Johnson&Johnson, Oxford/AstraZeneca, Sinopharm/Beijing",https://rtc-planning.maps.arcgis.com/apps/dashboards/3b3a01c1d8444932ba075fb44b119b63,5147399,,3210489,
Zambia,2022-05-31,"Johnson&Johnson, Oxford/AstraZeneca, Sinopharm/Beijing",https://rtc-planning.maps.arcgis.com/apps/dashboards/3b3a01c1d8444932ba075fb44b119b63,5251671,,3273876,
Zambia,2022-06-02,"Johnson&Johnson, Oxford/AstraZeneca, Sinopharm/Beijing",https://rtc-planning.maps.arcgis.com/apps/dashboards/3b3a01c1d8444932ba075fb44b119b63,5670376,,3534173,
Zambia,2022-06-03,"Johnson&Johnson, Oxford/AstraZeneca, Sinopharm/Beijing",https://rtc-planning.maps.arcgis.com/apps/dashboards/3b3a01c1d8444932ba075fb44b119b63,5889950,,3674839,
Zambia,2022-06-06,"Johnson&Johnson, Oxford/AstraZeneca, Sinopharm/Beijing",https://rtc-planning.maps.arcgis.com/apps/dashboards/3b3a01c1d8444932ba075fb44b119b63,6032028,,3763926,
Zambia,2022-06-07,"Johnson&Johnson, Oxford/AstraZeneca, Sinopharm/Beijing",https://rtc-planning.maps.arcgis.com/apps/dashboards/3b3a01c1d8444932ba075fb44b119b63,6075116,,3791388,
Zambia,2022-06-08,"Johnson&Johnson, Oxford/AstraZeneca, Sinopharm/Beijing",https://rtc-planning.maps.arcgis.com/apps/dashboards/3b3a01c1d8444932ba075fb44b119b63,6209931,,3878201,
Zambia,2022-06-17,"Johnson&Johnson, Oxford/AstraZeneca, Sinopharm/Beijing",https://rtc-planning.maps.arcgis.com/apps/dashboards/3b3a01c1d8444932ba075fb44b119b63,6675386,,4165002,
Zambia,2022-06-22,"Johnson&Johnson, Oxford/AstraZeneca, Sinopharm/Beijing",https://rtc-planning.maps.arcgis.com/apps/dashboards/3b3a01c1d8444932ba075fb44b119b63,6819302,,4260578,
Zambia,2022-06-23,"Johnson&Johnson, Oxford/AstraZeneca, Sinopharm/Beijing",https://rtc-planning.maps.arcgis.com/apps/dashboards/3b3a01c1d8444932ba075fb44b119b63,6917310,,4329422,
Zambia,2022-06-29,"Johnson&Johnson, Oxford/AstraZeneca, Sinopharm/Beijing",https://rtc-planning.maps.arcgis.com/apps/dashboards/3b3a01c1d8444932ba075fb44b119b63,7103097,,4458897,
Zambia,2022-06-30,"Johnson&Johnson, Oxford/AstraZeneca, Sinopharm/Beijing",https://rtc-planning.maps.arcgis.com/apps/dashboards/3b3a01c1d8444932ba075fb44b119b63,7199179,,4528604,
Zambia,2022-07-07,"Johnson&Johnson, Oxford/AstraZeneca, Sinopharm/Beijing",https://rtc-planning.maps.arcgis.com/apps/dashboards/3b3a01c1d8444932ba075fb44b119b63,7339206,,4623275,
Zambia,2022-07-08,"Johnson&Johnson, Oxford/AstraZeneca, Sinopharm/Beijing",https://rtc-planning.maps.arcgis.com/apps/dashboards/3b3a01c1d8444932ba075fb44b119b63,7404709,,4668257,
Zambia,2022-07-11,"Johnson&Johnson, Oxford/AstraZeneca, Sinopharm/Beijing",https://rtc-planning.maps.arcgis.com/apps/dashboards/3b3a01c1d8444932ba075fb44b119b63,7457234,,4703626,
Zambia,2022-07-18,"Johnson&Johnson, Oxford/AstraZeneca, Sinopharm/Beijing",https://rtc-planning.maps.arcgis.com/apps/dashboards/3b3a01c1d8444932ba075fb44b119b63,7617402,,4811556,
Zambia,2022-07-25,"Johnson&Johnson, Oxford/AstraZeneca, Sinopharm/Beijing",https://rtc-planning.maps.arcgis.com/apps/dashboards/3b3a01c1d8444932ba075fb44b119b63,7789944,,4921621,
Zambia,2022-08-01,"Johnson&Johnson, Oxford/AstraZeneca, Sinopharm/Beijing",https://rtc-planning.maps.arcgis.com/apps/dashboards/3b3a01c1d8444932ba075fb44b119b63,8130436,,5158680,
Zambia,2022-08-07,"Johnson&Johnson, Oxford/AstraZeneca, Sinopharm/Beijing",https://covid19.who.int/,,7540676,,
Zambia,2022-08-12,"Johnson&Johnson, Oxford/AstraZeneca, Sinopharm/Beijing",https://rtc-planning.maps.arcgis.com/apps/dashboards/3b3a01c1d8444932ba075fb44b119b63,8698573,,5552521,
Zambia,2022-08-15,"Johnson&Johnson, Oxford/AstraZeneca, Sinopharm/Beijing",https://rtc-planning.maps.arcgis.com/apps/dashboards/3b3a01c1d8444932ba075fb44b119b63,8721321,,5568318,
Zambia,2022-08-19,"Johnson&Johnson, Oxford/AstraZeneca, Sinopharm/Beijing",https://rtc-planning.maps.arcgis.com/apps/dashboards/3b3a01c1d8444932ba075fb44b119b63,8777822,,5606596,
Zambia,2022-08-22,"Johnson&Johnson, Oxford/AstraZeneca, Sinopharm/Beijing",https://rtc-planning.maps.arcgis.com/apps/dashboards/3b3a01c1d8444932ba075fb44b119b63,8830640,,5642960,
Zambia,2022-08-29,"Johnson&Johnson, Oxford/AstraZeneca, Sinopharm/Beijing",https://rtc-planning.maps.arcgis.com/apps/dashboards/3b3a01c1d8444932ba075fb44b119b63,8922075,,5709477,
Zambia,2022-09-13,"Johnson&Johnson, Oxford/AstraZeneca, Sinopharm/Beijing",https://rtc-planning.maps.arcgis.com/apps/dashboards/3b3a01c1d8444932ba075fb44b119b63,9107742,,5852234,
Zambia,2022-09-19,"Johnson&Johnson, Oxford/AstraZeneca, Sinopharm/Beijing",https://rtc-planning.maps.arcgis.com/apps/dashboards/3b3a01c1d8444932ba075fb44b119b63,9202035,,5926723,
Zambia,2022-09-28,"Johnson&Johnson, Oxford/AstraZeneca, Sinopharm/Beijing",https://rtc-planning.maps.arcgis.com/apps/dashboards/3b3a01c1d8444932ba075fb44b119b63,9408734,,6096991,
Zambia,2022-10-14,"Johnson&Johnson, Oxford/AstraZeneca, Sinopharm/Beijing",https://rtc-planning.maps.arcgis.com/apps/dashboards/3b3a01c1d8444932ba075fb44b119b63,10447737,,6896924,
Zambia,2022-10-17,"Johnson&Johnson, Oxford/AstraZeneca, Sinopharm/Beijing",https://rtc-planning.maps.arcgis.com/apps/dashboards/3b3a01c1d8444932ba075fb44b119b63,11450011,,7655682,
Zambia,2022-10-25,"Johnson&Johnson, Oxford/AstraZeneca, Sinopharm/Beijing",https://rtc-planning.maps.arcgis.com/apps/dashboards/3b3a01c1d8444932ba075fb44b119b63,11907343,,8005103,
Zambia,2022-10-27,"Johnson&Johnson, Oxford/AstraZeneca, Sinopharm/Beijing",https://rtc-planning.maps.arcgis.com/apps/dashboards/3b3a01c1d8444932ba075fb44b119b63,12008116,,8082705,
Zambia,2022-11-03,"Johnson&Johnson, Oxford/AstraZeneca, Sinopharm/Beijing",https://rtc-planning.maps.arcgis.com/apps/dashboards/3b3a01c1d8444932ba075fb44b119b63,12146645,,8190660,
Zambia,2022-11-13,"Johnson&Johnson, Oxford/AstraZeneca, Sinopharm/Beijing",https://covid19.who.int/,,10701845,,
Zambia,2022-11-20,"Johnson&Johnson, Oxford/AstraZeneca, Sinopharm/Beijing",https://covid19.who.int/,,10802844,,
Zambia,2022-12-22,"Johnson&Johnson, Oxford/AstraZeneca, Sinopharm/Beijing",https://rtc-planning.maps.arcgis.com/apps/dashboards/3b3a01c1d8444932ba075fb44b119b63,12583850,,8555745,
Zambia,2023-01-06,"Johnson&Johnson, Oxford/AstraZeneca, Sinopharm/Beijing",https://rtc-planning.maps.arcgis.com/apps/dashboards/3b3a01c1d8444932ba075fb44b119b63,12655676,,8622108,
Zambia,2023-01-15,"Johnson&Johnson, Oxford/AstraZeneca, Sinopharm/Beijing",https://rtc-planning.maps.arcgis.com/apps/dashboards/3b3a01c1d8444932ba075fb44b119b63,12673375,,8638051,
Zambia,2023-02-04,"Johnson&Johnson, Oxford/AstraZeneca, Sinopharm/Beijing",https://rtc-planning.maps.arcgis.com/apps/dashboards/3b3a01c1d8444932ba075fb44b119b63,12722857,,8683142,
Zambia,2023-03-05,"Johnson&Johnson, Oxford/AstraZeneca, Sinopharm/Beijing",https://covid19.who.int/,,11158619,,
Zambia,2023-03-15,"Johnson&Johnson, Oxford/AstraZeneca, Sinopharm/Beijing",https://rtc-planning.maps.arcgis.com/apps/dashboards/3b3a01c1d8444932ba075fb44b119b63,12792112,,8747040,
Zambia,2023-04-09,"Johnson&Johnson, Oxford/AstraZeneca, Sinopharm/Beijing",https://covid19.who.int/,,11637730,,
Zambia,2023-05-22,"Johnson&Johnson, Oxford/AstraZeneca, Sinopharm/Beijing",https://rtc-planning.maps.arcgis.com/apps/dashboards/3b3a01c1d8444932ba075fb44b119b63,13454213,,9213802,
Zambia,2023-06-25,"Johnson&Johnson, Oxford/AstraZeneca, Sinopharm/Beijing",https://covid19.who.int/,,11711565,,
